participant_id,trial_index,sequence_a,sequence_b,chose_left,chose_right,model,n_a,h_a,alts_a,max_run_a,rep_motifs_a,alt_motifs_a,n_b,h_b,alts_b,max_run_b,rep_motifs_b,alt_motifs_b,p_a,p_alts_a,max_run_norm_a,imbalance_a,periodicity_a,p_b,p_alts_b,max_run_norm_b,imbalance_b,periodicity_b
0,0,TH,THHHHHTH,1,0,closed:default,2,1,1,1,0,1,8,6,3,5,2,1,0.5,1.0,0.0,0.0,0.0,0.75,0.42857142857142855,0.5714285714285714,0.5,0.75
0,1,HHTT,THTTHT,0,1,closed:default,4,2,1,2,2,0,6,2,4,2,1,2,0.5,0.3333333333333333,0.3333333333333333,0.0,0.0,0.3333333333333333,0.8,0.2,0.33333333333333337,1.0
0,2,HT,HTHHHHHT,1,0,closed:default,2,1,1,1,0,1,8,6,3,5,2,1,0.5,1.0,0.0,0.0,0.0,0.75,0.42857142857142855,0.5714285714285714,0.5,0.75
0,3,TH,HTHHHTHH,1,0,closed:default,2,1,1,1,0,1,8,6,4,3,3,1,0.5,1.0,0.0,0.0,0.0,0.75,0.5714285714285714,0.2857142857142857,0.5,1.0
0,4,HT,THTTTTTH,1,0,closed:default,2,1,1,1,0,1,8,2,3,5,2,1,0.5,1.0,0.0,0.0,0.0,0.25,0.42857142857142855,0.5714285714285714,0.5,0.75
0,5,TTHH,HTTHTTHT,0,1,closed:default,4,2,1,2,2,0,8,3,5,2,4,1,0.5,0.3333333333333333,0.3333333333333333,0.0,0.0,0.375,0.7142857142857143,0.14285714285714285,0.25,1.0
0,6,HT,HTHTTT,1,0,closed:default,2,1,1,1,0,1,6,2,3,3,1,1,0.5,1.0,0.0,0.0,0.0,0.3333333333333333,0.6,0.4,0.33333333333333337,0.6666666666666667
0,7,HT,THHHTH,1,0,closed:default,2,1,1,1,0,1,6,4,3,3,2,1,0.5,1.0,0.0,0.0,0.0,0.6666666666666666,0.6,0.4,0.33333333333333326,0.6666666666666667
0,8,HT,HTHTTTH,1,0,closed:default,2,1,1,1,0,1,7,3,4,3,2,1,0.5,1.0,0.0,0.0,0.0,0.42857142857142855,0.6666666666666666,0.3333333333333333,0.1428571428571429,0.7142857142857142
0,9,HT,HTHHHT,0,1,closed:default,2,1,1,1,0,1,6,4,3,3,2,1,0.5,1.0,0.0,0.0,0.0,0.6666666666666666,0.6,0.4,0.33333333333333326,0.6666666666666667
0,10,HT,THHHTHT,1,0,closed:default,2,1,1,1,0,1,7,4,4,3,2,1,0.5,1.0,0.0,0.0,0.0,0.5714285714285714,0.6666666666666666,0.3333333333333333,0.1428571428571428,0.7142857142857142
0,11,HT,HHTHHHTH,1,0,closed:default,2,1,1,1,0,1,8,6,4,3,3,1,0.5,1.0,0.0,0.0,0.0,0.75,0.5714285714285714,0.2857142857142857,0.5,1.0
0,12,HT,TTTHTT,1,0,closed:default,2,1,1,1,0,1,6,1,2,3,3,0,0.5,1.0,0.0,0.0,0.0,0.16666666666666666,0.4,0.4,0.6666666666666667,0.6666666666666667
0,13,HT,HTTHHHTH,1,0,closed:default,2,1,1,1,0,1,8,5,4,3,3,1,0.5,1.0,0.0,0.0,0.0,0.625,0.5714285714285714,0.2857142857142857,0.25,0.75
0,14,TH,HTTTTTHT,1,0,closed:default,2,1,1,1,0,1,8,2,3,5,2,1,0.5,1.0,0.0,0.0,0.0,0.25,0.42857142857142855,0.5714285714285714,0.5,0.75
0,15,TH,THTHHHTH,1,0,closed:default,2,1,1,1,0,1,8,5,5,3,1,2,0.5,1.0,0.0,0.0,0.0,0.625,0.7142857142857143,0.2857142857142857,0.25,0.75
0,16,HT,HHHTHHHT,1,0,closed:default,2,1,1,1,0,1,8,6,3,3,4,0,0.5,1.0,0.0,0.0,0.0,0.75,0.42857142857142855,0.2857142857142857,0.5,1.0
0,17,HT,THHHHHTH,1,0,closed:default,2,1,1,1,0,1,8,6,3,5,2,1,0.5,1.0,0.0,0.0,0.0,0.75,0.42857142857142855,0.5714285714285714,0.5,0.75
0,18,HT,HTTTH,1,0,closed:default,2,1,1,1,0,1,5,2,2,3,3,0,0.5,1.0,0.0,0.0,0.0,0.4,0.5,0.5,0.19999999999999996,0.6000000000000001
0,19,TH,HTHHHT,1,0,closed:default,2,1,1,1,0,1,6,4,3,3,2,1,0.5,1.0,0.0,0.0,0.0,0.6666666666666666,0.6,0.4,0.33333333333333326,0.6666666666666667
0,20,TTHH,THTTHTTH,0,1,closed:default,4,2,1,2,2,0,8,3,5,2,4,1,0.5,0.3333333333333333,0.3333333333333333,0.0,0.0,0.375,0.7142857142857143,0.14285714285714285,0.25,1.0
0,21,HT,TTTHTTTH,1,0,closed:default,2,1,1,1,0,1,8,2,3,3,4,0,0.5,1.0,0.0,0.0,0.0,0.25,0.42857142857142855,0.2857142857142857,0.5,1.0
0,22,TH,HTTHHTTH,1,0,closed:default,2,1,1,1,0,1,8,4,4,2,5,0,0.5,1.0,0.0,0.0,0.0,0.5,0.5714285714285714,0.14285714285714285,0.0,1.0
0,23,TTTHHHH,THHHHHTH,0,1,closed:default,7,4,1,4,2,0,8,6,3,5,2,1,0.5714285714285714,0.16666666666666666,0.5,0.1428571428571428,0.0,0.75,0.42857142857142855,0.5714285714285714,0.5,0.75
0,24,HT,THHHHTHH,1,0,closed:default,2,1,1,1,0,1,8,6,3,4,4,0,0.5,1.0,0.0,0.0,0.0,0.75,0.42857142857142855,0.42857142857142855,0.5,0.5
0,25,HHHHTHH,HTHTHTHT,0,1,closed:default,7,6,2,4,3,0,8,4,7,1,0,1,0.8571428571428571,0.3333333333333333,0.5,0.7142857142857142,0.7142857142857142,0.5,1.0,0.0,0.0,1.0
0,26,HT,TTHHTTHH,1,0,closed:default,2,1,1,1,0,1,8,4,3,2,4,0,0.5,1.0,0.0,0.0,0.0,0.5,0.42857142857142855,0.14285714285714285,0.0,1.0
0,27,HT,HHTTHTHH,1,0,closed:default,2,1,1,1,0,1,8,5,4,2,3,1,0.5,1.0,0.0,0.0,0.0,0.625,0.5714285714285714,0.14285714285714285,0.25,0.75
0,28,TTTHHHH,HTHHHHHT,0,1,closed:default,7,4,1,4,2,0,8,6,3,5,2,1,0.5714285714285714,0.16666666666666666,0.5,0.1428571428571428,0.0,0.75,0.42857142857142855,0.5714285714285714,0.5,0.75
0,29,TH,HTHTHTTT,0,1,closed:default,2,1,1,1,0,1,8,3,5,3,1,1,0.5,1.0,0.0,0.0,0.0,0.375,0.7142857142857143,0.2857142857142857,0.25,0.75
0,30,TH,THHTHHT,0,1,closed:default,2,1,1,1,0,1,7,4,4,2,5,0,0.5,1.0,0.0,0.0,0.0,0.5714285714285714,0.6666666666666666,0.16666666666666666,0.1428571428571428,1.0
0,31,TH,THTHTTT,1,0,closed:default,2,1,1,1,0,1,7,2,4,3,1,1,0.5,1.0,0.0,0.0,0.0,0.2857142857142857,0.6666666666666666,0.3333333333333333,0.4285714285714286,0.7142857142857142
1,0,TH,THHHHHTH,1,0,closed:default,2,1,1,1,0,1,8,6,3,5,2,1,0.5,1.0,0.0,0.0,0.0,0.75,0.42857142857142855,0.5714285714285714,0.5,0.75
1,1,HHTT,THTTHT,0,1,closed:default,4,2,1,2,2,0,6,2,4,2,1,2,0.5,0.3333333333333333,0.3333333333333333,0.0,0.0,0.3333333333333333,0.8,0.2,0.33333333333333337,1.0
1,2,HT,HTHHHHHT,1,0,closed:default,2,1,1,1,0,1,8,6,3,5,2,1,0.5,1.0,0.0,0.0,0.0,0.75,0.42857142857142855,0.5714285714285714,0.5,0.75
1,3,TH,HTHHHTHH,1,0,closed:default,2,1,1,1,0,1,8,6,4,3,3,1,0.5,1.0,0.0,0.0,0.0,0.75,0.5714285714285714,0.2857142857142857,0.5,1.0
1,4,HT,THTTTTTH,1,0,closed:default,2,1,1,1,0,1,8,2,3,5,2,1,0.5,1.0,0.0,0.0,0.0,0.25,0.42857142857142855,0.5714285714285714,0.5,0.75
1,5,TTHH,HTTHTTHT,0,1,closed:default,4,2,1,2,2,0,8,3,5,2,4,1,0.5,0.3333333333333333,0.3333333333333333,0.0,0.0,0.375,0.7142857142857143,0.14285714285714285,0.25,1.0
1,6,HT,HTHTTT,1,0,closed:default,2,1,1,1,0,1,6,2,3,3,1,1,0.5,1.0,0.0,0.0,0.0,0.3333333333333333,0.6,0.4,0.33333333333333337,0.6666666666666667
1,7,HT,THHHTH,1,0,closed:default,2,1,1,1,0,1,6,4,3,3,2,1,0.5,1.0,0.0,0.0,0.0,0.6666666666666666,0.6,0.4,0.33333333333333326,0.6666666666666667
1,8,HT,HTHTTTH,0,1,closed:default,2,1,1,1,0,1,7,3,4,3,2,1,0.5,1.0,0.0,0.0,0.0,0.42857142857142855,0.6666666666666666,0.3333333333333333,0.1428571428571429,0.7142857142857142
1,9,HT,HTHHHT,1,0,closed:default,2,1,1,1,0,1,6,4,3,3,2,1,0.5,1.0,0.0,0.0,0.0,0.6666666666666666,0.6,0.4,0.33333333333333326,0.6666666666666667
1,10,HT,THHHTHT,1,0,closed:default,2,1,1,1,0,1,7,4,4,3,2,1,0.5,1.0,0.0,0.0,0.0,0.5714285714285714,0.6666666666666666,0.3333333333333333,0.1428571428571428,0.7142857142857142
1,11,HT,HHTHHHTH,1,0,closed:default,2,1,1,1,0,1,8,6,4,3,3,1,0.5,1.0,0.0,0.0,0.0,0.75,0.5714285714285714,0.2857142857142857,0.5,1.0
1,12,HT,TTTHTT,1,0,closed:default,2,1,1,1,0,1,6,1,2,3,3,0,0.5,1.0,0.0,0.0,0.0,0.16666666666666666,0.4,0.4,0.6666666666666667,0.6666666666666667
1,13,HT,HTTHHHTH,1,0,closed:default,2,1,1,1,0,1,8,5,4,3,3,1,0.5,1.0,0.0,0.0,0.0,0.625,0.5714285714285714,0.2857142857142857,0.25,0.75
1,14,TH,HTTTTTHT,1,0,closed:default,2,1,1,1,0,1,8,2,3,5,2,1,0.5,1.0,0.0,0.0,0.0,0.25,0.42857142857142855,0.5714285714285714,0.5,0.75
1,15,TH,THTHHHTH,0,1,closed:default,2,1,1,1,0,1,8,5,5,3,1,2,0.5,1.0,0.0,0.0,0.0,0.625,0.7142857142857143,0.2857142857142857,0.25,0.75
1,16,HT,HHHTHHHT,1,0,closed:default,2,1,1,1,0,1,8,6,3,3,4,0,0.5,1.0,0.0,0.0,0.0,0.75,0.42857142857142855,0.2857142857142857,0.5,1.0
1,17,HT,THHHHHTH,1,0,closed:default,2,1,1,1,0,1,8,6,3,5,2,1,0.5,1.0,0.0,0.0,0.0,0.75,0.42857142857142855,0.5714285714285714,0.5,0.75
1,18,HT,HTTTH,1,0,closed:default,2,1,1,1,0,1,5,2,2,3,3,0,0.5,1.0,0.0,0.0,0.0,0.4,0.5,0.5,0.19999999999999996,0.6000000000000001
1,19,TH,HTHHHT,1,0,closed:default,2,1,1,1,0,1,6,4,3,3,2,1,0.5,1.0,0.0,0.0,0.0,0.6666666666666666,0.6,0.4,0.33333333333333326,0.6666666666666667
1,20,TTHH,THTTHTTH,0,1,closed:default,4,2,1,2,2,0,8,3,5,2,4,1,0.5,0.3333333333333333,0.3333333333333333,0.0,0.0,0.375,0.7142857142857143,0.14285714285714285,0.25,1.0
1,21,HT,TTTHTTTH,1,0,closed:default,2,1,1,1,0,1,8,2,3,3,4,0,0.5,1.0,0.0,0.0,0.0,0.25,0.42857142857142855,0.2857142857142857,0.5,1.0
1,22,TH,HTTHHTTH,1,0,closed:default,2,1,1,1,0,1,8,4,4,2,5,0,0.5,1.0,0.0,0.0,0.0,0.5,0.5714285714285714,0.14285714285714285,0.0,1.0
1,23,TTTHHHH,THHHHHTH,0,1,closed:default,7,4,1,4,2,0,8,6,3,5,2,1,0.5714285714285714,0.16666666666666666,0.5,0.1428571428571428,0.0,0.75,0.42857142857142855,0.5714285714285714,0.5,0.75
1,24,HT,THHHHTHH,1,0,closed:default,2,1,1,1,0,1,8,6,3,4,4,0,0.5,1.0,0.0,0.0,0.0,0.75,0.42857142857142855,0.42857142857142855,0.5,0.5
1,25,HHHHTHH,HTHTHTHT,0,1,closed:default,7,6,2,4,3,0,8,4,7,1,0,1,0.8571428571428571,0.3333333333333333,0.5,0.7142857142857142,0.7142857142857142,0.5,1.0,0.0,0.0,1.0
1,26,HT,TTHHTTHH,1,0,closed:default,2,1,1,1,0,1,8,4,3,2,4,0,0.5,1.0,0.0,0.0,0.0,0.5,0.42857142857142855,0.14285714285714285,0.0,1.0
1,27,HT,HHTTHTHH,1,0,closed:default,2,1,1,1,0,1,8,5,4,2,3,1,0.5,1.0,0.0,0.0,0.0,0.625,0.5714285714285714,0.14285714285714285,0.25,0.75
1,28,TTTHHHH,HTHHHHHT,0,1,closed:default,7,4,1,4,2,0,8,6,3,5,2,1,0.5714285714285714,0.16666666666666666,0.5,0.1428571428571428,0.0,0.75,0.42857142857142855,0.5714285714285714,0.5,0.75
1,29,TH,HTHTHTTT,0,1,closed:default,2,1,1,1,0,1,8,3,5,3,1,1,0.5,1.0,0.0,0.0,0.0,0.375,0.7142857142857143,0.2857142857142857,0.25,0.75
1,30,TH,THHTHHT,1,0,closed:default,2,1,1,1,0,1,7,4,4,2,5,0,0.5,1.0,0.0,0.0,0.0,0.5714285714285714,0.6666666666666666,0.16666666666666666,0.1428571428571428,1.0
1,31,TH,THTHTTT,1,0,closed:default,2,1,1,1,0,1,7,2,4,3,1,1,0.5,1.0,0.0,0.0,0.0,0.2857142857142857,0.6666666666666666,0.3333333333333333,0.4285714285714286,0.7142857142857142
2,0,TH,THHHHHTH,1,0,closed:default,2,1,1,1,0,1,8,6,3,5,2,1,0.5,1.0,0.0,0.0,0.0,0.75,0.42857142857142855,0.5714285714285714,0.5,0.75
2,1,HHTT,THTTHT,0,1,closed:default,4,2,1,2,2,0,6,2,4,2,1,2,0.5,0.3333333333333333,0.3333333333333333,0.0,0.0,0.3333333333333333,0.8,0.2,0.33333333333333337,1.0
2,2,HT,HTHHHHHT,1,0,closed:default,2,1,1,1,0,1,8,6,3,5,2,1,0.5,1.0,0.0,0.0,0.0,0.75,0.42857142857142855,0.5714285714285714,0.5,0.75
2,3,TH,HTHHHTHH,1,0,closed:default,2,1,1,1,0,1,8,6,4,3,3,1,0.5,1.0,0.0,0.0,0.0,0.75,0.5714285714285714,0.2857142857142857,0.5,1.0
2,4,HT,THTTTTTH,1,0,closed:default,2,1,1,1,0,1,8,2,3,5,2,1,0.5,1.0,0.0,0.0,0.0,0.25,0.42857142857142855,0.5714285714285714,0.5,0.75
2,5,TTHH,HTTHTTHT,0,1,closed:default,4,2,1,2,2,0,8,3,5,2,4,1,0.5,0.3333333333333333,0.3333333333333333,0.0,0.0,0.375,0.7142857142857143,0.14285714285714285,0.25,1.0
2,6,HT,HTHTTT,1,0,closed:default,2,1,1,1,0,1,6,2,3,3,1,1,0.5,1.0,0.0,0.0,0.0,0.3333333333333333,0.6,0.4,0.33333333333333337,0.6666666666666667
2,7,HT,THHHTH,1,0,closed:default,2,1,1,1,0,1,6,4,3,3,2,1,0.5,1.0,0.0,0.0,0.0,0.6666666666666666,0.6,0.4,0.33333333333333326,0.6666666666666667
2,8,HT,HTHTTTH,0,1,closed:default,2,1,1,1,0,1,7,3,4,3,2,1,0.5,1.0,0.0,0.0,0.0,0.42857142857142855,0.6666666666666666,0.3333333333333333,0.1428571428571429,0.7142857142857142
2,9,HT,HTHHHT,1,0,closed:default,2,1,1,1,0,1,6,4,3,3,2,1,0.5,1.0,0.0,0.0,0.0,0.6666666666666666,0.6,0.4,0.33333333333333326,0.6666666666666667
2,10,HT,THHHTHT,1,0,closed:default,2,1,1,1,0,1,7,4,4,3,2,1,0.5,1.0,0.0,0.0,0.0,0.5714285714285714,0.6666666666666666,0.3333333333333333,0.1428571428571428,0.7142857142857142
2,11,HT,HHTHHHTH,1,0,closed:default,2,1,1,1,0,1,8,6,4,3,3,1,0.5,1.0,0.0,0.0,0.0,0.75,0.5714285714285714,0.2857142857142857,0.5,1.0
2,12,HT,TTTHTT,1,0,closed:default,2,1,1,1,0,1,6,1,2,3,3,0,0.5,1.0,0.0,0.0,0.0,0.16666666666666666,0.4,0.4,0.6666666666666667,0.6666666666666667
2,13,HT,HTTHHHTH,1,0,closed:default,2,1,1,1,0,1,8,5,4,3,3,1,0.5,1.0,0.0,0.0,0.0,0.625,0.5714285714285714,0.2857142857142857,0.25,0.75
2,14,TH,HTTTTTHT,1,0,closed:default,2,1,1,1,0,1,8,2,3,5,2,1,0.5,1.0,0.0,0.0,0.0,0.25,0.42857142857142855,0.5714285714285714,0.5,0.75
2,15,TH,THTHHHTH,0,1,closed:default,2,1,1,1,0,1,8,5,5,3,1,2,0.5,1.0,0.0,0.0,0.0,0.625,0.7142857142857143,0.2857142857142857,0.25,0.75
2,16,HT,HHHTHHHT,1,0,closed:default,2,1,1,1,0,1,8,6,3,3,4,0,0.5,1.0,0.0,0.0,0.0,0.75,0.42857142857142855,0.2857142857142857,0.5,1.0
2,17,HT,THHHHHTH,1,0,closed:default,2,1,1,1,0,1,8,6,3,5,2,1,0.5,1.0,0.0,0.0,0.0,0.75,0.42857142857142855,0.5714285714285714,0.5,0.75
2,18,HT,HTTTH,1,0,closed:default,2,1,1,1,0,1,5,2,2,3,3,0,0.5,1.0,0.0,0.0,0.0,0.4,0.5,0.5,0.19999999999999996,0.6000000000000001
2,19,TH,HTHHHT,1,0,closed:default,2,1,1,1,0,1,6,4,3,3,2,1,0.5,1.0,0.0,0.0,0.0,0.6666666666666666,0.6,0.4,0.33333333333333326,0.6666666666666667
2,20,TTHH,THTTHTTH,0,1,closed:default,4,2,1,2,2,0,8,3,5,2,4,1,0.5,0.3333333333333333,0.3333333333333333,0.0,0.0,0.375,0.7142857142857143,0.14285714285714285,0.25,1.0
2,21,HT,TTTHTTTH,1,0,closed:default,2,1,1,1,0,1,8,2,3,3,4,0,0.5,1.0,0.0,0.0,0.0,0.25,0.42857142857142855,0.2857142857142857,0.5,1.0
2,22,TH,HTTHHTTH,1,0,closed:default,2,1,1,1,0,1,8,4,4,2,5,0,0.5,1.0,0.0,0.0,0.0,0.5,0.5714285714285714,0.14285714285714285,0.0,1.0
2,23,TTTHHHH,THHHHHTH,0,1,closed:default,7,4,1,4,2,0,8,6,3,5,2,1,0.5714285714285714,0.16666666666666666,0.5,0.1428571428571428,0.0,0.75,0.42857142857142855,0.5714285714285714,0.5,0.75
2,24,HT,THHHHTHH,1,0,closed:default,2,1,1,1,0,1,8,6,3,4,4,0,0.5,1.0,0.0,0.0,0.0,0.75,0.42857142857142855,0.42857142857142855,0.5,0.5
2,25,HHHHTHH,HTHTHTHT,0,1,closed:default,7,6,2,4,3,0,8,4,7,1,0,1,0.8571428571428571,0.3333333333333333,0.5,0.7142857142857142,0.7142857142857142,0.5,1.0,0.0,0.0,1.0
2,26,HT,TTHHTTHH,1,0,closed:default,2,1,1,1,0,1,8,4,3,2,4,0,0.5,1.0,0.0,0.0,0.0,0.5,0.42857142857142855,0.14285714285714285,0.0,1.0
2,27,HT,HHTTHTHH,1,0,closed:default,2,1,1,1,0,1,8,5,4,2,3,1,0.5,1.0,0.0,0.0,0.0,0.625,0.5714285714285714,0.14285714285714285,0.25,0.75
2,28,TTTHHHH,HTHHHHHT,0,1,closed:default,7,4,1,4,2,0,8,6,3,5,2,1,0.5714285714285714,0.16666666666666666,0.5,0.1428571428571428,0.0,0.75,0.42857142857142855,0.5714285714285714,0.5,0.75
2,29,TH,HTHTHTTT,0,1,closed:default,2,1,1,1,0,1,8,3,5,3,1,1,0.5,1.0,0.0,0.0,0.0,0.375,0.7142857142857143,0.2857142857142857,0.25,0.75
2,30,TH,THHTHHT,1,0,closed:default,2,1,1,1,0,1,7,4,4,2,5,0,0.5,1.0,0.0,0.0,0.0,0.5714285714285714,0.6666666666666666,0.16666666666666666,0.1428571428571428,1.0
2,31,TH,THTHTTT,1,0,closed:default,2,1,1,1,0,1,7,2,4,3,1,1,0.5,1.0,0.0,0.0,0.0,0.2857142857142857,0.6666666666666666,0.3333333333333333,0.4285714285714286,0.7142857142857142
3,0,TH,THHHHHTH,1,0,closed:default,2,1,1,1,0,1,8,6,3,5,2,1,0.5,1.0,0.0,0.0,0.0,0.75,0.42857142857142855,0.5714285714285714,0.5,0.75
3,1,HHTT,THTTHT,0,1,closed:default,4,2,1,2,2,0,6,2,4,2,1,2,0.5,0.3333333333333333,0.3333333333333333,0.0,0.0,0.3333333333333333,0.8,0.2,0.33333333333333337,1.0
3,2,HT,HTHHHHHT,1,0,closed:default,2,1,1,1,0,1,8,6,3,5,2,1,0.5,1.0,0.0,0.0,0.0,0.75,0.42857142857142855,0.5714285714285714,0.5,0.75
3,3,TH,HTHHHTHH,1,0,closed:default,2,1,1,1,0,1,8,6,4,3,3,1,0.5,1.0,0.0,0.0,0.0,0.75,0.5714285714285714,0.2857142857142857,0.5,1.0
3,4,HT,THTTTTTH,1,0,closed:default,2,1,1,1,0,1,8,2,3,5,2,1,0.5,1.0,0.0,0.0,0.0,0.25,0.42857142857142855,0.5714285714285714,0.5,0.75
3,5,TTHH,HTTHTTHT,0,1,closed:default,4,2,1,2,2,0,8,3,5,2,4,1,0.5,0.3333333333333333,0.3333333333333333,0.0,0.0,0.375,0.7142857142857143,0.14285714285714285,0.25,1.0
3,6,HT,HTHTTT,1,0,closed:default,2,1,1,1,0,1,6,2,3,3,1,1,0.5,1.0,0.0,0.0,0.0,0.3333333333333333,0.6,0.4,0.33333333333333337,0.6666666666666667
3,7,HT,THHHTH,1,0,closed:default,2,1,1,1,0,1,6,4,3,3,2,1,0.5,1.0,0.0,0.0,0.0,0.6666666666666666,0.6,0.4,0.33333333333333326,0.6666666666666667
3,8,HT,HTHTTTH,0,1,closed:default,2,1,1,1,0,1,7,3,4,3,2,1,0.5,1.0,0.0,0.0,0.0,0.42857142857142855,0.6666666666666666,0.3333333333333333,0.1428571428571429,0.7142857142857142
3,9,HT,HTHHHT,1,0,closed:default,2,1,1,1,0,1,6,4,3,3,2,1,0.5,1.0,0.0,0.0,0.0,0.6666666666666666,0.6,0.4,0.33333333333333326,0.6666666666666667
3,10,HT,THHHTHT,1,0,closed:default,2,1,1,1,0,1,7,4,4,3,2,1,0.5,1.0,0.0,0.0,0.0,0.5714285714285714,0.6666666666666666,0.3333333333333333,0.1428571428571428,0.7142857142857142
3,11,HT,HHTHHHTH,1,0,closed:default,2,1,1,1,0,1,8,6,4,3,3,1,0.5,1.0,0.0,0.0,0.0,0.75,0.5714285714285714,0.2857142857142857,0.5,1.0
3,12,HT,TTTHTT,1,0,closed:default,2,1,1,1,0,1,6,1,2,3,3,0,0.5,1.0,0.0,0.0,0.0,0.16666666666666666,0.4,0.4,0.6666666666666667,0.6666666666666667
3,13,HT,HTTHHHTH,1,0,closed:default,2,1,1,1,0,1,8,5,4,3,3,1,0.5,1.0,0.0,0.0,0.0,0.625,0.5714285714285714,0.2857142857142857,0.25,0.75
3,14,TH,HTTTTTHT,1,0,closed:default,2,1,1,1,0,1,8,2,3,5,2,1,0.5,1.0,0.0,0.0,0.0,0.25,0.42857142857142855,0.5714285714285714,0.5,0.75
3,15,TH,THTHHHTH,1,0,closed:default,2,1,1,1,0,1,8,5,5,3,1,2,0.5,1.0,0.0,0.0,0.0,0.625,0.7142857142857143,0.2857142857142857,0.25,0.75
3,16,HT,HHHTHHHT,1,0,closed:default,2,1,1,1,0,1,8,6,3,3,4,0,0.5,1.0,0.0,0.0,0.0,0.75,0.42857142857142855,0.2857142857142857,0.5,1.0
3,17,HT,THHHHHTH,1,0,closed:default,2,1,1,1,0,1,8,6,3,5,2,1,0.5,1.0,0.0,0.0,0.0,0.75,0.42857142857142855,0.5714285714285714,0.5,0.75
3,18,HT,HTTTH,1,0,closed:default,2,1,1,1,0,1,5,2,2,3,3,0,0.5,1.0,0.0,0.0,0.0,0.4,0.5,0.5,0.19999999999999996,0.6000000000000001
3,19,TH,HTHHHT,1,0,closed:default,2,1,1,1,0,1,6,4,3,3,2,1,0.5,1.0,0.0,0.0,0.0,0.6666666666666666,0.6,0.4,0.33333333333333326,0.6666666666666667
3,20,TTHH,THTTHTTH,0,1,closed:default,4,2,1,2,2,0,8,3,5,2,4,1,0.5,0.3333333333333333,0.3333333333333333,0.0,0.0,0.375,0.7142857142857143,0.14285714285714285,0.25,1.0
3,21,HT,TTTHTTTH,1,0,closed:default,2,1,1,1,0,1,8,2,3,3,4,0,0.5,1.0,0.0,0.0,0.0,0.25,0.42857142857142855,0.2857142857142857,0.5,1.0
3,22,TH,HTTHHTTH,1,0,closed:default,2,1,1,1,0,1,8,4,4,2,5,0,0.5,1.0,0.0,0.0,0.0,0.5,0.5714285714285714,0.14285714285714285,0.0,1.0
3,23,TTTHHHH,THHHHHTH,0,1,closed:default,7,4,1,4,2,0,8,6,3,5,2,1,0.5714285714285714,0.16666666666666666,0.5,0.1428571428571428,0.0,0.75,0.42857142857142855,0.5714285714285714,0.5,0.75
3,24,HT,THHHHTHH,1,0,closed:default,2,1,1,1,0,1,8,6,3,4,4,0,0.5,1.0,0.0,0.0,0.0,0.75,0.42857142857142855,0.42857142857142855,0.5,0.5
3,25,HHHHTHH,HTHTHTHT,0,1,closed:default,7,6,2,4,3,0,8,4,7,1,0,1,0.8571428571428571,0.3333333333333333,0.5,0.7142857142857142,0.7142857142857142,0.5,1.0,0.0,0.0,1.0
3,26,HT,TTHHTTHH,1,0,closed:default,2,1,1,1,0,1,8,4,3,2,4,0,0.5,1.0,0.0,0.0,0.0,0.5,0.42857142857142855,0.14285714285714285,0.0,1.0
3,27,HT,HHTTHTHH,1,0,closed:default,2,1,1,1,0,1,8,5,4,2,3,1,0.5,1.0,0.0,0.0,0.0,0.625,0.5714285714285714,0.14285714285714285,0.25,0.75
3,28,TTTHHHH,HTHHHHHT,0,1,closed:default,7,4,1,4,2,0,8,6,3,5,2,1,0.5714285714285714,0.16666666666666666,0.5,0.1428571428571428,0.0,0.75,0.42857142857142855,0.5714285714285714,0.5,0.75
3,29,TH,HTHTHTTT,0,1,closed:default,2,1,1,1,0,1,8,3,5,3,1,1,0.5,1.0,0.0,0.0,0.0,0.375,0.7142857142857143,0.2857142857142857,0.25,0.75
3,30,TH,THHTHHT,0,1,closed:default,2,1,1,1,0,1,7,4,4,2,5,0,0.5,1.0,0.0,0.0,0.0,0.5714285714285714,0.6666666666666666,0.16666666666666666,0.1428571428571428,1.0
3,31,TH,THTHTTT,1,0,closed:default,2,1,1,1,0,1,7,2,4,3,1,1,0.5,1.0,0.0,0.0,0.0,0.2857142857142857,0.6666666666666666,0.3333333333333333,0.4285714285714286,0.7142857142857142
4,0,TH,THHHHHTH,1,0,closed:default,2,1,1,1,0,1,8,6,3,5,2,1,0.5,1.0,0.0,0.0,0.0,0.75,0.42857142857142855,0.5714285714285714,0.5,0.75
4,1,HHTT,THTTHT,0,1,closed:default,4,2,1,2,2,0,6,2,4,2,1,2,0.5,0.3333333333333333,0.3333333333333333,0.0,0.0,0.3333333333333333,0.8,0.2,0.33333333333333337,1.0
4,2,HT,HTHHHHHT,1,0,closed:default,2,1,1,1,0,1,8,6,3,5,2,1,0.5,1.0,0.0,0.0,0.0,0.75,0.42857142857142855,0.5714285714285714,0.5,0.75
4,3,TH,HTHHHTHH,1,0,closed:default,2,1,1,1,0,1,8,6,4,3,3,1,0.5,1.0,0.0,0.0,0.0,0.75,0.5714285714285714,0.2857142857142857,0.5,1.0
4,4,HT,THTTTTTH,1,0,closed:default,2,1,1,1,0,1,8,2,3,5,2,1,0.5,1.0,0.0,0.0,0.0,0.25,0.42857142857142855,0.5714285714285714,0.5,0.75
4,5,TTHH,HTTHTTHT,0,1,closed:default,4,2,1,2,2,0,8,3,5,2,4,1,0.5,0.3333333333333333,0.3333333333333333,0.0,0.0,0.375,0.7142857142857143,0.14285714285714285,0.25,1.0
4,6,HT,HTHTTT,1,0,closed:default,2,1,1,1,0,1,6,2,3,3,1,1,0.5,1.0,0.0,0.0,0.0,0.3333333333333333,0.6,0.4,0.33333333333333337,0.6666666666666667
4,7,HT,THHHTH,0,1,closed:default,2,1,1,1,0,1,6,4,3,3,2,1,0.5,1.0,0.0,0.0,0.0,0.6666666666666666,0.6,0.4,0.33333333333333326,0.6666666666666667
4,8,HT,HTHTTTH,0,1,closed:default,2,1,1,1,0,1,7,3,4,3,2,1,0.5,1.0,0.0,0.0,0.0,0.42857142857142855,0.6666666666666666,0.3333333333333333,0.1428571428571429,0.7142857142857142
4,9,HT,HTHHHT,1,0,closed:default,2,1,1,1,0,1,6,4,3,3,2,1,0.5,1.0,0.0,0.0,0.0,0.6666666666666666,0.6,0.4,0.33333333333333326,0.6666666666666667
4,10,HT,THHHTHT,1,0,closed:default,2,1,1,1,0,1,7,4,4,3,2,1,0.5,1.0,0.0,0.0,0.0,0.5714285714285714,0.6666666666666666,0.3333333333333333,0.1428571428571428,0.7142857142857142
4,11,HT,HHTHHHTH,1,0,closed:default,2,1,1,1,0,1,8,6,4,3,3,1,0.5,1.0,0.0,0.0,0.0,0.75,0.5714285714285714,0.2857142857142857,0.5,1.0
4,12,HT,TTTHTT,1,0,closed:default,2,1,1,1,0,1,6,1,2,3,3,0,0.5,1.0,0.0,0.0,0.0,0.16666666666666666,0.4,0.4,0.6666666666666667,0.6666666666666667
4,13,HT,HTTHHHTH,1,0,closed:default,2,1,1,1,0,1,8,5,4,3,3,1,0.5,1.0,0.0,0.0,0.0,0.625,0.5714285714285714,0.2857142857142857,0.25,0.75
4,14,TH,HTTTTTHT,1,0,closed:default,2,1,1,1,0,1,8,2,3,5,2,1,0.5,1.0,0.0,0.0,0.0,0.25,0.42857142857142855,0.5714285714285714,0.5,0.75
4,15,TH,THTHHHTH,0,1,closed:default,2,1,1,1,0,1,8,5,5,3,1,2,0.5,1.0,0.0,0.0,0.0,0.625,0.7142857142857143,0.2857142857142857,0.25,0.75
4,16,HT,HHHTHHHT,1,0,closed:default,2,1,1,1,0,1,8,6,3,3,4,0,0.5,1.0,0.0,0.0,0.0,0.75,0.42857142857142855,0.2857142857142857,0.5,1.0
4,17,HT,THHHHHTH,1,0,closed:default,2,1,1,1,0,1,8,6,3,5,2,1,0.5,1.0,0.0,0.0,0.0,0.75,0.42857142857142855,0.5714285714285714,0.5,0.75
4,18,HT,HTTTH,1,0,closed:default,2,1,1,1,0,1,5,2,2,3,3,0,0.5,1.0,0.0,0.0,0.0,0.4,0.5,0.5,0.19999999999999996,0.6000000000000001
4,19,TH,HTHHHT,1,0,closed:default,2,1,1,1,0,1,6,4,3,3,2,1,0.5,1.0,0.0,0.0,0.0,0.6666666666666666,0.6,0.4,0.33333333333333326,0.6666666666666667
4,20,TTHH,THTTHTTH,0,1,closed:default,4,2,1,2,2,0,8,3,5,2,4,1,0.5,0.3333333333333333,0.3333333333333333,0.0,0.0,0.375,0.7142857142857143,0.14285714285714285,0.25,1.0
4,21,HT,TTTHTTTH,1,0,closed:default,2,1,1,1,0,1,8,2,3,3,4,0,0.5,1.0,0.0,0.0,0.0,0.25,0.42857142857142855,0.2857142857142857,0.5,1.0
4,22,TH,HTTHHTTH,0,1,closed:default,2,1,1,1,0,1,8,4,4,2,5,0,0.5,1.0,0.0,0.0,0.0,0.5,0.5714285714285714,0.14285714285714285,0.0,1.0
4,23,TTTHHHH,THHHHHTH,0,1,closed:default,7,4,1,4,2,0,8,6,3,5,2,1,0.5714285714285714,0.16666666666666666,0.5,0.1428571428571428,0.0,0.75,0.42857142857142855,0.5714285714285714,0.5,0.75
4,24,HT,THHHHTHH,1,0,closed:default,2,1,1,1,0,1,8,6,3,4,4,0,0.5,1.0,0.0,0.0,0.0,0.75,0.42857142857142855,0.42857142857142855,0.5,0.5
4,25,HHHHTHH,HTHTHTHT,0,1,closed:default,7,6,2,4,3,0,8,4,7,1,0,1,0.8571428571428571,0.3333333333333333,0.5,0.7142857142857142,0.7142857142857142,0.5,1.0,0.0,0.0,1.0
4,26,HT,TTHHTTHH,1,0,closed:default,2,1,1,1,0,1,8,4,3,2,4,0,0.5,1.0,0.0,0.0,0.0,0.5,0.42857142857142855,0.14285714285714285,0.0,1.0
4,27,HT,HHTTHTHH,0,1,closed:default,2,1,1,1,0,1,8,5,4,2,3,1,0.5,1.0,0.0,0.0,0.0,0.625,0.5714285714285714,0.14285714285714285,0.25,0.75
4,28,TTTHHHH,HTHHHHHT,0,1,closed:default,7,4,1,4,2,0,8,6,3,5,2,1,0.5714285714285714,0.16666666666666666,0.5,0.1428571428571428,0.0,0.75,0.42857142857142855,0.5714285714285714,0.5,0.75
4,29,TH,HTHTHTTT,1,0,closed:default,2,1,1,1,0,1,8,3,5,3,1,1,0.5,1.0,0.0,0.0,0.0,0.375,0.7142857142857143,0.2857142857142857,0.25,0.75
4,30,TH,THHTHHT,0,1,closed:default,2,1,1,1,0,1,7,4,4,2,5,0,0.5,1.0,0.0,0.0,0.0,0.5714285714285714,0.6666666666666666,0.16666666666666666,0.1428571428571428,1.0
4,31,TH,THTHTTT,1,0,closed:default,2,1,1,1,0,1,7,2,4,3,1,1,0.5,1.0,0.0,0.0,0.0,0.2857142857142857,0.6666666666666666,0.3333333333333333,0.4285714285714286,0.7142857142857142
5,0,TH,THHHHHTH,1,0,closed:default,2,1,1,1,0,1,8,6,3,5,2,1,0.5,1.0,0.0,0.0,0.0,0.75,0.42857142857142855,0.5714285714285714,0.5,0.75
5,1,HHTT,THTTHT,0,1,closed:default,4,2,1,2,2,0,6,2,4,2,1,2,0.5,0.3333333333333333,0.3333333333333333,0.0,0.0,0.3333333333333333,0.8,0.2,0.33333333333333337,1.0
5,2,HT,HTHHHHHT,1,0,closed:default,2,1,1,1,0,1,8,6,3,5,2,1,0.5,1.0,0.0,0.0,0.0,0.75,0.42857142857142855,0.5714285714285714,0.5,0.75
5,3,TH,HTHHHTHH,1,0,closed:default,2,1,1,1,0,1,8,6,4,3,3,1,0.5,1.0,0.0,0.0,0.0,0.75,0.5714285714285714,0.2857142857142857,0.5,1.0
5,4,HT,THTTTTTH,1,0,closed:default,2,1,1,1,0,1,8,2,3,5,2,1,0.5,1.0,0.0,0.0,0.0,0.25,0.42857142857142855,0.5714285714285714,0.5,0.75
5,5,TTHH,HTTHTTHT,0,1,closed:default,4,2,1,2,2,0,8,3,5,2,4,1,0.5,0.3333333333333333,0.3333333333333333,0.0,0.0,0.375,0.7142857142857143,0.14285714285714285,0.25,1.0
5,6,HT,HTHTTT,1,0,closed:default,2,1,1,1,0,1,6,2,3,3,1,1,0.5,1.0,0.0,0.0,0.0,0.3333333333333333,0.6,0.4,0.33333333333333337,0.6666666666666667
5,7,HT,THHHTH,1,0,closed:default,2,1,1,1,0,1,6,4,3,3,2,1,0.5,1.0,0.0,0.0,0.0,0.6666666666666666,0.6,0.4,0.33333333333333326,0.6666666666666667
5,8,HT,HTHTTTH,0,1,closed:default,2,1,1,1,0,1,7,3,4,3,2,1,0.5,1.0,0.0,0.0,0.0,0.42857142857142855,0.6666666666666666,0.3333333333333333,0.1428571428571429,0.7142857142857142
5,9,HT,HTHHHT,1,0,closed:default,2,1,1,1,0,1,6,4,3,3,2,1,0.5,1.0,0.0,0.0,0.0,0.6666666666666666,0.6,0.4,0.33333333333333326,0.6666666666666667
5,10,HT,THHHTHT,1,0,closed:default,2,1,1,1,0,1,7,4,4,3,2,1,0.5,1.0,0.0,0.0,0.0,0.5714285714285714,0.6666666666666666,0.3333333333333333,0.1428571428571428,0.7142857142857142
5,11,HT,HHTHHHTH,1,0,closed:default,2,1,1,1,0,1,8,6,4,3,3,1,0.5,1.0,0.0,0.0,0.0,0.75,0.5714285714285714,0.2857142857142857,0.5,1.0
5,12,HT,TTTHTT,1,0,closed:default,2,1,1,1,0,1,6,1,2,3,3,0,0.5,1.0,0.0,0.0,0.0,0.16666666666666666,0.4,0.4,0.6666666666666667,0.6666666666666667
5,13,HT,HTTHHHTH,1,0,closed:default,2,1,1,1,0,1,8,5,4,3,3,1,0.5,1.0,0.0,0.0,0.0,0.625,0.5714285714285714,0.2857142857142857,0.25,0.75
5,14,TH,HTTTTTHT,1,0,closed:default,2,1,1,1,0,1,8,2,3,5,2,1,0.5,1.0,0.0,0.0,0.0,0.25,0.42857142857142855,0.5714285714285714,0.5,0.75
5,15,TH,THTHHHTH,1,0,closed:default,2,1,1,1,0,1,8,5,5,3,1,2,0.5,1.0,0.0,0.0,0.0,0.625,0.7142857142857143,0.2857142857142857,0.25,0.75
5,16,HT,HHHTHHHT,1,0,closed:default,2,1,1,1,0,1,8,6,3,3,4,0,0.5,1.0,0.0,0.0,0.0,0.75,0.42857142857142855,0.2857142857142857,0.5,1.0
5,17,HT,THHHHHTH,1,0,closed:default,2,1,1,1,0,1,8,6,3,5,2,1,0.5,1.0,0.0,0.0,0.0,0.75,0.42857142857142855,0.5714285714285714,0.5,0.75
5,18,HT,HTTTH,1,0,closed:default,2,1,1,1,0,1,5,2,2,3,3,0,0.5,1.0,0.0,0.0,0.0,0.4,0.5,0.5,0.19999999999999996,0.6000000000000001
5,19,TH,HTHHHT,0,1,closed:default,2,1,1,1,0,1,6,4,3,3,2,1,0.5,1.0,0.0,0.0,0.0,0.6666666666666666,0.6,0.4,0.33333333333333326,0.6666666666666667
5,20,TTHH,THTTHTTH,0,1,closed:default,4,2,1,2,2,0,8,3,5,2,4,1,0.5,0.3333333333333333,0.3333333333333333,0.0,0.0,0.375,0.7142857142857143,0.14285714285714285,0.25,1.0
5,21,HT,TTTHTTTH,1,0,closed:default,2,1,1,1,0,1,8,2,3,3,4,0,0.5,1.0,0.0,0.0,0.0,0.25,0.42857142857142855,0.2857142857142857,0.5,1.0
5,22,TH,HTTHHTTH,1,0,closed:default,2,1,1,1,0,1,8,4,4,2,5,0,0.5,1.0,0.0,0.0,0.0,0.5,0.5714285714285714,0.14285714285714285,0.0,1.0
5,23,TTTHHHH,THHHHHTH,0,1,closed:default,7,4,1,4,2,0,8,6,3,5,2,1,0.5714285714285714,0.16666666666666666,0.5,0.1428571428571428,0.0,0.75,0.42857142857142855,0.5714285714285714,0.5,0.75
5,24,HT,THHHHTHH,1,0,closed:default,2,1,1,1,0,1,8,6,3,4,4,0,0.5,1.0,0.0,0.0,0.0,0.75,0.42857142857142855,0.42857142857142855,0.5,0.5
5,25,HHHHTHH,HTHTHTHT,0,1,closed:default,7,6,2,4,3,0,8,4,7,1,0,1,0.8571428571428571,0.3333333333333333,0.5,0.7142857142857142,0.7142857142857142,0.5,1.0,0.0,0.0,1.0
5,26,HT,TTHHTTHH,1,0,closed:default,2,1,1,1,0,1,8,4,3,2,4,0,0.5,1.0,0.0,0.0,0.0,0.5,0.42857142857142855,0.14285714285714285,0.0,1.0
5,27,HT,HHTTHTHH,1,0,closed:default,2,1,1,1,0,1,8,5,4,2,3,1,0.5,1.0,0.0,0.0,0.0,0.625,0.5714285714285714,0.14285714285714285,0.25,0.75
5,28,TTTHHHH,HTHHHHHT,0,1,closed:default,7,4,1,4,2,0,8,6,3,5,2,1,0.5714285714285714,0.16666666666666666,0.5,0.1428571428571428,0.0,0.75,0.42857142857142855,0.5714285714285714,0.5,0.75
5,29,TH,HTHTHTTT,1,0,closed:default,2,1,1,1,0,1,8,3,5,3,1,1,0.5,1.0,0.0,0.0,0.0,0.375,0.7142857142857143,0.2857142857142857,0.25,0.75
5,30,TH,THHTHHT,1,0,closed:default,2,1,1,1,0,1,7,4,4,2,5,0,0.5,1.0,0.0,0.0,0.0,0.5714285714285714,0.6666666666666666,0.16666666666666666,0.1428571428571428,1.0
5,31,TH,THTHTTT,1,0,closed:default,2,1,1,1,0,1,7,2,4,3,1,1,0.5,1.0,0.0,0.0,0.0,0.2857142857142857,0.6666666666666666,0.3333333333333333,0.4285714285714286,0.7142857142857142
6,0,TH,THHHHHTH,1,0,closed:default,2,1,1,1,0,1,8,6,3,5,2,1,0.5,1.0,0.0,0.0,0.0,0.75,0.42857142857142855,0.5714285714285714,0.5,0.75
6,1,HHTT,THTTHT,0,1,closed:default,4,2,1,2,2,0,6,2,4,2,1,2,0.5,0.3333333333333333,0.3333333333333333,0.0,0.0,0.3333333333333333,0.8,0.2,0.33333333333333337,1.0
6,2,HT,HTHHHHHT,1,0,closed:default,2,1,1,1,0,1,8,6,3,5,2,1,0.5,1.0,0.0,0.0,0.0,0.75,0.42857142857142855,0.5714285714285714,0.5,0.75
6,3,TH,HTHHHTHH,1,0,closed:default,2,1,1,1,0,1,8,6,4,3,3,1,0.5,1.0,0.0,0.0,0.0,0.75,0.5714285714285714,0.2857142857142857,0.5,1.0
6,4,HT,THTTTTTH,1,0,closed:default,2,1,1,1,0,1,8,2,3,5,2,1,0.5,1.0,0.0,0.0,0.0,0.25,0.42857142857142855,0.5714285714285714,0.5,0.75
6,5,TTHH,HTTHTTHT,0,1,closed:default,4,2,1,2,2,0,8,3,5,2,4,1,0.5,0.3333333333333333,0.3333333333333333,0.0,0.0,0.375,0.7142857142857143,0.14285714285714285,0.25,1.0
6,6,HT,HTHTTT,1,0,closed:default,2,1,1,1,0,1,6,2,3,3,1,1,0.5,1.0,0.0,0.0,0.0,0.3333333333333333,0.6,0.4,0.33333333333333337,0.6666666666666667
6,7,HT,THHHTH,1,0,closed:default,2,1,1,1,0,1,6,4,3,3,2,1,0.5,1.0,0.0,0.0,0.0,0.6666666666666666,0.6,0.4,0.33333333333333326,0.6666666666666667
6,8,HT,HTHTTTH,1,0,closed:default,2,1,1,1,0,1,7,3,4,3,2,1,0.5,1.0,0.0,0.0,0.0,0.42857142857142855,0.6666666666666666,0.3333333333333333,0.1428571428571429,0.7142857142857142
6,9,HT,HTHHHT,1,0,closed:default,2,1,1,1,0,1,6,4,3,3,2,1,0.5,1.0,0.0,0.0,0.0,0.6666666666666666,0.6,0.4,0.33333333333333326,0.6666666666666667
6,10,HT,THHHTHT,1,0,closed:default,2,1,1,1,0,1,7,4,4,3,2,1,0.5,1.0,0.0,0.0,0.0,0.5714285714285714,0.6666666666666666,0.3333333333333333,0.1428571428571428,0.7142857142857142
6,11,HT,HHTHHHTH,1,0,closed:default,2,1,1,1,0,1,8,6,4,3,3,1,0.5,1.0,0.0,0.0,0.0,0.75,0.5714285714285714,0.2857142857142857,0.5,1.0
6,12,HT,TTTHTT,1,0,closed:default,2,1,1,1,0,1,6,1,2,3,3,0,0.5,1.0,0.0,0.0,0.0,0.16666666666666666,0.4,0.4,0.6666666666666667,0.6666666666666667
6,13,HT,HTTHHHTH,1,0,closed:default,2,1,1,1,0,1,8,5,4,3,3,1,0.5,1.0,0.0,0.0,0.0,0.625,0.5714285714285714,0.2857142857142857,0.25,0.75
6,14,TH,HTTTTTHT,1,0,closed:default,2,1,1,1,0,1,8,2,3,5,2,1,0.5,1.0,0.0,0.0,0.0,0.25,0.42857142857142855,0.5714285714285714,0.5,0.75
6,15,TH,THTHHHTH,0,1,closed:default,2,1,1,1,0,1,8,5,5,3,1,2,0.5,1.0,0.0,0.0,0.0,0.625,0.7142857142857143,0.2857142857142857,0.25,0.75
6,16,HT,HHHTHHHT,1,0,closed:default,2,1,1,1,0,1,8,6,3,3,4,0,0.5,1.0,0.0,0.0,0.0,0.75,0.42857142857142855,0.2857142857142857,0.5,1.0
6,17,HT,THHHHHTH,1,0,closed:default,2,1,1,1,0,1,8,6,3,5,2,1,0.5,1.0,0.0,0.0,0.0,0.75,0.42857142857142855,0.5714285714285714,0.5,0.75
6,18,HT,HTTTH,1,0,closed:default,2,1,1,1,0,1,5,2,2,3,3,0,0.5,1.0,0.0,0.0,0.0,0.4,0.5,0.5,0.19999999999999996,0.6000000000000001
6,19,TH,HTHHHT,1,0,closed:default,2,1,1,1,0,1,6,4,3,3,2,1,0.5,1.0,0.0,0.0,0.0,0.6666666666666666,0.6,0.4,0.33333333333333326,0.6666666666666667
6,20,TTHH,THTTHTTH,0,1,closed:default,4,2,1,2,2,0,8,3,5,2,4,1,0.5,0.3333333333333333,0.3333333333333333,0.0,0.0,0.375,0.7142857142857143,0.14285714285714285,0.25,1.0
6,21,HT,TTTHTTTH,1,0,closed:default,2,1,1,1,0,1,8,2,3,3,4,0,0.5,1.0,0.0,0.0,0.0,0.25,0.42857142857142855,0.2857142857142857,0.5,1.0
6,22,TH,HTTHHTTH,0,1,closed:default,2,1,1,1,0,1,8,4,4,2,5,0,0.5,1.0,0.0,0.0,0.0,0.5,0.5714285714285714,0.14285714285714285,0.0,1.0
6,23,TTTHHHH,THHHHHTH,0,1,closed:default,7,4,1,4,2,0,8,6,3,5,2,1,0.5714285714285714,0.16666666666666666,0.5,0.1428571428571428,0.0,0.75,0.42857142857142855,0.5714285714285714,0.5,0.75
6,24,HT,THHHHTHH,1,0,closed:default,2,1,1,1,0,1,8,6,3,4,4,0,0.5,1.0,0.0,0.0,0.0,0.75,0.42857142857142855,0.42857142857142855,0.5,0.5
6,25,HHHHTHH,HTHTHTHT,0,1,closed:default,7,6,2,4,3,0,8,4,7,1,0,1,0.8571428571428571,0.3333333333333333,0.5,0.7142857142857142,0.7142857142857142,0.5,1.0,0.0,0.0,1.0
6,26,HT,TTHHTTHH,1,0,closed:default,2,1,1,1,0,1,8,4,3,2,4,0,0.5,1.0,0.0,0.0,0.0,0.5,0.42857142857142855,0.14285714285714285,0.0,1.0
6,27,HT,HHTTHTHH,1,0,closed:default,2,1,1,1,0,1,8,5,4,2,3,1,0.5,1.0,0.0,0.0,0.0,0.625,0.5714285714285714,0.14285714285714285,0.25,0.75
6,28,TTTHHHH,HTHHHHHT,0,1,closed:default,7,4,1,4,2,0,8,6,3,5,2,1,0.5714285714285714,0.16666666666666666,0.5,0.1428571428571428,0.0,0.75,0.42857142857142855,0.5714285714285714,0.5,0.75
6,29,TH,HTHTHTTT,1,0,closed:default,2,1,1,1,0,1,8,3,5,3,1,1,0.5,1.0,0.0,0.0,0.0,0.375,0.7142857142857143,0.2857142857142857,0.25,0.75
6,30,TH,THHTHHT,0,1,closed:default,2,1,1,1,0,1,7,4,4,2,5,0,0.5,1.0,0.0,0.0,0.0,0.5714285714285714,0.6666666666666666,0.16666666666666666,0.1428571428571428,1.0
6,31,TH,THTHTTT,1,0,closed:default,2,1,1,1,0,1,7,2,4,3,1,1,0.5,1.0,0.0,0.0,0.0,0.2857142857142857,0.6666666666666666,0.3333333333333333,0.4285714285714286,0.7142857142857142
7,0,TH,THHHHHTH,1,0,closed:default,2,1,1,1,0,1,8,6,3,5,2,1,0.5,1.0,0.0,0.0,0.0,0.75,0.42857142857142855,0.5714285714285714,0.5,0.75
7,1,HHTT,THTTHT,0,1,closed:default,4,2,1,2,2,0,6,2,4,2,1,2,0.5,0.3333333333333333,0.3333333333333333,0.0,0.0,0.3333333333333333,0.8,0.2,0.33333333333333337,1.0
7,2,HT,HTHHHHHT,1,0,closed:default,2,1,1,1,0,1,8,6,3,5,2,1,0.5,1.0,0.0,0.0,0.0,0.75,0.42857142857142855,0.5714285714285714,0.5,0.75
7,3,TH,HTHHHTHH,1,0,closed:default,2,1,1,1,0,1,8,6,4,3,3,1,0.5,1.0,0.0,0.0,0.0,0.75,0.5714285714285714,0.2857142857142857,0.5,1.0
7,4,HT,THTTTTTH,1,0,closed:default,2,1,1,1,0,1,8,2,3,5,2,1,0.5,1.0,0.0,0.0,0.0,0.25,0.42857142857142855,0.5714285714285714,0.5,0.75
7,5,TTHH,HTTHTTHT,0,1,closed:default,4,2,1,2,2,0,8,3,5,2,4,1,0.5,0.3333333333333333,0.3333333333333333,0.0,0.0,0.375,0.7142857142857143,0.14285714285714285,0.25,1.0
7,6,HT,HTHTTT,1,0,closed:default,2,1,1,1,0,1,6,2,3,3,1,1,0.5,1.0,0.0,0.0,0.0,0.3333333333333333,0.6,0.4,0.33333333333333337,0.6666666666666667
7,7,HT,THHHTH,1,0,closed:default,2,1,1,1,0,1,6,4,3,3,2,1,0.5,1.0,0.0,0.0,0.0,0.6666666666666666,0.6,0.4,0.33333333333333326,0.6666666666666667
7,8,HT,HTHTTTH,0,1,closed:default,2,1,1,1,0,1,7,3,4,3,2,1,0.5,1.0,0.0,0.0,0.0,0.42857142857142855,0.6666666666666666,0.3333333333333333,0.1428571428571429,0.7142857142857142
7,9,HT,HTHHHT,1,0,closed:default,2,1,1,1,0,1,6,4,3,3,2,1,0.5,1.0,0.0,0.0,0.0,0.6666666666666666,0.6,0.4,0.33333333333333326,0.6666666666666667
7,10,HT,THHHTHT,1,0,closed:default,2,1,1,1,0,1,7,4,4,3,2,1,0.5,1.0,0.0,0.0,0.0,0.5714285714285714,0.6666666666666666,0.3333333333333333,0.1428571428571428,0.7142857142857142
7,11,HT,HHTHHHTH,0,1,closed:default,2,1,1,1,0,1,8,6,4,3,3,1,0.5,1.0,0.0,0.0,0.0,0.75,0.5714285714285714,0.2857142857142857,0.5,1.0
7,12,HT,TTTHTT,1,0,closed:default,2,1,1,1,0,1,6,1,2,3,3,0,0.5,1.0,0.0,0.0,0.0,0.16666666666666666,0.4,0.4,0.6666666666666667,0.6666666666666667
7,13,HT,HTTHHHTH,1,0,closed:default,2,1,1,1,0,1,8,5,4,3,3,1,0.5,1.0,0.0,0.0,0.0,0.625,0.5714285714285714,0.2857142857142857,0.25,0.75
7,14,TH,HTTTTTHT,1,0,closed:default,2,1,1,1,0,1,8,2,3,5,2,1,0.5,1.0,0.0,0.0,0.0,0.25,0.42857142857142855,0.5714285714285714,0.5,0.75
7,15,TH,THTHHHTH,0,1,closed:default,2,1,1,1,0,1,8,5,5,3,1,2,0.5,1.0,0.0,0.0,0.0,0.625,0.7142857142857143,0.2857142857142857,0.25,0.75
7,16,HT,HHHTHHHT,1,0,closed:default,2,1,1,1,0,1,8,6,3,3,4,0,0.5,1.0,0.0,0.0,0.0,0.75,0.42857142857142855,0.2857142857142857,0.5,1.0
7,17,HT,THHHHHTH,1,0,closed:default,2,1,1,1,0,1,8,6,3,5,2,1,0.5,1.0,0.0,0.0,0.0,0.75,0.42857142857142855,0.5714285714285714,0.5,0.75
7,18,HT,HTTTH,1,0,closed:default,2,1,1,1,0,1,5,2,2,3,3,0,0.5,1.0,0.0,0.0,0.0,0.4,0.5,0.5,0.19999999999999996,0.6000000000000001
7,19,TH,HTHHHT,1,0,closed:default,2,1,1,1,0,1,6,4,3,3,2,1,0.5,1.0,0.0,0.0,0.0,0.6666666666666666,0.6,0.4,0.33333333333333326,0.6666666666666667
7,20,TTHH,THTTHTTH,0,1,closed:default,4,2,1,2,2,0,8,3,5,2,4,1,0.5,0.3333333333333333,0.3333333333333333,0.0,0.0,0.375,0.7142857142857143,0.14285714285714285,0.25,1.0
7,21,HT,TTTHTTTH,1,0,closed:default,2,1,1,1,0,1,8,2,3,3,4,0,0.5,1.0,0.0,0.0,0.0,0.25,0.42857142857142855,0.2857142857142857,0.5,1.0
7,22,TH,HTTHHTTH,0,1,closed:default,2,1,1,1,0,1,8,4,4,2,5,0,0.5,1.0,0.0,0.0,0.0,0.5,0.5714285714285714,0.14285714285714285,0.0,1.0
7,23,TTTHHHH,THHHHHTH,0,1,closed:default,7,4,1,4,2,0,8,6,3,5,2,1,0.5714285714285714,0.16666666666666666,0.5,0.1428571428571428,0.0,0.75,0.42857142857142855,0.5714285714285714,0.5,0.75
7,24,HT,THHHHTHH,1,0,closed:default,2,1,1,1,0,1,8,6,3,4,4,0,0.5,1.0,0.0,0.0,0.0,0.75,0.42857142857142855,0.42857142857142855,0.5,0.5
7,25,HHHHTHH,HTHTHTHT,0,1,closed:default,7,6,2,4,3,0,8,4,7,1,0,1,0.8571428571428571,0.3333333333333333,0.5,0.7142857142857142,0.7142857142857142,0.5,1.0,0.0,0.0,1.0
7,26,HT,TTHHTTHH,1,0,closed:default,2,1,1,1,0,1,8,4,3,2,4,0,0.5,1.0,0.0,0.0,0.0,0.5,0.42857142857142855,0.14285714285714285,0.0,1.0
7,27,HT,HHTTHTHH,1,0,closed:default,2,1,1,1,0,1,8,5,4,2,3,1,0.5,1.0,0.0,0.0,0.0,0.625,0.5714285714285714,0.14285714285714285,0.25,0.75
7,28,TTTHHHH,HTHHHHHT,0,1,closed:default,7,4,1,4,2,0,8,6,3,5,2,1,0.5714285714285714,0.16666666666666666,0.5,0.1428571428571428,0.0,0.75,0.42857142857142855,0.5714285714285714,0.5,0.75
7,29,TH,HTHTHTTT,0,1,closed:default,2,1,1,1,0,1,8,3,5,3,1,1,0.5,1.0,0.0,0.0,0.0,0.375,0.7142857142857143,0.2857142857142857,0.25,0.75
7,30,TH,THHTHHT,1,0,closed:default,2,1,1,1,0,1,7,4,4,2,5,0,0.5,1.0,0.0,0.0,0.0,0.5714285714285714,0.6666666666666666,0.16666666666666666,0.1428571428571428,1.0
7,31,TH,THTHTTT,1,0,closed:default,2,1,1,1,0,1,7,2,4,3,1,1,0.5,1.0,0.0,0.0,0.0,0.2857142857142857,0.6666666666666666,0.3333333333333333,0.4285714285714286,0.7142857142857142
8,0,TH,THHHHHTH,1,0,closed:default,2,1,1,1,0,1,8,6,3,5,2,1,0.5,1.0,0.0,0.0,0.0,0.75,0.42857142857142855,0.5714285714285714,0.5,0.75
8,1,HHTT,THTTHT,0,1,closed:default,4,2,1,2,2,0,6,2,4,2,1,2,0.5,0.3333333333333333,0.3333333333333333,0.0,0.0,0.3333333333333333,0.8,0.2,0.33333333333333337,1.0
8,2,HT,HTHHHHHT,1,0,closed:default,2,1,1,1,0,1,8,6,3,5,2,1,0.5,1.0,0.0,0.0,0.0,0.75,0.42857142857142855,0.5714285714285714,0.5,0.75
8,3,TH,HTHHHTHH,1,0,closed:default,2,1,1,1,0,1,8,6,4,3,3,1,0.5,1.0,0.0,0.0,0.0,0.75,0.5714285714285714,0.2857142857142857,0.5,1.0
8,4,HT,THTTTTTH,1,0,closed:default,2,1,1,1,0,1,8,2,3,5,2,1,0.5,1.0,0.0,0.0,0.0,0.25,0.42857142857142855,0.5714285714285714,0.5,0.75
8,5,TTHH,HTTHTTHT,0,1,closed:default,4,2,1,2,2,0,8,3,5,2,4,1,0.5,0.3333333333333333,0.3333333333333333,0.0,0.0,0.375,0.7142857142857143,0.14285714285714285,0.25,1.0
8,6,HT,HTHTTT,1,0,closed:default,2,1,1,1,0,1,6,2,3,3,1,1,0.5,1.0,0.0,0.0,0.0,0.3333333333333333,0.6,0.4,0.33333333333333337,0.6666666666666667
8,7,HT,THHHTH,1,0,closed:default,2,1,1,1,0,1,6,4,3,3,2,1,0.5,1.0,0.0,0.0,0.0,0.6666666666666666,0.6,0.4,0.33333333333333326,0.6666666666666667
8,8,HT,HTHTTTH,0,1,closed:default,2,1,1,1,0,1,7,3,4,3,2,1,0.5,1.0,0.0,0.0,0.0,0.42857142857142855,0.6666666666666666,0.3333333333333333,0.1428571428571429,0.7142857142857142
8,9,HT,HTHHHT,1,0,closed:default,2,1,1,1,0,1,6,4,3,3,2,1,0.5,1.0,0.0,0.0,0.0,0.6666666666666666,0.6,0.4,0.33333333333333326,0.6666666666666667
8,10,HT,THHHTHT,1,0,closed:default,2,1,1,1,0,1,7,4,4,3,2,1,0.5,1.0,0.0,0.0,0.0,0.5714285714285714,0.6666666666666666,0.3333333333333333,0.1428571428571428,0.7142857142857142
8,11,HT,HHTHHHTH,1,0,closed:default,2,1,1,1,0,1,8,6,4,3,3,1,0.5,1.0,0.0,0.0,0.0,0.75,0.5714285714285714,0.2857142857142857,0.5,1.0
8,12,HT,TTTHTT,1,0,closed:default,2,1,1,1,0,1,6,1,2,3,3,0,0.5,1.0,0.0,0.0,0.0,0.16666666666666666,0.4,0.4,0.6666666666666667,0.6666666666666667
8,13,HT,HTTHHHTH,1,0,closed:default,2,1,1,1,0,1,8,5,4,3,3,1,0.5,1.0,0.0,0.0,0.0,0.625,0.5714285714285714,0.2857142857142857,0.25,0.75
8,14,TH,HTTTTTHT,1,0,closed:default,2,1,1,1,0,1,8,2,3,5,2,1,0.5,1.0,0.0,0.0,0.0,0.25,0.42857142857142855,0.5714285714285714,0.5,0.75
8,15,TH,THTHHHTH,1,0,closed:default,2,1,1,1,0,1,8,5,5,3,1,2,0.5,1.0,0.0,0.0,0.0,0.625,0.7142857142857143,0.2857142857142857,0.25,0.75
8,16,HT,HHHTHHHT,1,0,closed:default,2,1,1,1,0,1,8,6,3,3,4,0,0.5,1.0,0.0,0.0,0.0,0.75,0.42857142857142855,0.2857142857142857,0.5,1.0
8,17,HT,THHHHHTH,1,0,closed:default,2,1,1,1,0,1,8,6,3,5,2,1,0.5,1.0,0.0,0.0,0.0,0.75,0.42857142857142855,0.5714285714285714,0.5,0.75
8,18,HT,HTTTH,1,0,closed:default,2,1,1,1,0,1,5,2,2,3,3,0,0.5,1.0,0.0,0.0,0.0,0.4,0.5,0.5,0.19999999999999996,0.6000000000000001
8,19,TH,HTHHHT,1,0,closed:default,2,1,1,1,0,1,6,4,3,3,2,1,0.5,1.0,0.0,0.0,0.0,0.6666666666666666,0.6,0.4,0.33333333333333326,0.6666666666666667
8,20,TTHH,THTTHTTH,0,1,closed:default,4,2,1,2,2,0,8,3,5,2,4,1,0.5,0.3333333333333333,0.3333333333333333,0.0,0.0,0.375,0.7142857142857143,0.14285714285714285,0.25,1.0
8,21,HT,TTTHTTTH,1,0,closed:default,2,1,1,1,0,1,8,2,3,3,4,0,0.5,1.0,0.0,0.0,0.0,0.25,0.42857142857142855,0.2857142857142857,0.5,1.0
8,22,TH,HTTHHTTH,1,0,closed:default,2,1,1,1,0,1,8,4,4,2,5,0,0.5,1.0,0.0,0.0,0.0,0.5,0.5714285714285714,0.14285714285714285,0.0,1.0
8,23,TTTHHHH,THHHHHTH,0,1,closed:default,7,4,1,4,2,0,8,6,3,5,2,1,0.5714285714285714,0.16666666666666666,0.5,0.1428571428571428,0.0,0.75,0.42857142857142855,0.5714285714285714,0.5,0.75
8,24,HT,THHHHTHH,1,0,closed:default,2,1,1,1,0,1,8,6,3,4,4,0,0.5,1.0,0.0,0.0,0.0,0.75,0.42857142857142855,0.42857142857142855,0.5,0.5
8,25,HHHHTHH,HTHTHTHT,0,1,closed:default,7,6,2,4,3,0,8,4,7,1,0,1,0.8571428571428571,0.3333333333333333,0.5,0.7142857142857142,0.7142857142857142,0.5,1.0,0.0,0.0,1.0
8,26,HT,TTHHTTHH,1,0,closed:default,2,1,1,1,0,1,8,4,3,2,4,0,0.5,1.0,0.0,0.0,0.0,0.5,0.42857142857142855,0.14285714285714285,0.0,1.0
8,27,HT,HHTTHTHH,1,0,closed:default,2,1,1,1,0,1,8,5,4,2,3,1,0.5,1.0,0.0,0.0,0.0,0.625,0.5714285714285714,0.14285714285714285,0.25,0.75
8,28,TTTHHHH,HTHHHHHT,0,1,closed:default,7,4,1,4,2,0,8,6,3,5,2,1,0.5714285714285714,0.16666666666666666,0.5,0.1428571428571428,0.0,0.75,0.42857142857142855,0.5714285714285714,0.5,0.75
8,29,TH,HTHTHTTT,0,1,closed:default,2,1,1,1,0,1,8,3,5,3,1,1,0.5,1.0,0.0,0.0,0.0,0.375,0.7142857142857143,0.2857142857142857,0.25,0.75
8,30,TH,THHTHHT,0,1,closed:default,2,1,1,1,0,1,7,4,4,2,5,0,0.5,1.0,0.0,0.0,0.0,0.5714285714285714,0.6666666666666666,0.16666666666666666,0.1428571428571428,1.0
8,31,TH,THTHTTT,1,0,closed:default,2,1,1,1,0,1,7,2,4,3,1,1,0.5,1.0,0.0,0.0,0.0,0.2857142857142857,0.6666666666666666,0.3333333333333333,0.4285714285714286,0.7142857142857142
9,0,TH,THHHHHTH,1,0,closed:default,2,1,1,1,0,1,8,6,3,5,2,1,0.5,1.0,0.0,0.0,0.0,0.75,0.42857142857142855,0.5714285714285714,0.5,0.75
9,1,HHTT,THTTHT,0,1,closed:default,4,2,1,2,2,0,6,2,4,2,1,2,0.5,0.3333333333333333,0.3333333333333333,0.0,0.0,0.3333333333333333,0.8,0.2,0.33333333333333337,1.0
9,2,HT,HTHHHHHT,1,0,closed:default,2,1,1,1,0,1,8,6,3,5,2,1,0.5,1.0,0.0,0.0,0.0,0.75,0.42857142857142855,0.5714285714285714,0.5,0.75
9,3,TH,HTHHHTHH,1,0,closed:default,2,1,1,1,0,1,8,6,4,3,3,1,0.5,1.0,0.0,0.0,0.0,0.75,0.5714285714285714,0.2857142857142857,0.5,1.0
9,4,HT,THTTTTTH,1,0,closed:default,2,1,1,1,0,1,8,2,3,5,2,1,0.5,1.0,0.0,0.0,0.0,0.25,0.42857142857142855,0.5714285714285714,0.5,0.75
9,5,TTHH,HTTHTTHT,0,1,closed:default,4,2,1,2,2,0,8,3,5,2,4,1,0.5,0.3333333333333333,0.3333333333333333,0.0,0.0,0.375,0.7142857142857143,0.14285714285714285,0.25,1.0
9,6,HT,HTHTTT,1,0,closed:default,2,1,1,1,0,1,6,2,3,3,1,1,0.5,1.0,0.0,0.0,0.0,0.3333333333333333,0.6,0.4,0.33333333333333337,0.6666666666666667
9,7,HT,THHHTH,1,0,closed:default,2,1,1,1,0,1,6,4,3,3,2,1,0.5,1.0,0.0,0.0,0.0,0.6666666666666666,0.6,0.4,0.33333333333333326,0.6666666666666667
9,8,HT,HTHTTTH,1,0,closed:default,2,1,1,1,0,1,7,3,4,3,2,1,0.5,1.0,0.0,0.0,0.0,0.42857142857142855,0.6666666666666666,0.3333333333333333,0.1428571428571429,0.7142857142857142
9,9,HT,HTHHHT,1,0,closed:default,2,1,1,1,0,1,6,4,3,3,2,1,0.5,1.0,0.0,0.0,0.0,0.6666666666666666,0.6,0.4,0.33333333333333326,0.6666666666666667
9,10,HT,THHHTHT,1,0,closed:default,2,1,1,1,0,1,7,4,4,3,2,1,0.5,1.0,0.0,0.0,0.0,0.5714285714285714,0.6666666666666666,0.3333333333333333,0.1428571428571428,0.7142857142857142
9,11,HT,HHTHHHTH,1,0,closed:default,2,1,1,1,0,1,8,6,4,3,3,1,0.5,1.0,0.0,0.0,0.0,0.75,0.5714285714285714,0.2857142857142857,0.5,1.0
9,12,HT,TTTHTT,1,0,closed:default,2,1,1,1,0,1,6,1,2,3,3,0,0.5,1.0,0.0,0.0,0.0,0.16666666666666666,0.4,0.4,0.6666666666666667,0.6666666666666667
9,13,HT,HTTHHHTH,1,0,closed:default,2,1,1,1,0,1,8,5,4,3,3,1,0.5,1.0,0.0,0.0,0.0,0.625,0.5714285714285714,0.2857142857142857,0.25,0.75
9,14,TH,HTTTTTHT,1,0,closed:default,2,1,1,1,0,1,8,2,3,5,2,1,0.5,1.0,0.0,0.0,0.0,0.25,0.42857142857142855,0.5714285714285714,0.5,0.75
9,15,TH,THTHHHTH,1,0,closed:default,2,1,1,1,0,1,8,5,5,3,1,2,0.5,1.0,0.0,0.0,0.0,0.625,0.7142857142857143,0.2857142857142857,0.25,0.75
9,16,HT,HHHTHHHT,1,0,closed:default,2,1,1,1,0,1,8,6,3,3,4,0,0.5,1.0,0.0,0.0,0.0,0.75,0.42857142857142855,0.2857142857142857,0.5,1.0
9,17,HT,THHHHHTH,1,0,closed:default,2,1,1,1,0,1,8,6,3,5,2,1,0.5,1.0,0.0,0.0,0.0,0.75,0.42857142857142855,0.5714285714285714,0.5,0.75
9,18,HT,HTTTH,1,0,closed:default,2,1,1,1,0,1,5,2,2,3,3,0,0.5,1.0,0.0,0.0,0.0,0.4,0.5,0.5,0.19999999999999996,0.6000000000000001
9,19,TH,HTHHHT,1,0,closed:default,2,1,1,1,0,1,6,4,3,3,2,1,0.5,1.0,0.0,0.0,0.0,0.6666666666666666,0.6,0.4,0.33333333333333326,0.6666666666666667
9,20,TTHH,THTTHTTH,0,1,closed:default,4,2,1,2,2,0,8,3,5,2,4,1,0.5,0.3333333333333333,0.3333333333333333,0.0,0.0,0.375,0.7142857142857143,0.14285714285714285,0.25,1.0
9,21,HT,TTTHTTTH,1,0,closed:default,2,1,1,1,0,1,8,2,3,3,4,0,0.5,1.0,0.0,0.0,0.0,0.25,0.42857142857142855,0.2857142857142857,0.5,1.0
9,22,TH,HTTHHTTH,1,0,closed:default,2,1,1,1,0,1,8,4,4,2,5,0,0.5,1.0,0.0,0.0,0.0,0.5,0.5714285714285714,0.14285714285714285,0.0,1.0
9,23,TTTHHHH,THHHHHTH,0,1,closed:default,7,4,1,4,2,0,8,6,3,5,2,1,0.5714285714285714,0.16666666666666666,0.5,0.1428571428571428,0.0,0.75,0.42857142857142855,0.5714285714285714,0.5,0.75
9,24,HT,THHHHTHH,1,0,closed:default,2,1,1,1,0,1,8,6,3,4,4,0,0.5,1.0,0.0,0.0,0.0,0.75,0.42857142857142855,0.42857142857142855,0.5,0.5
9,25,HHHHTHH,HTHTHTHT,0,1,closed:default,7,6,2,4,3,0,8,4,7,1,0,1,0.8571428571428571,0.3333333333333333,0.5,0.7142857142857142,0.7142857142857142,0.5,1.0,0.0,0.0,1.0
9,26,HT,TTHHTTHH,1,0,closed:default,2,1,1,1,0,1,8,4,3,2,4,0,0.5,1.0,0.0,0.0,0.0,0.5,0.42857142857142855,0.14285714285714285,0.0,1.0
9,27,HT,HHTTHTHH,1,0,closed:default,2,1,1,1,0,1,8,5,4,2,3,1,0.5,1.0,0.0,0.0,0.0,0.625,0.5714285714285714,0.14285714285714285,0.25,0.75
9,28,TTTHHHH,HTHHHHHT,0,1,closed:default,7,4,1,4,2,0,8,6,3,5,2,1,0.5714285714285714,0.16666666666666666,0.5,0.1428571428571428,0.0,0.75,0.42857142857142855,0.5714285714285714,0.5,0.75
9,29,TH,HTHTHTTT,0,1,closed:default,2,1,1,1,0,1,8,3,5,3,1,1,0.5,1.0,0.0,0.0,0.0,0.375,0.7142857142857143,0.2857142857142857,0.25,0.75
9,30,TH,THHTHHT,0,1,closed:default,2,1,1,1,0,1,7,4,4,2,5,0,0.5,1.0,0.0,0.0,0.0,0.5714285714285714,0.6666666666666666,0.16666666666666666,0.1428571428571428,1.0
9,31,TH,THTHTTT,1,0,closed:default,2,1,1,1,0,1,7,2,4,3,1,1,0.5,1.0,0.0,0.0,0.0,0.2857142857142857,0.6666666666666666,0.3333333333333333,0.4285714285714286,0.7142857142857142
