participant_id,sequence_a,sequence_b,chose_left
p0,HHHHHHHH,TTHTHHHH,0
p0,TTHTHHHH,HTTHTHHH,1
p0,HTTHTHHH,THHHHTHH,1
p0,THHHHTHH,HHTTHTHH,1
p0,HHTTHTHH,TTTHTTHH,0
p0,TTTHTTHH,HTHHHHTH,0
p0,HTHHHHTH,THTTHHTH,0
p0,THTTHHTH,HHHTTHTH,0
p0,HHHTTHTH,TTHHHTTH,1
p0,TTHHHTTH,HTTTHTTH,0
p0,HTTTHTTH,THHTTTTH,0
p0,THHTTTTH,HHTHHHHT,1
p0,HHTHHHHT,TTTTHHHT,0
p0,TTTTHHHT,HTHTTHHT,1
p0,HTHTTHHT,THTHHTHT,1
p0,THTHHTHT,HHHHTTHT,1
p0,HHHHTTHT,TTHTTTHT,0
p0,TTHTTTHT,HTTHHHTT,0
p0,HTTHHHTT,THHHTHTT,0
p0,THHHTHTT,HHTTTHTT,1
p0,HHTTTHTT,TTTHHTTT,1
p0,TTTHHTTT,HTHHTTTT,0
p0,HTHHTTTT,THTTTTTT,1
p0,THTTTTTT,HHTTHHTT,1
p0,HHTTHHTT,HTHTHTHT,0
p0,HTHTHTHT,HTTHHTTH,1
p0,HTTHHTTH,HHHTTTTT,0
p0,HHHTTTTT,TTHHTTHH,0
p0,TTHHTTHH,HTHHTHHT,0
p0,HTHHTHHT,HHHHHHHH,1
p1,HHHHHHHH,TTHTHHHH,0
p1,TTHTHHHH,HTTHTHHH,0
p1,HTTHTHHH,THHHHTHH,1
p1,THHHHTHH,HHTTHTHH,0
p1,HHTTHTHH,TTTHTTHH,1
p1,TTTHTTHH,HTHHHHTH,1
p1,HTHHHHTH,THTTHHTH,0
p1,THTTHHTH,HHHTTHTH,0
p1,HHHTTHTH,TTHHHTTH,0
p1,TTHHHTTH,HTTTHTTH,0
p1,HTTTHTTH,THHTTTTH,1
p1,THHTTTTH,HHTHHHHT,1
p1,HHTHHHHT,TTTTHHHT,1
p1,TTTTHHHT,HTHTTHHT,0
p1,HTHTTHHT,THTHHTHT,1
p1,THTHHTHT,HHHHTTHT,0
p1,HHHHTTHT,TTHTTTHT,1
p1,TTHTTTHT,HTTHHHTT,0
p1,HTTHHHTT,THHHTHTT,1
p1,THHHTHTT,HHTTTHTT,0
p1,HHTTTHTT,TTTHHTTT,1
p1,TTTHHTTT,HTHHTTTT,0
p1,HTHHTTTT,THTTTTTT,0
p1,THTTTTTT,HHTTHHTT,1
p1,HHTTHHTT,HTHTHTHT,0
p1,HTHTHTHT,HTTHHTTH,1
p1,HTTHHTTH,HHHTTTTT,1
p1,HHHTTTTT,TTHHTTHH,0
p1,TTHHTTHH,HTHHTHHT,0
p1,HTHHTHHT,HHHHHHHH,1
p2,HHHHHHHH,TTHTHHHH,0
p2,TTHTHHHH,HTTHTHHH,1
p2,HTTHTHHH,THHHHTHH,1
p2,THHHHTHH,HHTTHTHH,0
p2,HHTTHTHH,TTTHTTHH,1
p2,TTTHTTHH,HTHHHHTH,1
p2,HTHHHHTH,THTTHHTH,1
p2,THTTHHTH,HHHTTHTH,0
p2,HHHTTHTH,TTHHHTTH,1
p2,TTHHHTTH,HTTTHTTH,1
p2,HTTTHTTH,THHTTTTH,1
p2,THHTTTTH,HHTHHHHT,0
p2,HHTHHHHT,TTTTHHHT,1
p2,TTTTHHHT,HTHTTHHT,0
p2,HTHTTHHT,THTHHTHT,1
p2,THTHHTHT,HHHHTTHT,0
p2,HHHHTTHT,TTHTTTHT,1
p2,TTHTTTHT,HTTHHHTT,0
p2,HTTHHHTT,THHHTHTT,0
p2,THHHTHTT,HHTTTHTT,1
p2,HHTTTHTT,TTTHHTTT,1
p2,TTTHHTTT,HTHHTTTT,0
p2,HTHHTTTT,THTTTTTT,1
p2,THTTTTTT,HHTTHHTT,0
p2,HHTTHHTT,HTHTHTHT,0
p2,HTHTHTHT,HTTHHTTH,0
p2,HTTHHTTH,HHHTTTTT,0
p2,HHHTTTTT,TTHHTTHH,0
p2,TTHHTTHH,HTHHTHHT,0
p2,HTHHTHHT,HHHHHHHH,1
p3,HHHHHHHH,TTHTHHHH,0
p3,TTHTHHHH,HTTHTHHH,0
p3,HTTHTHHH,THHHHTHH,1
p3,THHHHTHH,HHTTHTHH,0
p3,HHTTHTHH,TTTHTTHH,0
p3,TTTHTTHH,HTHHHHTH,0
p3,HTHHHHTH,THTTHHTH,1
p3,THTTHHTH,HHHTTHTH,0
p3,HHHTTHTH,TTHHHTTH,0
p3,TTHHHTTH,HTTTHTTH,0
p3,HTTTHTTH,THHTTTTH,1
p3,THHTTTTH,HHTHHHHT,1
p3,HHTHHHHT,TTTTHHHT,0
p3,TTTTHHHT,HTHTTHHT,0
p3,HTHTTHHT,THTHHTHT,1
p3,THTHHTHT,HHHHTTHT,0
p3,HHHHTTHT,TTHTTTHT,1
p3,TTHTTTHT,HTTHHHTT,0
p3,HTTHHHTT,THHHTHTT,1
p3,THHHTHTT,HHTTTHTT,0
p3,HHTTTHTT,TTTHHTTT,1
p3,TTTHHTTT,HTHHTTTT,1
p3,HTHHTTTT,THTTTTTT,1
p3,THTTTTTT,HHTTHHTT,1
p3,HHTTHHTT,HTHTHTHT,0
p3,HTHTHTHT,HTTHHTTH,1
p3,HTTHHTTH,HHHTTTTT,0
p3,HHHTTTTT,TTHHTTHH,1
p3,TTHHTTHH,HTHHTHHT,0
p3,HTHHTHHT,HHHHHHHH,1
p4,HHHHHHHH,TTHTHHHH,0
p4,TTHTHHHH,HTTHTHHH,0
p4,HTTHTHHH,THHHHTHH,0
p4,THHHHTHH,HHTTHTHH,0
p4,HHTTHTHH,TTTHTTHH,1
p4,TTTHTTHH,HTHHHHTH,1
p4,HTHHHHTH,THTTHHTH,0
p4,THTTHHTH,HHHTTHTH,0
p4,HHHTTHTH,TTHHHTTH,1
p4,TTHHHTTH,HTTTHTTH,0
p4,HTTTHTTH,THHTTTTH,1
p4,THHTTTTH,HHTHHHHT,0
p4,HHTHHHHT,TTTTHHHT,0
p4,TTTTHHHT,HTHTTHHT,0
p4,HTHTTHHT,THTHHTHT,1
p4,THTHHTHT,HHHHTTHT,0
p4,HHHHTTHT,TTHTTTHT,0
p4,TTHTTTHT,HTTHHHTT,0
p4,HTTHHHTT,THHHTHTT,0
p4,THHHTHTT,HHTTTHTT,1
p4,HHTTTHTT,TTTHHTTT,1
p4,TTTHHTTT,HTHHTTTT,0
p4,HTHHTTTT,THTTTTTT,0
p4,THTTTTTT,HHTTHHTT,1
p4,HHTTHHTT,HTHTHTHT,0
p4,HTHTHTHT,HTTHHTTH,0
p4,HTTHHTTH,HHHTTTTT,1
p4,HHHTTTTT,TTHHTTHH,0
p4,TTHHTTHH,HTHHTHHT,0
p4,HTHHTHHT,HHHHHHHH,1
p5,HHHHHHHH,TTHTHHHH,1
p5,TTHTHHHH,HTTHTHHH,0
p5,HTTHTHHH,THHHHTHH,1
p5,THHHHTHH,HHTTHTHH,0
p5,HHTTHTHH,TTTHTTHH,1
p5,TTTHTTHH,HTHHHHTH,1
p5,HTHHHHTH,THTTHHTH,0
p5,THTTHHTH,HHHTTHTH,1
p5,HHHTTHTH,TTHHHTTH,0
p5,TTHHHTTH,HTTTHTTH,1
p5,HTTTHTTH,THHTTTTH,1
p5,THHTTTTH,HHTHHHHT,1
p5,HHTHHHHT,TTTTHHHT,1
p5,TTTTHHHT,HTHTTHHT,0
p5,HTHTTHHT,THTHHTHT,1
p5,THTHHTHT,HHHHTTHT,0
p5,HHHHTTHT,TTHTTTHT,1
p5,TTHTTTHT,HTTHHHTT,0
p5,HTTHHHTT,THHHTHTT,0
p5,THHHTHTT,HHTTTHTT,1
p5,HHTTTHTT,TTTHHTTT,1
p5,TTTHHTTT,HTHHTTTT,0
p5,HTHHTTTT,THTTTTTT,1
p5,THTTTTTT,HHTTHHTT,1
p5,HHTTHHTT,HTHTHTHT,0
p5,HTHTHTHT,HTTHHTTH,0
p5,HTTHHTTH,HHHTTTTT,1
p5,HHHTTTTT,TTHHTTHH,0
p5,TTHHTTHH,HTHHTHHT,0
p5,HTHHTHHT,HHHHHHHH,1
p6,HHHHHHHH,TTHTHHHH,0
p6,TTHTHHHH,HTTHTHHH,1
p6,HTTHTHHH,THHHHTHH,1
p6,THHHHTHH,HHTTHTHH,0
p6,HHTTHTHH,TTTHTTHH,1
p6,TTTHTTHH,HTHHHHTH,1
p6,HTHHHHTH,THTTHHTH,0
p6,THTTHHTH,HHHTTHTH,0
p6,HHHTTHTH,TTHHHTTH,1
p6,TTHHHTTH,HTTTHTTH,0
p6,HTTTHTTH,THHTTTTH,1
p6,THHTTTTH,HHTHHHHT,0
p6,HHTHHHHT,TTTTHHHT,1
p6,TTTTHHHT,HTHTTHHT,0
p6,HTHTTHHT,THTHHTHT,0
p6,THTHHTHT,HHHHTTHT,0
p6,HHHHTTHT,TTHTTTHT,1
p6,TTHTTTHT,HTTHHHTT,0
p6,HTTHHHTT,THHHTHTT,0
p6,THHHTHTT,HHTTTHTT,1
p6,HHTTTHTT,TTTHHTTT,1
p6,TTTHHTTT,HTHHTTTT,0
p6,HTHHTTTT,THTTTTTT,1
p6,THTTTTTT,HHTTHHTT,1
p6,HHTTHHTT,HTHTHTHT,0
p6,HTHTHTHT,HTTHHTTH,1
p6,HTTHHTTH,HHHTTTTT,0
p6,HHHTTTTT,TTHHTTHH,1
p6,TTHHTTHH,HTHHTHHT,0
p6,HTHHTHHT,HHHHHHHH,1
p7,HHHHHHHH,TTHTHHHH,0
p7,TTHTHHHH,HTTHTHHH,0
p7,HTTHTHHH,THHHHTHH,1
p7,THHHHTHH,HHTTHTHH,0
p7,HHTTHTHH,TTTHTTHH,1
p7,TTTHTTHH,HTHHHHTH,1
p7,HTHHHHTH,THTTHHTH,0
p7,THTTHHTH,HHHTTHTH,0
p7,HHHTTHTH,TTHHHTTH,0
p7,TTHHHTTH,HTTTHTTH,0
p7,HTTTHTTH,THHTTTTH,0
p7,THHTTTTH,HHTHHHHT,1
p7,HHTHHHHT,TTTTHHHT,1
p7,TTTTHHHT,HTHTTHHT,0
p7,HTHTTHHT,THTHHTHT,1
p7,THTHHTHT,HHHHTTHT,0
p7,HHHHTTHT,TTHTTTHT,1
p7,TTHTTTHT,HTTHHHTT,1
p7,HTTHHHTT,THHHTHTT,0
p7,THHHTHTT,HHTTTHTT,1
p7,HHTTTHTT,TTTHHTTT,1
p7,TTTHHTTT,HTHHTTTT,0
p7,HTHHTTTT,THTTTTTT,1
p7,THTTTTTT,HHTTHHTT,0
p7,HHTTHHTT,HTHTHTHT,1
p7,HTHTHTHT,HTTHHTTH,1
p7,HTTHHTTH,HHHTTTTT,1
p7,HHHTTTTT,TTHHTTHH,0
p7,TTHHTTHH,HTHHTHHT,0
p7,HTHHTHHT,HHHHHHHH,1
p8,HHHHHHHH,TTHTHHHH,0
p8,TTHTHHHH,HTTHTHHH,0
p8,HTTHTHHH,THHHHTHH,0
p8,THHHHTHH,HHTTHTHH,0
p8,HHTTHTHH,TTTHTTHH,0
p8,TTTHTTHH,HTHHHHTH,1
p8,HTHHHHTH,THTTHHTH,0
p8,THTTHHTH,HHHTTHTH,0
p8,HHHTTHTH,TTHHHTTH,1
p8,TTHHHTTH,HTTTHTTH,0
p8,HTTTHTTH,THHTTTTH,1
p8,THHTTTTH,HHTHHHHT,1
p8,HHTHHHHT,TTTTHHHT,0
p8,TTTTHHHT,HTHTTHHT,0
p8,HTHTTHHT,THTHHTHT,1
p8,THTHHTHT,HHHHTTHT,0
p8,HHHHTTHT,TTHTTTHT,0
p8,TTHTTTHT,HTTHHHTT,1
p8,HTTHHHTT,THHHTHTT,0
p8,THHHTHTT,HHTTTHTT,0
p8,HHTTTHTT,TTTHHTTT,1
p8,TTTHHTTT,HTHHTTTT,0
p8,HTHHTTTT,THTTTTTT,0
p8,THTTTTTT,HHTTHHTT,1
p8,HHTTHHTT,HTHTHTHT,0
p8,HTHTHTHT,HTTHHTTH,1
p8,HTTHHTTH,HHHTTTTT,1
p8,HHHTTTTT,TTHHTTHH,1
p8,TTHHTTHH,HTHHTHHT,0
p8,HTHHTHHT,HHHHHHHH,1
p9,HHHHHHHH,TTHTHHHH,0
p9,TTHTHHHH,HTTHTHHH,0
p9,HTTHTHHH,THHHHTHH,1
p9,THHHHTHH,HHTTHTHH,0
p9,HHTTHTHH,TTTHTTHH,0
p9,TTTHTTHH,HTHHHHTH,0
p9,HTHHHHTH,THTTHHTH,0
p9,THTTHHTH,HHHTTHTH,0
p9,HHHTTHTH,TTHHHTTH,0
p9,TTHHHTTH,HTTTHTTH,0
p9,HTTTHTTH,THHTTTTH,1
p9,THHTTTTH,HHTHHHHT,0
p9,HHTHHHHT,TTTTHHHT,0
p9,TTTTHHHT,HTHTTHHT,0
p9,HTHTTHHT,THTHHTHT,1
p9,THTHHTHT,HHHHTTHT,0
p9,HHHHTTHT,TTHTTTHT,1
p9,TTHTTTHT,HTTHHHTT,0
p9,HTTHHHTT,THHHTHTT,0
p9,THHHTHTT,HHTTTHTT,1
p9,HHTTTHTT,TTTHHTTT,1
p9,TTTHHTTT,HTHHTTTT,1
p9,HTHHTTTT,THTTTTTT,1
p9,THTTTTTT,HHTTHHTT,1
p9,HHTTHHTT,HTHTHTHT,0
p9,HTHTHTHT,HTTHHTTH,1
p9,HTTHHTTH,HHHTTTTT,1
p9,HHHTTTTT,TTHHTTHH,0
p9,TTHHTTHH,HTHHTHHT,0
p9,HTHHTHHT,HHHHHHHH,1
p10,HHHHHHHH,TTHTHHHH,0
p10,TTHTHHHH,HTTHTHHH,0
p10,HTTHTHHH,THHHHTHH,1
p10,THHHHTHH,HHTTHTHH,0
p10,HHTTHTHH,TTTHTTHH,1
p10,TTTHTTHH,HTHHHHTH,0
p10,HTHHHHTH,THTTHHTH,0
p10,THTTHHTH,HHHTTHTH,0
p10,HHHTTHTH,TTHHHTTH,0
p10,TTHHHTTH,HTTTHTTH,0
p10,HTTTHTTH,THHTTTTH,1
p10,THHTTTTH,HHTHHHHT,1
p10,HHTHHHHT,TTTTHHHT,0
p10,TTTTHHHT,HTHTTHHT,0
p10,HTHTTHHT,THTHHTHT,1
p10,THTHHTHT,HHHHTTHT,1
p10,HHHHTTHT,TTHTTTHT,0
p10,TTHTTTHT,HTTHHHTT,1
p10,HTTHHHTT,THHHTHTT,1
p10,THHHTHTT,HHTTTHTT,0
p10,HHTTTHTT,TTTHHTTT,1
p10,TTTHHTTT,HTHHTTTT,0
p10,HTHHTTTT,THTTTTTT,0
p10,THTTTTTT,HHTTHHTT,1
p10,HHTTHHTT,HTHTHTHT,0
p10,HTHTHTHT,HTTHHTTH,1
p10,HTTHHTTH,HHHTTTTT,1
p10,HHHTTTTT,TTHHTTHH,0
p10,TTHHTTHH,HTHHTHHT,0
p10,HTHHTHHT,HHHHHHHH,1
p11,HHHHHHHH,TTHTHHHH,0
p11,TTHTHHHH,HTTHTHHH,1
p11,HTTHTHHH,THHHHTHH,1
p11,THHHHTHH,HHTTHTHH,1
p11,HHTTHTHH,TTTHTTHH,1
p11,TTTHTTHH,HTHHHHTH,0
p11,HTHHHHTH,THTTHHTH,0
p11,THTTHHTH,HHHTTHTH,0
p11,HHHTTHTH,TTHHHTTH,1
p11,TTHHHTTH,HTTTHTTH,0
p11,HTTTHTTH,THHTTTTH,1
p11,THHTTTTH,HHTHHHHT,0
p11,HHTHHHHT,TTTTHHHT,1
p11,TTTTHHHT,HTHTTHHT,0
p11,HTHTTHHT,THTHHTHT,1
p11,THTHHTHT,HHHHTTHT,1
p11,HHHHTTHT,TTHTTTHT,1
p11,TTHTTTHT,HTTHHHTT,0
p11,HTTHHHTT,THHHTHTT,0
p11,THHHTHTT,HHTTTHTT,0
p11,HHTTTHTT,TTTHHTTT,0
p11,TTTHHTTT,HTHHTTTT,0
p11,HTHHTTTT,THTTTTTT,1
p11,THTTTTTT,HHTTHHTT,0
p11,HHTTHHTT,HTHTHTHT,1
p11,HTHTHTHT,HTTHHTTH,1
p11,HTTHHTTH,HHHTTTTT,0
p11,HHHTTTTT,TTHHTTHH,0
p11,TTHHTTHH,HTHHTHHT,0
p11,HTHHTHHT,HHHHHHHH,1
p12,HHHHHHHH,TTHTHHHH,0
p12,TTHTHHHH,HTTHTHHH,0
p12,HTTHTHHH,THHHHTHH,1
p12,THHHHTHH,HHTTHTHH,1
p12,HHTTHTHH,TTTHTTHH,1
p12,TTTHTTHH,HTHHHHTH,1
p12,HTHHHHTH,THTTHHTH,0
p12,THTTHHTH,HHHTTHTH,1
p12,HHHTTHTH,TTHHHTTH,0
p12,TTHHHTTH,HTTTHTTH,1
p12,HTTTHTTH,THHTTTTH,1
p12,THHTTTTH,HHTHHHHT,1
p12,HHTHHHHT,TTTTHHHT,1
p12,TTTTHHHT,HTHTTHHT,0
p12,HTHTTHHT,THTHHTHT,1
p12,THTHHTHT,HHHHTTHT,0
p12,HHHHTTHT,TTHTTTHT,1
p12,TTHTTTHT,HTTHHHTT,0
p12,HTTHHHTT,THHHTHTT,0
p12,THHHTHTT,HHTTTHTT,1
p12,HHTTTHTT,TTTHHTTT,1
p12,TTTHHTTT,HTHHTTTT,0
p12,HTHHTTTT,THTTTTTT,0
p12,THTTTTTT,HHTTHHTT,1
p12,HHTTHHTT,HTHTHTHT,0
p12,HTHTHTHT,HTTHHTTH,0
p12,HTTHHTTH,HHHTTTTT,1
p12,HHHTTTTT,TTHHTTHH,0
p12,TTHHTTHH,HTHHTHHT,0
p12,HTHHTHHT,HHHHHHHH,1
p13,HHHHHHHH,TTHTHHHH,0
p13,TTHTHHHH,HTTHTHHH,0
p13,HTTHTHHH,THHHHTHH,1
p13,THHHHTHH,HHTTHTHH,0
p13,HHTTHTHH,TTTHTTHH,0
p13,TTTHTTHH,HTHHHHTH,1
p13,HTHHHHTH,THTTHHTH,0
p13,THTTHHTH,HHHTTHTH,1
p13,HHHTTHTH,TTHHHTTH,1
p13,TTHHHTTH,HTTTHTTH,0
p13,HTTTHTTH,THHTTTTH,1
p13,THHTTTTH,HHTHHHHT,0
p13,HHTHHHHT,TTTTHHHT,1
p13,TTTTHHHT,HTHTTHHT,1
p13,HTHTTHHT,THTHHTHT,1
p13,THTHHTHT,HHHHTTHT,0
p13,HHHHTTHT,TTHTTTHT,1
p13,TTHTTTHT,HTTHHHTT,0
p13,HTTHHHTT,THHHTHTT,1
p13,THHHTHTT,HHTTTHTT,1
p13,HHTTTHTT,TTTHHTTT,0
p13,TTTHHTTT,HTHHTTTT,0
p13,HTHHTTTT,THTTTTTT,0
p13,THTTTTTT,HHTTHHTT,1
p13,HHTTHHTT,HTHTHTHT,0
p13,HTHTHTHT,HTTHHTTH,0
p13,HTTHHTTH,HHHTTTTT,0
p13,HHHTTTTT,TTHHTTHH,0
p13,TTHHTTHH,HTHHTHHT,0
p13,HTHHTHHT,HHHHHHHH,1
p14,HHHHHHHH,TTHTHHHH,0
p14,TTHTHHHH,HTTHTHHH,1
p14,HTTHTHHH,THHHHTHH,0
p14,THHHHTHH,HHTTHTHH,1
p14,HHTTHTHH,TTTHTTHH,1
p14,TTTHTTHH,HTHHHHTH,1
p14,HTHHHHTH,THTTHHTH,0
p14,THTTHHTH,HHHTTHTH,0
p14,HHHTTHTH,TTHHHTTH,1
p14,TTHHHTTH,HTTTHTTH,0
p14,HTTTHTTH,THHTTTTH,1
p14,THHTTTTH,HHTHHHHT,0
p14,HHTHHHHT,TTTTHHHT,1
p14,TTTTHHHT,HTHTTHHT,0
p14,HTHTTHHT,THTHHTHT,1
p14,THTHHTHT,HHHHTTHT,0
p14,HHHHTTHT,TTHTTTHT,1
p14,TTHTTTHT,HTTHHHTT,1
p14,HTTHHHTT,THHHTHTT,1
p14,THHHTHTT,HHTTTHTT,1
p14,HHTTTHTT,TTTHHTTT,1
p14,TTTHHTTT,HTHHTTTT,0
p14,HTHHTTTT,THTTTTTT,0
p14,THTTTTTT,HHTTHHTT,1
p14,HHTTHHTT,HTHTHTHT,0
p14,HTHTHTHT,HTTHHTTH,0
p14,HTTHHTTH,HHHTTTTT,1
p14,HHHTTTTT,TTHHTTHH,0
p14,TTHHTTHH,HTHHTHHT,0
p14,HTHHTHHT,HHHHHHHH,1
