participant_id,trial_index,sequence_a,sequence_b,chose_left,n_a,h_a,alts_a,max_run_a,n_b,h_b,alts_b,max_run_b,p_a,p_alts_a,max_run_norm_a,imbalance_a,periodicity_a,p_b,p_alts_b,max_run_norm_b,imbalance_b,periodicity_b
0,0,HTHTH,HHHTTT,1,5,3,4,1,6,3,1,3,0.6,1.0,0.0,0.19999999999999996,1.0,0.5,0.2,0.4,0.0,0.0
0,1,HHHTTTTH,HTHTHTH,0,8,4,2,4,7,4,6,1,0.5,0.2857142857142857,0.42857142857142855,0.0,0.0,0.5714285714285714,1.0,0.0,0.1428571428571428,1.0
0,2,HTHTHTH,HHTTHHT,0,7,4,6,1,7,4,3,2,0.5714285714285714,1.0,0.0,0.1428571428571428,1.0,0.5714285714285714,0.5,0.16666666666666666,0.1428571428571428,0.1428571428571428
0,3,THTHT,HHTTH,1,5,2,4,1,5,3,2,2,0.4,1.0,0.0,0.19999999999999996,1.0,0.6,0.5,0.25,0.19999999999999996,0.19999999999999996
0,4,HHTTHHT,HTHTHTH,0,7,4,3,2,7,4,6,1,0.5714285714285714,0.5,0.16666666666666666,0.1428571428571428,0.1428571428571428,0.5714285714285714,1.0,0.0,0.1428571428571428,1.0
0,5,HHTTH,HTHTH,1,5,3,2,2,5,3,4,1,0.6,0.5,0.25,0.19999999999999996,0.19999999999999996,0.6,1.0,0.0,0.19999999999999996,1.0
0,6,HTHTHTH,HHHTTT,1,7,4,6,1,6,3,1,3,0.5714285714285714,1.0,0.0,0.1428571428571428,1.0,0.5,0.2,0.4,0.0,0.0
0,7,HHTTHHTT,HTHTHTHT,0,8,4,3,2,8,4,7,1,0.5,0.42857142857142855,0.14285714285714285,0.0,1.0,0.5,1.0,0.0,0.0,1.0
0,8,THTHTHTH,HHTTHHTT,1,8,4,7,1,8,4,3,2,0.5,1.0,0.0,0.0,1.0,0.5,0.42857142857142855,0.14285714285714285,0.0,1.0
0,9,HTHTHTHT,HHTTHHTT,1,8,4,7,1,8,4,3,2,0.5,1.0,0.0,0.0,1.0,0.5,0.42857142857142855,0.14285714285714285,0.0,1.0
0,10,THTHTHTH,HHTTHHTTH,1,8,4,7,1,9,5,4,2,0.5,1.0,0.0,0.0,1.0,0.5555555555555556,0.5,0.125,0.11111111111111116,1.0
0,11,HHTTHHT,THTHTHTH,0,7,4,3,2,8,4,7,1,0.5714285714285714,0.5,0.16666666666666666,0.1428571428571428,0.1428571428571428,0.5,1.0,0.0,0.0,1.0
0,12,HHTHTTTH,HTHTHTH,1,8,4,4,3,7,4,6,1,0.5,0.5714285714285714,0.2857142857142857,0.0,0.5,0.5714285714285714,1.0,0.0,0.1428571428571428,1.0
0,13,HHTHH,HTHTH,0,5,4,2,2,5,3,4,1,0.8,0.5,0.25,0.6000000000000001,0.6000000000000001,0.6,1.0,0.0,0.19999999999999996,1.0
0,14,HHTHHTH,HHHHTTTT,1,7,5,4,2,8,4,1,4,0.7142857142857143,0.6666666666666666,0.16666666666666666,0.4285714285714286,1.0,0.5,0.14285714285714285,0.42857142857142855,0.0,0.0
0,15,HTHTHTH,HHHHTTTT,1,7,4,6,1,8,4,1,4,0.5714285714285714,1.0,0.0,0.1428571428571428,1.0,0.5,0.14285714285714285,0.42857142857142855,0.0,0.0
0,16,HHHHTTTT,THTHTHT,0,8,4,1,4,7,3,6,1,0.5,0.14285714285714285,0.42857142857142855,0.0,0.0,0.42857142857142855,1.0,0.0,0.1428571428571429,1.0
0,17,HTHTHTH,HHHTTTH,1,7,4,6,1,7,4,2,3,0.5714285714285714,1.0,0.0,0.1428571428571428,1.0,0.5714285714285714,0.3333333333333333,0.3333333333333333,0.1428571428571428,0.1428571428571428
0,18,HHHTTTH,THTHTHT,0,7,4,2,3,7,3,6,1,0.5714285714285714,0.3333333333333333,0.3333333333333333,0.1428571428571428,0.1428571428571428,0.42857142857142855,1.0,0.0,0.1428571428571429,1.0
0,19,HHHTTTH,HTHTHTH,0,7,4,2,3,7,4,6,1,0.5714285714285714,0.3333333333333333,0.3333333333333333,0.1428571428571428,0.1428571428571428,0.5714285714285714,1.0,0.0,0.1428571428571428,1.0
1,0,HTHTH,HHHTTT,1,5,3,4,1,6,3,1,3,0.6,1.0,0.0,0.19999999999999996,1.0,0.5,0.2,0.4,0.0,0.0
1,1,HHHTTTTH,HTHTHTH,0,8,4,2,4,7,4,6,1,0.5,0.2857142857142857,0.42857142857142855,0.0,0.0,0.5714285714285714,1.0,0.0,0.1428571428571428,1.0
1,2,HTHTHTH,HHTTHHT,0,7,4,6,1,7,4,3,2,0.5714285714285714,1.0,0.0,0.1428571428571428,1.0,0.5714285714285714,0.5,0.16666666666666666,0.1428571428571428,0.1428571428571428
1,3,THTHT,HHTTH,1,5,2,4,1,5,3,2,2,0.4,1.0,0.0,0.19999999999999996,1.0,0.6,0.5,0.25,0.19999999999999996,0.19999999999999996
1,4,HHTTHHT,HTHTHTH,0,7,4,3,2,7,4,6,1,0.5714285714285714,0.5,0.16666666666666666,0.1428571428571428,0.1428571428571428,0.5714285714285714,1.0,0.0,0.1428571428571428,1.0
1,5,HHTTH,HTHTH,1,5,3,2,2,5,3,4,1,0.6,0.5,0.25,0.19999999999999996,0.19999999999999996,0.6,1.0,0.0,0.19999999999999996,1.0
1,6,HTHTHTH,HHHTTT,0,7,4,6,1,6,3,1,3,0.5714285714285714,1.0,0.0,0.1428571428571428,1.0,0.5,0.2,0.4,0.0,0.0
1,7,HHTTHHTT,HTHTHTHT,1,8,4,3,2,8,4,7,1,0.5,0.42857142857142855,0.14285714285714285,0.0,1.0,0.5,1.0,0.0,0.0,1.0
1,8,THTHTHTH,HHTTHHTT,1,8,4,7,1,8,4,3,2,0.5,1.0,0.0,0.0,1.0,0.5,0.42857142857142855,0.14285714285714285,0.0,1.0
1,9,HTHTHTHT,HHTTHHTT,0,8,4,7,1,8,4,3,2,0.5,1.0,0.0,0.0,1.0,0.5,0.42857142857142855,0.14285714285714285,0.0,1.0
1,10,THTHTHTH,HHTTHHTTH,0,8,4,7,1,9,5,4,2,0.5,1.0,0.0,0.0,1.0,0.5555555555555556,0.5,0.125,0.11111111111111116,1.0
1,11,HHTTHHT,THTHTHTH,1,7,4,3,2,8,4,7,1,0.5714285714285714,0.5,0.16666666666666666,0.1428571428571428,0.1428571428571428,0.5,1.0,0.0,0.0,1.0
1,12,HHTHTTTH,HTHTHTH,1,8,4,4,3,7,4,6,1,0.5,0.5714285714285714,0.2857142857142857,0.0,0.5,0.5714285714285714,1.0,0.0,0.1428571428571428,1.0
1,13,HHTHH,HTHTH,1,5,4,2,2,5,3,4,1,0.8,0.5,0.25,0.6000000000000001,0.6000000000000001,0.6,1.0,0.0,0.19999999999999996,1.0
1,14,HHTHHTH,HHHHTTTT,1,7,5,4,2,8,4,1,4,0.7142857142857143,0.6666666666666666,0.16666666666666666,0.4285714285714286,1.0,0.5,0.14285714285714285,0.42857142857142855,0.0,0.0
1,15,HTHTHTH,HHHHTTTT,1,7,4,6,1,8,4,1,4,0.5714285714285714,1.0,0.0,0.1428571428571428,1.0,0.5,0.14285714285714285,0.42857142857142855,0.0,0.0
1,16,HHHHTTTT,THTHTHT,0,8,4,1,4,7,3,6,1,0.5,0.14285714285714285,0.42857142857142855,0.0,0.0,0.42857142857142855,1.0,0.0,0.1428571428571429,1.0
1,17,HTHTHTH,HHHTTTH,1,7,4,6,1,7,4,2,3,0.5714285714285714,1.0,0.0,0.1428571428571428,1.0,0.5714285714285714,0.3333333333333333,0.3333333333333333,0.1428571428571428,0.1428571428571428
1,18,HHHTTTH,THTHTHT,0,7,4,2,3,7,3,6,1,0.5714285714285714,0.3333333333333333,0.3333333333333333,0.1428571428571428,0.1428571428571428,0.42857142857142855,1.0,0.0,0.1428571428571429,1.0
1,19,HHHTTTH,HTHTHTH,0,7,4,2,3,7,4,6,1,0.5714285714285714,0.3333333333333333,0.3333333333333333,0.1428571428571428,0.1428571428571428,0.5714285714285714,1.0,0.0,0.1428571428571428,1.0
2,0,HTHTH,HHHTTT,1,5,3,4,1,6,3,1,3,0.6,1.0,0.0,0.19999999999999996,1.0,0.5,0.2,0.4,0.0,0.0
2,1,HHHTTTTH,HTHTHTH,1,8,4,2,4,7,4,6,1,0.5,0.2857142857142857,0.42857142857142855,0.0,0.0,0.5714285714285714,1.0,0.0,0.1428571428571428,1.0
2,2,HTHTHTH,HHTTHHT,1,7,4,6,1,7,4,3,2,0.5714285714285714,1.0,0.0,0.1428571428571428,1.0,0.5714285714285714,0.5,0.16666666666666666,0.1428571428571428,0.1428571428571428
2,3,THTHT,HHTTH,1,5,2,4,1,5,3,2,2,0.4,1.0,0.0,0.19999999999999996,1.0,0.6,0.5,0.25,0.19999999999999996,0.19999999999999996
2,4,HHTTHHT,HTHTHTH,1,7,4,3,2,7,4,6,1,0.5714285714285714,0.5,0.16666666666666666,0.1428571428571428,0.1428571428571428,0.5714285714285714,1.0,0.0,0.1428571428571428,1.0
2,5,HHTTH,HTHTH,0,5,3,2,2,5,3,4,1,0.6,0.5,0.25,0.19999999999999996,0.19999999999999996,0.6,1.0,0.0,0.19999999999999996,1.0
2,6,HTHTHTH,HHHTTT,1,7,4,6,1,6,3,1,3,0.5714285714285714,1.0,0.0,0.1428571428571428,1.0,0.5,0.2,0.4,0.0,0.0
2,7,HHTTHHTT,HTHTHTHT,0,8,4,3,2,8,4,7,1,0.5,0.42857142857142855,0.14285714285714285,0.0,1.0,0.5,1.0,0.0,0.0,1.0
2,8,THTHTHTH,HHTTHHTT,1,8,4,7,1,8,4,3,2,0.5,1.0,0.0,0.0,1.0,0.5,0.42857142857142855,0.14285714285714285,0.0,1.0
2,9,HTHTHTHT,HHTTHHTT,0,8,4,7,1,8,4,3,2,0.5,1.0,0.0,0.0,1.0,0.5,0.42857142857142855,0.14285714285714285,0.0,1.0
2,10,THTHTHTH,HHTTHHTTH,1,8,4,7,1,9,5,4,2,0.5,1.0,0.0,0.0,1.0,0.5555555555555556,0.5,0.125,0.11111111111111116,1.0
2,11,HHTTHHT,THTHTHTH,0,7,4,3,2,8,4,7,1,0.5714285714285714,0.5,0.16666666666666666,0.1428571428571428,0.1428571428571428,0.5,1.0,0.0,0.0,1.0
2,12,HHTHTTTH,HTHTHTH,1,8,4,4,3,7,4,6,1,0.5,0.5714285714285714,0.2857142857142857,0.0,0.5,0.5714285714285714,1.0,0.0,0.1428571428571428,1.0
2,13,HHTHH,HTHTH,0,5,4,2,2,5,3,4,1,0.8,0.5,0.25,0.6000000000000001,0.6000000000000001,0.6,1.0,0.0,0.19999999999999996,1.0
2,14,HHTHHTH,HHHHTTTT,1,7,5,4,2,8,4,1,4,0.7142857142857143,0.6666666666666666,0.16666666666666666,0.4285714285714286,1.0,0.5,0.14285714285714285,0.42857142857142855,0.0,0.0
2,15,HTHTHTH,HHHHTTTT,1,7,4,6,1,8,4,1,4,0.5714285714285714,1.0,0.0,0.1428571428571428,1.0,0.5,0.14285714285714285,0.42857142857142855,0.0,0.0
2,16,HHHHTTTT,THTHTHT,0,8,4,1,4,7,3,6,1,0.5,0.14285714285714285,0.42857142857142855,0.0,0.0,0.42857142857142855,1.0,0.0,0.1428571428571429,1.0
2,17,HTHTHTH,HHHTTTH,1,7,4,6,1,7,4,2,3,0.5714285714285714,1.0,0.0,0.1428571428571428,1.0,0.5714285714285714,0.3333333333333333,0.3333333333333333,0.1428571428571428,0.1428571428571428
2,18,HHHTTTH,THTHTHT,0,7,4,2,3,7,3,6,1,0.5714285714285714,0.3333333333333333,0.3333333333333333,0.1428571428571428,0.1428571428571428,0.42857142857142855,1.0,0.0,0.1428571428571429,1.0
2,19,HHHTTTH,HTHTHTH,0,7,4,2,3,7,4,6,1,0.5714285714285714,0.3333333333333333,0.3333333333333333,0.1428571428571428,0.1428571428571428,0.5714285714285714,1.0,0.0,0.1428571428571428,1.0
3,0,HTHTH,HHHTTT,1,5,3,4,1,6,3,1,3,0.6,1.0,0.0,0.19999999999999996,1.0,0.5,0.2,0.4,0.0,0.0
3,1,HHHTTTTH,HTHTHTH,1,8,4,2,4,7,4,6,1,0.5,0.2857142857142857,0.42857142857142855,0.0,0.0,0.5714285714285714,1.0,0.0,0.1428571428571428,1.0
3,2,HTHTHTH,HHTTHHT,1,7,4,6,1,7,4,3,2,0.5714285714285714,1.0,0.0,0.1428571428571428,1.0,0.5714285714285714,0.5,0.16666666666666666,0.1428571428571428,0.1428571428571428
3,3,THTHT,HHTTH,0,5,2,4,1,5,3,2,2,0.4,1.0,0.0,0.19999999999999996,1.0,0.6,0.5,0.25,0.19999999999999996,0.19999999999999996
3,4,HHTTHHT,HTHTHTH,0,7,4,3,2,7,4,6,1,0.5714285714285714,0.5,0.16666666666666666,0.1428571428571428,0.1428571428571428,0.5714285714285714,1.0,0.0,0.1428571428571428,1.0
3,5,HHTTH,HTHTH,0,5,3,2,2,5,3,4,1,0.6,0.5,0.25,0.19999999999999996,0.19999999999999996,0.6,1.0,0.0,0.19999999999999996,1.0
3,6,HTHTHTH,HHHTTT,1,7,4,6,1,6,3,1,3,0.5714285714285714,1.0,0.0,0.1428571428571428,1.0,0.5,0.2,0.4,0.0,0.0
3,7,HHTTHHTT,HTHTHTHT,0,8,4,3,2,8,4,7,1,0.5,0.42857142857142855,0.14285714285714285,0.0,1.0,0.5,1.0,0.0,0.0,1.0
3,8,THTHTHTH,HHTTHHTT,0,8,4,7,1,8,4,3,2,0.5,1.0,0.0,0.0,1.0,0.5,0.42857142857142855,0.14285714285714285,0.0,1.0
3,9,HTHTHTHT,HHTTHHTT,1,8,4,7,1,8,4,3,2,0.5,1.0,0.0,0.0,1.0,0.5,0.42857142857142855,0.14285714285714285,0.0,1.0
3,10,THTHTHTH,HHTTHHTTH,0,8,4,7,1,9,5,4,2,0.5,1.0,0.0,0.0,1.0,0.5555555555555556,0.5,0.125,0.11111111111111116,1.0
3,11,HHTTHHT,THTHTHTH,1,7,4,3,2,8,4,7,1,0.5714285714285714,0.5,0.16666666666666666,0.1428571428571428,0.1428571428571428,0.5,1.0,0.0,0.0,1.0
3,12,HHTHTTTH,HTHTHTH,1,8,4,4,3,7,4,6,1,0.5,0.5714285714285714,0.2857142857142857,0.0,0.5,0.5714285714285714,1.0,0.0,0.1428571428571428,1.0
3,13,HHTHH,HTHTH,0,5,4,2,2,5,3,4,1,0.8,0.5,0.25,0.6000000000000001,0.6000000000000001,0.6,1.0,0.0,0.19999999999999996,1.0
3,14,HHTHHTH,HHHHTTTT,1,7,5,4,2,8,4,1,4,0.7142857142857143,0.6666666666666666,0.16666666666666666,0.4285714285714286,1.0,0.5,0.14285714285714285,0.42857142857142855,0.0,0.0
3,15,HTHTHTH,HHHHTTTT,1,7,4,6,1,8,4,1,4,0.5714285714285714,1.0,0.0,0.1428571428571428,1.0,0.5,0.14285714285714285,0.42857142857142855,0.0,0.0
3,16,HHHHTTTT,THTHTHT,1,8,4,1,4,7,3,6,1,0.5,0.14285714285714285,0.42857142857142855,0.0,0.0,0.42857142857142855,1.0,0.0,0.1428571428571429,1.0
3,17,HTHTHTH,HHHTTTH,1,7,4,6,1,7,4,2,3,0.5714285714285714,1.0,0.0,0.1428571428571428,1.0,0.5714285714285714,0.3333333333333333,0.3333333333333333,0.1428571428571428,0.1428571428571428
3,18,HHHTTTH,THTHTHT,1,7,4,2,3,7,3,6,1,0.5714285714285714,0.3333333333333333,0.3333333333333333,0.1428571428571428,0.1428571428571428,0.42857142857142855,1.0,0.0,0.1428571428571429,1.0
3,19,HHHTTTH,HTHTHTH,0,7,4,2,3,7,4,6,1,0.5714285714285714,0.3333333333333333,0.3333333333333333,0.1428571428571428,0.1428571428571428,0.5714285714285714,1.0,0.0,0.1428571428571428,1.0
4,0,HTHTH,HHHTTT,0,5,3,4,1,6,3,1,3,0.6,1.0,0.0,0.19999999999999996,1.0,0.5,0.2,0.4,0.0,0.0
4,1,HHHTTTTH,HTHTHTH,1,8,4,2,4,7,4,6,1,0.5,0.2857142857142857,0.42857142857142855,0.0,0.0,0.5714285714285714,1.0,0.0,0.1428571428571428,1.0
4,2,HTHTHTH,HHTTHHT,1,7,4,6,1,7,4,3,2,0.5714285714285714,1.0,0.0,0.1428571428571428,1.0,0.5714285714285714,0.5,0.16666666666666666,0.1428571428571428,0.1428571428571428
4,3,THTHT,HHTTH,0,5,2,4,1,5,3,2,2,0.4,1.0,0.0,0.19999999999999996,1.0,0.6,0.5,0.25,0.19999999999999996,0.19999999999999996
4,4,HHTTHHT,HTHTHTH,0,7,4,3,2,7,4,6,1,0.5714285714285714,0.5,0.16666666666666666,0.1428571428571428,0.1428571428571428,0.5714285714285714,1.0,0.0,0.1428571428571428,1.0
4,5,HHTTH,HTHTH,0,5,3,2,2,5,3,4,1,0.6,0.5,0.25,0.19999999999999996,0.19999999999999996,0.6,1.0,0.0,0.19999999999999996,1.0
4,6,HTHTHTH,HHHTTT,1,7,4,6,1,6,3,1,3,0.5714285714285714,1.0,0.0,0.1428571428571428,1.0,0.5,0.2,0.4,0.0,0.0
4,7,HHTTHHTT,HTHTHTHT,0,8,4,3,2,8,4,7,1,0.5,0.42857142857142855,0.14285714285714285,0.0,1.0,0.5,1.0,0.0,0.0,1.0
4,8,THTHTHTH,HHTTHHTT,0,8,4,7,1,8,4,3,2,0.5,1.0,0.0,0.0,1.0,0.5,0.42857142857142855,0.14285714285714285,0.0,1.0
4,9,HTHTHTHT,HHTTHHTT,1,8,4,7,1,8,4,3,2,0.5,1.0,0.0,0.0,1.0,0.5,0.42857142857142855,0.14285714285714285,0.0,1.0
4,10,THTHTHTH,HHTTHHTTH,1,8,4,7,1,9,5,4,2,0.5,1.0,0.0,0.0,1.0,0.5555555555555556,0.5,0.125,0.11111111111111116,1.0
4,11,HHTTHHT,THTHTHTH,1,7,4,3,2,8,4,7,1,0.5714285714285714,0.5,0.16666666666666666,0.1428571428571428,0.1428571428571428,0.5,1.0,0.0,0.0,1.0
4,12,HHTHTTTH,HTHTHTH,0,8,4,4,3,7,4,6,1,0.5,0.5714285714285714,0.2857142857142857,0.0,0.5,0.5714285714285714,1.0,0.0,0.1428571428571428,1.0
4,13,HHTHH,HTHTH,0,5,4,2,2,5,3,4,1,0.8,0.5,0.25,0.6000000000000001,0.6000000000000001,0.6,1.0,0.0,0.19999999999999996,1.0
4,14,HHTHHTH,HHHHTTTT,0,7,5,4,2,8,4,1,4,0.7142857142857143,0.6666666666666666,0.16666666666666666,0.4285714285714286,1.0,0.5,0.14285714285714285,0.42857142857142855,0.0,0.0
4,15,HTHTHTH,HHHHTTTT,0,7,4,6,1,8,4,1,4,0.5714285714285714,1.0,0.0,0.1428571428571428,1.0,0.5,0.14285714285714285,0.42857142857142855,0.0,0.0
4,16,HHHHTTTT,THTHTHT,0,8,4,1,4,7,3,6,1,0.5,0.14285714285714285,0.42857142857142855,0.0,0.0,0.42857142857142855,1.0,0.0,0.1428571428571429,1.0
4,17,HTHTHTH,HHHTTTH,1,7,4,6,1,7,4,2,3,0.5714285714285714,1.0,0.0,0.1428571428571428,1.0,0.5714285714285714,0.3333333333333333,0.3333333333333333,0.1428571428571428,0.1428571428571428
4,18,HHHTTTH,THTHTHT,1,7,4,2,3,7,3,6,1,0.5714285714285714,0.3333333333333333,0.3333333333333333,0.1428571428571428,0.1428571428571428,0.42857142857142855,1.0,0.0,0.1428571428571429,1.0
4,19,HHHTTTH,HTHTHTH,1,7,4,2,3,7,4,6,1,0.5714285714285714,0.3333333333333333,0.3333333333333333,0.1428571428571428,0.1428571428571428,0.5714285714285714,1.0,0.0,0.1428571428571428,1.0
