,rank,elpd_loo,se,elpd_diff,dse,p_loo,loo_reliable,converged,convergence_problems
rsa_l2_valence_shared_prior,0,-21079.18003797531,152.36390497006843,0.0,0.0,5.085859775543213,True,True,
contrast_salience_listener,1,-21099.156173706055,152.95712874951516,19.976135730743408,22.105580765729318,3.216750144958496,True,True,
valence_salience_l2,2,-21108.06429719925,152.1566887322895,28.88425922393799,7.48146041578984,2.9250588417053223,True,True,
rsa_l2_shared_prior_2,3,-21117.120425224304,152.2511208726219,37.94038724899292,3.234641699272689,5.141369342803955,True,True,
valence_salience_listener,4,-21154.60843849182,151.67169472123584,75.42840051651001,8.875257474649386,2.9772114753723145,True,True,
rsa_l2_shared_prior,5,-21169.550679683685,152.21744916133744,90.37064170837402,14.129085898217898,3.8795323371887207,True,True,
rsa_l2,6,-21198.316064834595,151.99501934254803,119.13602685928345,15.96700204368123,1.9388022422790527,True,True,
rsa_l1_shared_prior,7,-21207.381079673767,152.05491002438038,128.2010416984558,14.375521456212555,4.010265827178955,True,True,
rsa_l1_salience,8,-21211.342663288116,151.81455269685617,132.16262531280518,14.481452038855377,3.9634957313537598,True,True,
rsa_l1,9,-21246.1156373024,151.45601816000465,166.9355993270874,16.505844343036134,2.0074377059936523,True,True,
literal_listener,10,-22676.752858161926,146.01227619899558,1597.572820186615,52.02469776186821,0.952692985534668,True,True,
