experiment,condition,objects,query,utterance,object,n,count,observed,literal_listener,rsa_l1,rsa_l2,rsa_l1_salience,rsa_l1_shared_prior
E10_oddman,patch,"[[0,1,1],[1,0,1],[1,1,0]]",utterance,2,0,93,38,0.40860215053763443,0.4804105758666992,0.4805141091346741,0.48017752170562744,0.4808650612831116,0.4810056686401367
E10_oddman,patch,"[[0,1,1],[1,0,1],[1,1,0]]",utterance,2,1,93,48,0.5161290322580645,0.4804105758666992,0.4805141091346741,0.48017752170562744,0.4808650612831116,0.4810056686401367
E10_oddman,patch,"[[0,1,1],[1,0,1],[1,1,0]]",utterance,2,2,93,7,0.07526881720430108,0.03917929530143738,0.03897163271903992,0.03964479640126228,0.03826998919248581,0.03798913210630417
E10_oddman,prior,"[[0,1,1],[1,0,1],[1,1,0]]",prior,-1,0,87,27,0.3103448275862069,0.3333328664302826,0.3333328664302826,0.3333328664302826,0.3333328664302826,0.3333328664302826
E10_oddman,prior,"[[0,1,1],[1,0,1],[1,1,0]]",prior,-1,1,87,35,0.40229885057471265,0.3333328664302826,0.3333328664302826,0.3333328664302826,0.3333328664302826,0.3333328664302826
E10_oddman,prior,"[[0,1,1],[1,0,1],[1,1,0]]",prior,-1,2,87,25,0.28735632183908044,0.3333328664302826,0.3333328664302826,0.3333328664302826,0.3333328664302826,0.3333328664302826
E10_oddman,word,"[[0,1,1],[1,0,1],[1,1,0]]",utterance,2,0,89,34,0.38202247191011235,0.48041054606437683,0.4805141091346741,0.48017746210098267,0.4808650612831116,0.48100563883781433
E10_oddman,word,"[[0,1,1],[1,0,1],[1,1,0]]",utterance,2,1,89,40,0.449438202247191,0.48041054606437683,0.4805141091346741,0.48017746210098267,0.4808650612831116,0.48100563883781433
E10_oddman,word,"[[0,1,1],[1,0,1],[1,1,0]]",utterance,2,2,89,15,0.16853932584269662,0.03917929157614708,0.03897163271903992,0.03964480012655258,0.03826998919248581,0.03798913210630417
E1_dv,forced_choice,"[[0,0],[0,1],[1,1]]",utterance,1,0,248,13,0.05241935483870968,0.03917928785085678,0.038971640169620514,0.03964479640126228,0.03826998919248581,0.03798913210630417
E1_dv,forced_choice,"[[0,0],[0,1],[1,1]]",utterance,1,1,248,196,0.7903225806451613,0.48041054606437683,0.7260910868644714,0.7369822263717651,0.7243903279304504,0.7235943675041199
E1_dv,forced_choice,"[[0,0],[0,1],[1,1]]",utterance,1,2,248,39,0.15725806451612903,0.48041054606437683,0.23493725061416626,0.2233729511499405,0.23733995854854584,0.2384166568517685
E2_manip_check,manip_check,"[[0,0],[0,1],[1,1]]",utterance,1,0,306,13,0.042483660130718956,0.03917929530143738,0.03897163271903992,0.03964480012655258,0.03826998546719551,0.03798912838101387
E2_manip_check,manip_check,"[[0,0],[0,1],[1,1]]",utterance,1,1,306,253,0.826797385620915,0.48041051626205444,0.7260909676551819,0.7369821667671204,0.72439044713974,0.7235942482948303
E2_manip_check,manip_check,"[[0,0],[0,1],[1,1]]",utterance,1,2,306,40,0.13071895424836602,0.48041051626205444,0.23493728041648865,0.22337296605110168,0.23733994364738464,0.2384166270494461
E2_manip_check,no_manip_check,"[[0,0],[0,1],[1,1]]",utterance,1,0,207,4,0.01932367149758454,0.03917929530143738,0.03897162899374962,0.03964480012655258,0.03826998919248581,0.03798913210630417
E2_manip_check,no_manip_check,"[[0,0],[0,1],[1,1]]",utterance,1,1,207,160,0.7729468599033816,0.4804105758666992,0.7260909676551819,0.7369822859764099,0.7243902683258057,0.7235943078994751
E2_manip_check,no_manip_check,"[[0,0],[0,1],[1,1]]",utterance,1,2,207,43,0.20772946859903382,0.4804105758666992,0.23493729531764984,0.22337296605110168,0.23733992874622345,0.2384166568517685
E3_ling_frame,my_X_has,"[[0,0],[0,1],[1,1]]",utterance,1,0,38,0,0.0,0.03917929530143738,0.038971636444330215,0.03964480385184288,0.03826998546719551,0.03798912838101387
E3_ling_frame,my_X_has,"[[0,0],[0,1],[1,1]]",utterance,1,1,38,31,0.8157894736842105,0.4804103672504425,0.7260911464691162,0.7369821667671204,0.7243903279304504,0.7235943675041199
E3_ling_frame,my_X_has,"[[0,0],[0,1],[1,1]]",utterance,1,2,38,7,0.18421052631578946,0.4804103672504425,0.23493731021881104,0.22337301075458527,0.23733994364738464,0.2384166270494461
E3_ling_frame,one_word,"[[0,0],[0,1],[1,1]]",utterance,1,0,51,3,0.058823529411764705,0.03917929157614708,0.03897163271903992,0.03964479640126228,0.03826998546719551,0.03798912838101387
E3_ling_frame,one_word,"[[0,0],[0,1],[1,1]]",utterance,1,1,51,41,0.803921568627451,0.48041045665740967,0.7260909676551819,0.736981987953186,0.7243905067443848,0.7235943078994751
E3_ling_frame,one_word,"[[0,0],[0,1],[1,1]]",utterance,1,2,51,7,0.13725490196078433,0.48041045665740967,0.23493731021881104,0.22337299585342407,0.23733995854854584,0.2384166270494461
E4_prior_frame,action,"[[0,0],[0,1],[1,1]]",prior,-1,0,87,37,0.42528735632183906,0.3333328664302826,0.3333328664302826,0.3333328664302826,0.3098503351211548,0.32210221886634827
E4_prior_frame,action,"[[0,0],[0,1],[1,1]]",prior,-1,1,87,14,0.16091954022988506,0.3333328664302826,0.3333328664302826,0.3333328664302826,0.33253055810928345,0.3330747187137604
E4_prior_frame,action,"[[0,0],[0,1],[1,1]]",prior,-1,2,87,36,0.41379310344827586,0.3333328664302826,0.3333328664302826,0.3333328664302826,0.3576189875602722,0.3448232114315033
E4_prior_frame,mumble,"[[0,0],[0,1],[1,1]]",prior,-1,0,88,27,0.3068181818181818,0.33333295583724976,0.33333295583724976,0.33333295583724976,0.3098503053188324,0.32210227847099304
E4_prior_frame,mumble,"[[0,0],[0,1],[1,1]]",prior,-1,1,88,22,0.25,0.33333295583724976,0.33333295583724976,0.33333295583724976,0.33253052830696106,0.33307474851608276
E4_prior_frame,mumble,"[[0,0],[0,1],[1,1]]",prior,-1,2,88,39,0.4431818181818182,0.33333295583724976,0.33333295583724976,0.33333295583724976,0.357619047164917,0.3448231518268585
E5_baserate,inference_baserate_0.11,"[[0,0],[0,1],[1,1]]",utterance,1,0,72,6,0.08333333333333333,0.03917929157614708,0.03897163271903992,0.03964479640126228,0.03826998546719551,0.03798912838101387
E5_baserate,inference_baserate_0.11,"[[0,0],[0,1],[1,1]]",utterance,1,1,72,54,0.75,0.48041051626205444,0.7260910272598267,0.7369821071624756,0.5146059393882751,0.4893757998943329
E5_baserate,inference_baserate_0.11,"[[0,0],[0,1],[1,1]]",utterance,1,2,72,12,0.16666666666666666,0.48041051626205444,0.23493729531764984,0.22337296605110168,0.4471239447593689,0.4726352095603943
E5_baserate,inference_baserate_0.33,"[[0,0],[0,1],[1,1]]",utterance,1,0,63,1,0.015873015873015872,0.03917929530143738,0.038971636444330215,0.03964478522539139,0.03826998546719551,0.03798912838101387
E5_baserate,inference_baserate_0.33,"[[0,0],[0,1],[1,1]]",utterance,1,1,63,51,0.8095238095238095,0.4804103970527649,0.7260908484458923,0.7369818687438965,0.6631477475166321,0.6506437063217163
E5_baserate,inference_baserate_0.33,"[[0,0],[0,1],[1,1]]",utterance,1,2,63,11,0.1746031746031746,0.4804103970527649,0.23493734002113342,0.22337302565574646,0.2985820472240448,0.3113669157028198
E5_baserate,inference_baserate_0.44,"[[0,0],[0,1],[1,1]]",utterance,1,0,68,2,0.029411764705882353,0.03917929530143738,0.03897163271903992,0.039644792675971985,0.03826998546719551,0.03798912838101387
E5_baserate,inference_baserate_0.44,"[[0,0],[0,1],[1,1]]",utterance,1,1,68,60,0.8823529411764706,0.48041051626205444,0.7260909080505371,0.736981987953186,0.7744746208190918,0.784839391708374
E5_baserate,inference_baserate_0.44,"[[0,0],[0,1],[1,1]]",utterance,1,2,68,6,0.08823529411764706,0.48041051626205444,0.23493731021881104,0.22337299585342407,0.1872551590204239,0.1771714687347412
E5_baserate,inference_baserate_0.77,"[[0,0],[0,1],[1,1]]",utterance,1,0,75,1,0.013333333333333334,0.03917929157614708,0.03897163271903992,0.039644792675971985,0.03826998546719551,0.03798912838101387
E5_baserate,inference_baserate_0.77,"[[0,0],[0,1],[1,1]]",utterance,1,1,75,70,0.9333333333333333,0.4804105758666992,0.7260909676551819,0.7369820475578308,0.8436049818992615,0.8659625053405762
E5_baserate,inference_baserate_0.77,"[[0,0],[0,1],[1,1]]",utterance,1,2,75,4,0.05333333333333334,0.4804105758666992,0.23493731021881104,0.22337298095226288,0.11812497675418854,0.09604794532060623
E5_baserate,prior_baserate_0.11,"[[0,0],[0,1],[1,1]]",prior,-1,0,53,2,0.03773584905660377,0.3333328664302826,0.3333328664302826,0.3333328664302826,0.19782769680023193,0.2290130853652954
E5_baserate,prior_baserate_0.11,"[[0,0],[0,1],[1,1]]",prior,-1,1,53,10,0.18867924528301888,0.3333328664302826,0.3333328664302826,0.3333328664302826,0.21113090217113495,0.23644135892391205
E5_baserate,prior_baserate_0.11,"[[0,0],[0,1],[1,1]]",prior,-1,2,53,41,0.7735849056603774,0.3333328664302826,0.3333328664302826,0.3333328664302826,0.5910413861274719,0.5345456600189209
E5_baserate,prior_baserate_0.33,"[[0,0],[0,1],[1,1]]",prior,-1,0,57,3,0.05263157894736842,0.333332896232605,0.333332896232605,0.333332896232605,0.21638108789920807,0.2425985336303711
E5_baserate,prior_baserate_0.33,"[[0,0],[0,1],[1,1]]",prior,-1,1,57,23,0.40350877192982454,0.333332896232605,0.333332896232605,0.333332896232605,0.31470799446105957,0.3225860893726349
E5_baserate,prior_baserate_0.33,"[[0,0],[0,1],[1,1]]",prior,-1,2,57,31,0.543859649122807,0.333332896232605,0.333332896232605,0.333332896232605,0.4689108729362488,0.4348156154155731
E5_baserate,prior_baserate_0.44,"[[0,0],[0,1],[1,1]]",prior,-1,0,49,6,0.12244897959183673,0.33333292603492737,0.33333292603492737,0.33333292603492737,0.21838414669036865,0.24343279004096985
E5_baserate,prior_baserate_0.44,"[[0,0],[0,1],[1,1]]",prior,-1,1,49,20,0.40816326530612246,0.33333292603492737,0.33333292603492737,0.33333292603492737,0.43990272283554077,0.42141392827033997
E5_baserate,prior_baserate_0.44,"[[0,0],[0,1],[1,1]]",prior,-1,2,49,23,0.46938775510204084,0.33333292603492737,0.33333292603492737,0.33333292603492737,0.34171316027641296,0.3351533114910126
E5_baserate,prior_baserate_0.77,"[[0,0],[0,1],[1,1]]",prior,-1,0,51,1,0.0196078431372549,0.333332896232605,0.333332896232605,0.333332896232605,0.2029379904270172,0.2312755584716797
E5_baserate,prior_baserate_0.77,"[[0,0],[0,1],[1,1]]",prior,-1,1,51,31,0.6078431372549019,0.333332896232605,0.333332896232605,0.333332896232605,0.5649641156196594,0.5217356085777283
E5_baserate,prior_baserate_0.77,"[[0,0],[0,1],[1,1]]",prior,-1,2,51,19,0.37254901960784315,0.333332896232605,0.333332896232605,0.333332896232605,0.2320980429649353,0.24698874354362488
E6_valence,favorite,"[[0,0],[0,1],[1,1]]",utterance,1,0,176,0,0.0,0.03917929157614708,0.03897163271903992,0.03964480012655258,0.03826998919248581,0.03798913210630417
E6_valence,favorite,"[[0,0],[0,1],[1,1]]",utterance,1,1,176,93,0.5284090909090909,0.48041054606437683,0.7260909676551819,0.7369821667671204,0.72439044713974,0.7235942482948303
E6_valence,favorite,"[[0,0],[0,1],[1,1]]",utterance,1,2,176,83,0.4715909090909091,0.48041054606437683,0.23493728041648865,0.2233729511499405,0.23733995854854584,0.2384166568517685
E6_valence,favorite_prior,"[[0,0],[0,1],[1,1]]",prior,-1,0,100,8,0.08,0.33333292603492737,0.33333292603492737,0.33333292603492737,0.3098503053188324,0.32210227847099304
E6_valence,favorite_prior,"[[0,0],[0,1],[1,1]]",prior,-1,1,100,21,0.21,0.33333292603492737,0.33333292603492737,0.33333292603492737,0.33253052830696106,0.33307480812072754
E6_valence,favorite_prior,"[[0,0],[0,1],[1,1]]",prior,-1,2,100,71,0.71,0.33333292603492737,0.33333292603492737,0.33333292603492737,0.35761910676956177,0.34482312202453613
E6_valence,least_favorite,"[[0,0],[0,1],[1,1]]",utterance,1,0,86,6,0.06976744186046512,0.03917929530143738,0.038971636444330215,0.039644792675971985,0.03826998919248581,0.03798913210630417
E6_valence,least_favorite,"[[0,0],[0,1],[1,1]]",utterance,1,1,86,68,0.7906976744186046,0.4804106056690216,0.7260909080505371,0.7369820475578308,0.7243905663490295,0.7235942482948303
E6_valence,least_favorite,"[[0,0],[0,1],[1,1]]",utterance,1,2,86,12,0.13953488372093023,0.4804106056690216,0.23493731021881104,0.22337299585342407,0.23733988404273987,0.2384166568517685
E6_valence,least_favorite_prior,"[[0,0],[0,1],[1,1]]",prior,-1,0,116,92,0.7931034482758621,0.33333292603492737,0.33333292603492737,0.33333292603492737,0.3098502457141876,0.32210224866867065
E6_valence,least_favorite_prior,"[[0,0],[0,1],[1,1]]",prior,-1,1,116,8,0.06896551724137931,0.33333292603492737,0.33333292603492737,0.33333292603492737,0.33253055810928345,0.33307480812072754
E6_valence,least_favorite_prior,"[[0,0],[0,1],[1,1]]",prior,-1,2,116,16,0.13793103448275862,0.33333292603492737,0.33333292603492737,0.33333292603492737,0.35761910676956177,0.3448231518268585
E7_color,inference_color_foil,"[[0,0],[0,1],[1,1]]",utterance,1,0,47,2,0.0425531914893617,0.03917929530143738,0.038971636444330215,0.03964480012655258,0.03826998546719551,0.03798912838101387
E7_color,inference_color_foil,"[[0,0],[0,1],[1,1]]",utterance,1,1,47,39,0.8297872340425532,0.4804103672504425,0.7260910272598267,0.736981987953186,0.72439044713974,0.7235943675041199
E7_color,inference_color_foil,"[[0,0],[0,1],[1,1]]",utterance,1,2,47,6,0.1276595744680851,0.4804103672504425,0.23493734002113342,0.22337304055690765,0.23733995854854584,0.2384166270494461
E7_color,inference_color_logical,"[[0,0],[0,1],[1,1]]",utterance,1,0,48,3,0.0625,0.03917929157614708,0.03897163271903992,0.03964479640126228,0.03826998546719551,0.03798912838101387
E7_color,inference_color_logical,"[[0,0],[0,1],[1,1]]",utterance,1,1,48,26,0.5416666666666666,0.48041048645973206,0.7260910868644714,0.7369821071624756,0.72439044713974,0.7235942482948303
E7_color,inference_color_logical,"[[0,0],[0,1],[1,1]]",utterance,1,2,48,19,0.3958333333333333,0.48041048645973206,0.23493729531764984,0.22337298095226288,0.23733995854854584,0.2384166270494461
E7_color,inference_color_none,"[[0,0],[0,1],[1,1]]",utterance,1,0,38,1,0.02631578947368421,0.03917929530143738,0.038971636444330215,0.03964480385184288,0.03826998546719551,0.03798912838101387
E7_color,inference_color_none,"[[0,0],[0,1],[1,1]]",utterance,1,1,38,30,0.7894736842105263,0.4804103672504425,0.7260911464691162,0.7369821667671204,0.7243903279304504,0.7235943675041199
E7_color,inference_color_none,"[[0,0],[0,1],[1,1]]",utterance,1,2,38,7,0.18421052631578946,0.4804103672504425,0.23493731021881104,0.22337301075458527,0.23733994364738464,0.2384166270494461
E7_color,inference_color_target,"[[0,0],[0,1],[1,1]]",utterance,1,0,46,1,0.021739130434782608,0.03917929530143738,0.038971636444330215,0.03964480012655258,0.03826998546719551,0.03798912838101387
E7_color,inference_color_target,"[[0,0],[0,1],[1,1]]",utterance,1,1,46,39,0.8478260869565217,0.4804103672504425,0.7260910272598267,0.736981987953186,0.72439044713974,0.7235943078994751
E7_color,inference_color_target,"[[0,0],[0,1],[1,1]]",utterance,1,2,46,6,0.13043478260869565,0.4804103672504425,0.23493734002113342,0.22337304055690765,0.23733995854854584,0.2384166270494461
E7_color,prior_color_foil,"[[0,0],[0,1],[1,1]]",prior,-1,0,27,11,0.4074074074074074,0.33333295583724976,0.33333295583724976,0.33333295583724976,0.3098503351211548,0.32210227847099304
E7_color,prior_color_foil,"[[0,0],[0,1],[1,1]]",prior,-1,1,27,2,0.07407407407407407,0.33333295583724976,0.33333295583724976,0.33333295583724976,0.33253058791160583,0.3330747187137604
E7_color,prior_color_foil,"[[0,0],[0,1],[1,1]]",prior,-1,2,27,14,0.5185185185185185,0.33333295583724976,0.33333295583724976,0.33333295583724976,0.3576190769672394,0.3448231518268585
E7_color,prior_color_logical,"[[0,0],[0,1],[1,1]]",prior,-1,0,24,3,0.125,0.33333292603492737,0.33333292603492737,0.33333292603492737,0.3098503351211548,0.32210224866867065
E7_color,prior_color_logical,"[[0,0],[0,1],[1,1]]",prior,-1,1,24,7,0.2916666666666667,0.33333292603492737,0.33333292603492737,0.33333292603492737,0.33253055810928345,0.3330747187137604
E7_color,prior_color_logical,"[[0,0],[0,1],[1,1]]",prior,-1,2,24,14,0.5833333333333334,0.33333292603492737,0.33333292603492737,0.33333292603492737,0.357619047164917,0.3448232114315033
E7_color,prior_color_target,"[[0,0],[0,1],[1,1]]",prior,-1,0,34,7,0.20588235294117646,0.33333292603492737,0.33333292603492737,0.33333292603492737,0.3098503649234772,0.32210227847099304
E7_color,prior_color_target,"[[0,0],[0,1],[1,1]]",prior,-1,1,34,15,0.4411764705882353,0.33333292603492737,0.33333292603492737,0.33333292603492737,0.33253058791160583,0.3330747187137604
E7_color,prior_color_target,"[[0,0],[0,1],[1,1]]",prior,-1,2,34,12,0.35294117647058826,0.33333292603492737,0.33333292603492737,0.33333292603492737,0.357619047164917,0.3448231518268585
E8_levels,complex_L0,"[[0,0,1],[0,1,1],[1,1,0]]",utterance,0,0,52,0,0.0,0.03917929157614708,0.038971636444330215,0.03964479640126228,0.03826998546719551,0.03798912838101387
E8_levels,complex_L0,"[[0,0,1],[0,1,1],[1,1,0]]",utterance,0,1,52,2,0.038461538461538464,0.03917929157614708,0.038971636444330215,0.03964479640126228,0.03826998546719551,0.03798912838101387
E8_levels,complex_L0,"[[0,0,1],[0,1,1],[1,1,0]]",utterance,0,2,52,50,0.9615384615384616,0.9216413497924805,0.9220567941665649,0.9207105040550232,0.9234604239463806,0.9240217208862305
E8_levels,complex_L1,"[[0,0,1],[0,1,1],[1,1,0]]",utterance,2,0,58,44,0.7586206896551724,0.48041048645973206,0.6276952028274536,0.6714812517166138,0.6121852993965149,0.6182492971420288
E8_levels,complex_L1,"[[0,0,1],[0,1,1],[1,1,0]]",utterance,2,1,58,11,0.1896551724137931,0.48041048645973206,0.333332896232605,0.288874089717865,0.34954458475112915,0.3437614440917969
E8_levels,complex_L1,"[[0,0,1],[0,1,1],[1,1,0]]",utterance,2,2,58,3,0.05172413793103448,0.03917929157614708,0.03897163271903992,0.039644792675971985,0.03826998546719551,0.03798912838101387
E8_levels,complex_L2,"[[0,0,1],[0,1,1],[1,1,0]]",utterance,1,0,62,4,0.06451612903225806,0.03917929530143738,0.038971636444330215,0.039644788950681686,0.03826998546719551,0.03798912838101387
E8_levels,complex_L2,"[[0,0,1],[0,1,1],[1,1,0]]",utterance,1,1,62,33,0.532258064516129,0.4804104268550873,0.6013641357421875,0.6050679683685303,0.6149291396141052,0.606307327747345
E8_levels,complex_L2,"[[0,0,1],[0,1,1],[1,1,0]]",utterance,1,2,62,25,0.4032258064516129,0.4804104268550873,0.3596642017364502,0.35528719425201416,0.3468013107776642,0.35570359230041504
E8_levels,complex_prior,"[[0,0,1],[0,1,1],[1,1,0]]",prior,-1,0,78,31,0.3974358974358974,0.3333328664302826,0.3333328664302826,0.3333328664302826,0.3176579773426056,0.32584166526794434
E8_levels,complex_prior,"[[0,0,1],[0,1,1],[1,1,0]]",prior,-1,1,78,18,0.23076923076923078,0.3333328664302826,0.3333328664302826,0.3333328664302826,0.3411710560321808,0.3370792865753174
E8_levels,complex_prior,"[[0,0,1],[0,1,1],[1,1,0]]",prior,-1,2,78,29,0.3717948717948718,0.3333328664302826,0.3333328664302826,0.3333328664302826,0.3411710560321808,0.3370792865753174
E8_levels,simple_L0,"[[0,0],[0,1],[1,1]]",utterance,0,0,49,1,0.02040816326530612,0.03917929157614708,0.03897163271903992,0.03964479640126228,0.03826998546719551,0.03798912838101387
E8_levels,simple_L0,"[[0,0],[0,1],[1,1]]",utterance,0,1,49,0,0.0,0.03917929157614708,0.03897163271903992,0.03964479640126228,0.03826998546719551,0.03798912838101387
E8_levels,simple_L0,"[[0,0],[0,1],[1,1]]",utterance,0,2,49,48,0.9795918367346939,0.9216412901878357,0.9220566749572754,0.9207104444503784,0.9234603643417358,0.9240216612815857
E8_levels,simple_L1,"[[0,0],[0,1],[1,1]]",utterance,1,0,46,0,0.0,0.03917929530143738,0.038971636444330215,0.03964480012655258,0.03826998546719551,0.03798912838101387
E8_levels,simple_L1,"[[0,0],[0,1],[1,1]]",utterance,1,1,46,37,0.8043478260869565,0.4804103672504425,0.7260910272598267,0.736981987953186,0.72439044713974,0.7235943078994751
E8_levels,simple_L1,"[[0,0],[0,1],[1,1]]",utterance,1,2,46,9,0.1956521739130435,0.4804103672504425,0.23493734002113342,0.22337304055690765,0.23733995854854584,0.2384166270494461
E9_twins,prior,"[[0,1,1],[1,0,1],[1,0,1]]",prior,-1,0,87,48,0.5517241379310345,0.3333328664302826,0.3333328664302826,0.3333328664302826,0.3333328664302826,0.3333328664302826
E9_twins,prior,"[[0,1,1],[1,0,1],[1,0,1]]",prior,-1,1,87,39,0.4482758620689655,0.6666657328605652,0.6666657328605652,0.6666657328605652,0.6666657328605652,0.6666657328605652
E9_twins,twin,"[[0,1,1],[1,0,1],[1,0,1]]",utterance,0,0,46,5,0.10869565217391304,0.03917929530143738,0.038971636444330215,0.03964480012655258,0.03826998546719551,0.03798912838101387
E9_twins,twin,"[[0,1,1],[1,0,1],[1,0,1]]",utterance,0,1,46,41,0.8913043478260869,0.960820734500885,0.9610283970832825,0.9603548645973206,0.9617303013801575,0.96201092004776
E9_twins,uniform,"[[0,1,1],[1,0,1],[1,0,1]]",utterance,2,0,60,23,0.38333333333333336,0.3333328664302826,0.21915830671787262,0.23949284851551056,0.2074381411075592,0.21269723773002625
E9_twins,uniform,"[[0,1,1],[1,0,1],[1,0,1]]",utterance,2,1,60,37,0.6166666666666667,0.6666657328605652,0.7808420658111572,0.7605069279670715,0.7925618290901184,0.78730309009552
color_prior_rerun,prior_color_foil,"[[0,0],[0,1],[1,1]]",prior,-1,0,30,14,0.4666666666666667,0.33333295583724976,0.33333295583724976,0.33333295583724976,0.3098503649234772,0.32210227847099304
color_prior_rerun,prior_color_foil,"[[0,0],[0,1],[1,1]]",prior,-1,1,30,5,0.16666666666666666,0.33333295583724976,0.33333295583724976,0.33333295583724976,0.3325306177139282,0.333074688911438
color_prior_rerun,prior_color_foil,"[[0,0],[0,1],[1,1]]",prior,-1,2,30,11,0.36666666666666664,0.33333295583724976,0.33333295583724976,0.33333295583724976,0.35761910676956177,0.3448231518268585
color_prior_rerun,prior_color_logical,"[[0,0],[0,1],[1,1]]",prior,-1,0,24,10,0.4166666666666667,0.33333292603492737,0.33333292603492737,0.33333292603492737,0.3098503351211548,0.32210224866867065
color_prior_rerun,prior_color_logical,"[[0,0],[0,1],[1,1]]",prior,-1,1,24,2,0.08333333333333333,0.33333292603492737,0.33333292603492737,0.33333292603492737,0.33253055810928345,0.3330747187137604
color_prior_rerun,prior_color_logical,"[[0,0],[0,1],[1,1]]",prior,-1,2,24,12,0.5,0.33333292603492737,0.33333292603492737,0.33333292603492737,0.357619047164917,0.3448232114315033
color_prior_rerun,prior_color_target,"[[0,0],[0,1],[1,1]]",prior,-1,0,29,12,0.41379310344827586,0.33333295583724976,0.33333295583724976,0.33333295583724976,0.3098503649234772,0.32210227847099304
color_prior_rerun,prior_color_target,"[[0,0],[0,1],[1,1]]",prior,-1,1,29,7,0.2413793103448276,0.33333295583724976,0.33333295583724976,0.33333295583724976,0.3325306177139282,0.333074688911438
color_prior_rerun,prior_color_target,"[[0,0],[0,1],[1,1]]",prior,-1,2,29,10,0.3448275862068966,0.33333295583724976,0.33333295583724976,0.33333295583724976,0.3576190769672394,0.3448231518268585
levels_prior_action,complex_prior_action,"[[0,0,1],[0,1,1],[1,1,0]]",prior,-1,0,91,46,0.5054945054945055,0.33333292603492737,0.33333292603492737,0.33333292603492737,0.317658007144928,0.32584166526794434
levels_prior_action,complex_prior_action,"[[0,0,1],[0,1,1],[1,1,0]]",prior,-1,1,91,16,0.17582417582417584,0.33333292603492737,0.33333292603492737,0.33333292603492737,0.3411710560321808,0.337079256772995
levels_prior_action,complex_prior_action,"[[0,0,1],[0,1,1],[1,1,0]]",prior,-1,2,91,29,0.31868131868131866,0.33333292603492737,0.33333292603492737,0.33333292603492737,0.3411710560321808,0.337079256772995
sequences,(0b1b)x3,"[[0,0],[0,1],[1,1]]",utterance,0,0,138,4,0.028985507246376812,0.03917929157614708,0.03897163271903992,0.039644792675971985,0.03826998546719551,0.03798912838101387
sequences,(0b1b)x3,"[[0,0],[0,1],[1,1]]",utterance,0,1,138,2,0.014492753623188406,0.03917929157614708,0.03897163271903992,0.039644792675971985,0.03826998546719551,0.03798912838101387
sequences,(0b1b)x3,"[[0,0],[0,1],[1,1]]",utterance,0,2,138,132,0.9565217391304348,0.9216412305831909,0.9220566749572754,0.9207103848457336,0.9234603643417358,0.9240216016769409
sequences,(0b1b)x3,"[[0,0],[0,1],[1,1]]",utterance,1,0,138,1,0.007246376811594203,0.03917929157614708,0.03897163271903992,0.039644792675971985,0.03826998546719551,0.03798912838101387
sequences,(0b1b)x3,"[[0,0],[0,1],[1,1]]",utterance,1,1,138,108,0.782608695652174,0.48041054606437683,0.7260910272598267,0.7369821071624756,0.72439044713974,0.7235942482948303
sequences,(0b1b)x3,"[[0,0],[0,1],[1,1]]",utterance,1,2,138,29,0.21014492753623187,0.48041054606437683,0.23493731021881104,0.22337296605110168,0.23733992874622345,0.2384166419506073
sequences,(0w1w)x3,"[[0,0],[0,1],[1,1]]",utterance,0,0,141,0,0.0,0.03917929530143738,0.03897163271903992,0.03964479640126228,0.03826998546719551,0.03798912838101387
sequences,(0w1w)x3,"[[0,0],[0,1],[1,1]]",utterance,0,1,141,1,0.0070921985815602835,0.03917929530143738,0.03897163271903992,0.03964479640126228,0.03826998546719551,0.03798912838101387
sequences,(0w1w)x3,"[[0,0],[0,1],[1,1]]",utterance,0,2,141,140,0.9929078014184397,0.9216411113739014,0.9220566749572754,0.9207103252410889,0.9234604239463806,0.9240214824676514
sequences,(0w1w)x3,"[[0,0],[0,1],[1,1]]",utterance,1,0,141,6,0.0425531914893617,0.03917929530143738,0.03897163271903992,0.03964479640126228,0.03826998546719551,0.03798912838101387
sequences,(0w1w)x3,"[[0,0],[0,1],[1,1]]",utterance,1,1,141,111,0.7872340425531915,0.48041051626205444,0.7260909676551819,0.7369821071624756,0.7243905067443848,0.7235943078994751
sequences,(0w1w)x3,"[[0,0],[0,1],[1,1]]",utterance,1,2,141,24,0.1702127659574468,0.48041051626205444,0.23493729531764984,0.22337298095226288,0.23733991384506226,0.2384166270494461
sequences,0w1w1b,"[[0,0],[0,1],[1,1]]",utterance,0,0,80,3,0.0375,0.03917929157614708,0.03897163271903992,0.03964480012655258,0.03826998919248581,0.03798913210630417
sequences,0w1w1b,"[[0,0],[0,1],[1,1]]",utterance,0,1,80,2,0.025,0.03917929157614708,0.03897163271903992,0.03964480012655258,0.03826998919248581,0.03798913210630417
sequences,0w1w1b,"[[0,0],[0,1],[1,1]]",utterance,0,2,80,75,0.9375,0.9216412305831909,0.9220565557479858,0.9207104444503784,0.9234603047370911,0.9240216016769409
sequences,0w1w1b,"[[0,0],[0,1],[1,1]]",utterance,1,0,160,5,0.03125,0.03917929157614708,0.03897163271903992,0.03964480012655258,0.03826998919248581,0.03798913210630417
sequences,0w1w1b,"[[0,0],[0,1],[1,1]]",utterance,1,1,160,132,0.825,0.48041051626205444,0.7260910272598267,0.7369821667671204,0.72439044713974,0.7235942482948303
sequences,0w1w1b,"[[0,0],[0,1],[1,1]]",utterance,1,2,160,23,0.14375,0.48041051626205444,0.23493728041648865,0.22337296605110168,0.23733994364738464,0.2384166419506073
sequences,0w1w2w,"[[0,0,1],[0,1,1],[1,1,0]]",utterance,0,0,43,1,0.023255813953488372,0.03917929157614708,0.038971636444330215,0.03964480012655258,0.03826998546719551,0.03798912838101387
sequences,0w1w2w,"[[0,0,1],[0,1,1],[1,1,0]]",utterance,0,1,43,3,0.06976744186046512,0.03917929157614708,0.038971636444330215,0.03964480012655258,0.03826998546719551,0.03798912838101387
sequences,0w1w2w,"[[0,0,1],[0,1,1],[1,1,0]]",utterance,0,2,43,39,0.9069767441860465,0.9216413497924805,0.9220567941665649,0.9207104444503784,0.9234604239463806,0.9240217208862305
sequences,0w1w2w,"[[0,0,1],[0,1,1],[1,1,0]]",utterance,1,0,43,3,0.06976744186046512,0.03917929157614708,0.038971636444330215,0.03964480012655258,0.03826998546719551,0.03798912838101387
sequences,0w1w2w,"[[0,0,1],[0,1,1],[1,1,0]]",utterance,1,1,43,35,0.813953488372093,0.4804104268550873,0.6013641357421875,0.6050679683685303,0.6149291396141052,0.6063072681427002
sequences,0w1w2w,"[[0,0,1],[0,1,1],[1,1,0]]",utterance,1,2,43,5,0.11627906976744186,0.4804104268550873,0.35966408252716064,0.35528719425201416,0.34680119156837463,0.3557036221027374
sequences,0w1w2w,"[[0,0,1],[0,1,1],[1,1,0]]",utterance,2,0,43,33,0.7674418604651163,0.4804104268550873,0.6276951432228088,0.6714813113212585,0.6121852397918701,0.6182493567466736
sequences,0w1w2w,"[[0,0,1],[0,1,1],[1,1,0]]",utterance,2,1,43,8,0.18604651162790697,0.4804104268550873,0.33333292603492737,0.288874089717865,0.34954461455345154,0.3437614440917969
sequences,0w1w2w,"[[0,0,1],[0,1,1],[1,1,0]]",utterance,2,2,43,2,0.046511627906976744,0.03917929157614708,0.038971636444330215,0.03964480012655258,0.03826998546719551,0.03798912838101387
sequences,0w2w1w,"[[0,0,1],[0,1,1],[1,1,0]]",utterance,0,0,45,2,0.044444444444444446,0.03917929157614708,0.038971636444330215,0.03964480012655258,0.03826998546719551,0.03798912838101387
sequences,0w2w1w,"[[0,0,1],[0,1,1],[1,1,0]]",utterance,0,1,45,1,0.022222222222222223,0.03917929157614708,0.038971636444330215,0.03964480012655258,0.03826998546719551,0.03798912838101387
sequences,0w2w1w,"[[0,0,1],[0,1,1],[1,1,0]]",utterance,0,2,45,42,0.9333333333333333,0.9216413497924805,0.9220568537712097,0.9207105040550232,0.9234604835510254,0.9240217208862305
sequences,0w2w1w,"[[0,0,1],[0,1,1],[1,1,0]]",utterance,1,0,45,1,0.022222222222222223,0.03917929157614708,0.038971636444330215,0.03964480012655258,0.03826998546719551,0.03798912838101387
sequences,0w2w1w,"[[0,0,1],[0,1,1],[1,1,0]]",utterance,1,1,45,30,0.6666666666666666,0.4804103970527649,0.6013641357421875,0.6050679683685303,0.6149291396141052,0.606307327747345
sequences,0w2w1w,"[[0,0,1],[0,1,1],[1,1,0]]",utterance,1,2,45,14,0.3111111111111111,0.4804103970527649,0.35966411232948303,0.35528722405433655,0.34680119156837463,0.3557036221027374
sequences,0w2w1w,"[[0,0,1],[0,1,1],[1,1,0]]",utterance,2,0,45,35,0.7777777777777778,0.4804103970527649,0.6276951432228088,0.6714813113212585,0.6121851801872253,0.6182493567466736
sequences,0w2w1w,"[[0,0,1],[0,1,1],[1,1,0]]",utterance,2,1,45,8,0.17777777777777778,0.4804103970527649,0.33333292603492737,0.288874089717865,0.34954461455345154,0.3437614440917969
sequences,0w2w1w,"[[0,0,1],[0,1,1],[1,1,0]]",utterance,2,2,45,2,0.044444444444444446,0.03917929157614708,0.038971636444330215,0.03964480012655258,0.03826998546719551,0.03798912838101387
sequences,1w0w1b,"[[0,0],[0,1],[1,1]]",utterance,0,0,111,0,0.0,0.03917929530143738,0.03897162154316902,0.03964479640126228,0.03826998919248581,0.03798913210630417
sequences,1w0w1b,"[[0,0],[0,1],[1,1]]",utterance,0,1,111,1,0.009009009009009009,0.03917929530143738,0.03897162154316902,0.03964479640126228,0.03826998919248581,0.03798913210630417
sequences,1w0w1b,"[[0,0],[0,1],[1,1]]",utterance,0,2,111,110,0.990990990990991,0.9216411113739014,0.9220566153526306,0.9207103252410889,0.9234603047370911,0.9240214824676514
sequences,1w0w1b,"[[0,0],[0,1],[1,1]]",utterance,1,0,222,12,0.05405405405405406,0.03917929530143738,0.03897162899374962,0.03964480012655258,0.03826998919248581,0.03798913210630417
sequences,1w0w1b,"[[0,0],[0,1],[1,1]]",utterance,1,1,222,168,0.7567567567567568,0.4804105758666992,0.7260909676551819,0.7369822859764099,0.7243903279304504,0.7235943078994751
sequences,1w0w1b,"[[0,0],[0,1],[1,1]]",utterance,1,2,222,42,0.1891891891891892,0.4804105758666992,0.23493726551532745,0.22337296605110168,0.23733992874622345,0.2384166568517685
sequences,1w2w0w,"[[0,0,1],[0,1,1],[1,1,0]]",utterance,0,0,52,1,0.019230769230769232,0.03917929157614708,0.038971636444330215,0.03964479640126228,0.03826998546719551,0.03798912838101387
sequences,1w2w0w,"[[0,0,1],[0,1,1],[1,1,0]]",utterance,0,1,52,1,0.019230769230769232,0.03917929157614708,0.038971636444330215,0.03964479640126228,0.03826998546719551,0.03798912838101387
sequences,1w2w0w,"[[0,0,1],[0,1,1],[1,1,0]]",utterance,0,2,52,50,0.9615384615384616,0.9216413497924805,0.9220567941665649,0.9207105040550232,0.9234604239463806,0.9240217208862305
sequences,1w2w0w,"[[0,0,1],[0,1,1],[1,1,0]]",utterance,1,0,52,3,0.057692307692307696,0.03917929157614708,0.038971636444330215,0.03964479640126228,0.03826998546719551,0.03798912838101387
sequences,1w2w0w,"[[0,0,1],[0,1,1],[1,1,0]]",utterance,1,1,52,29,0.5576923076923077,0.4804104268550873,0.6013641357421875,0.6050679683685303,0.6149291396141052,0.6063072681427002
sequences,1w2w0w,"[[0,0,1],[0,1,1],[1,1,0]]",utterance,1,2,52,20,0.38461538461538464,0.4804104268550873,0.3596641719341278,0.35528719425201416,0.3468012809753418,0.3557036221027374
sequences,1w2w0w,"[[0,0,1],[0,1,1],[1,1,0]]",utterance,2,0,52,45,0.8653846153846154,0.4804104268550873,0.6276952028274536,0.6714812517166138,0.6121852397918701,0.6182493567466736
sequences,1w2w0w,"[[0,0,1],[0,1,1],[1,1,0]]",utterance,2,1,52,5,0.09615384615384616,0.4804104268550873,0.3333328664302826,0.288874089717865,0.34954458475112915,0.3437614440917969
sequences,1w2w0w,"[[0,0,1],[0,1,1],[1,1,0]]",utterance,2,2,52,2,0.038461538461538464,0.03917929157614708,0.038971636444330215,0.03964479640126228,0.03826998546719551,0.03798912838101387
sequences,2w1w0w,"[[0,0,1],[0,1,1],[1,1,0]]",utterance,0,0,53,1,0.018867924528301886,0.03917929530143738,0.038971636444330215,0.03964479640126228,0.03826998174190521,0.03798912465572357
sequences,2w1w0w,"[[0,0,1],[0,1,1],[1,1,0]]",utterance,0,1,53,0,0.0,0.03917929530143738,0.038971636444330215,0.03964479640126228,0.03826998174190521,0.03798912465572357
sequences,2w1w0w,"[[0,0,1],[0,1,1],[1,1,0]]",utterance,0,2,53,52,0.9811320754716981,0.9216413497924805,0.9220567941665649,0.9207105040550232,0.9234604835510254,0.9240217208862305
sequences,2w1w0w,"[[0,0,1],[0,1,1],[1,1,0]]",utterance,1,0,53,2,0.03773584905660377,0.03917929530143738,0.038971636444330215,0.03964479640126228,0.03826998174190521,0.03798912465572357
sequences,2w1w0w,"[[0,0,1],[0,1,1],[1,1,0]]",utterance,1,1,53,27,0.5094339622641509,0.4804104268550873,0.6013641357421875,0.6050679087638855,0.6149291396141052,0.6063072681427002
sequences,2w1w0w,"[[0,0,1],[0,1,1],[1,1,0]]",utterance,1,2,53,24,0.4528301886792453,0.4804104268550873,0.3596642017364502,0.35528719425201416,0.3468012809753418,0.35570359230041504
sequences,2w1w0w,"[[0,0,1],[0,1,1],[1,1,0]]",utterance,2,0,53,35,0.660377358490566,0.4804104268550873,0.6276952624320984,0.6714813113212585,0.6121851801872253,0.6182493567466736
sequences,2w1w0w,"[[0,0,1],[0,1,1],[1,1,0]]",utterance,2,1,53,15,0.2830188679245283,0.4804104268550873,0.3333328664302826,0.288874089717865,0.34954458475112915,0.3437614440917969
sequences,2w1w0w,"[[0,0,1],[0,1,1],[1,1,0]]",utterance,2,2,53,3,0.05660377358490566,0.03917929530143738,0.038971636444330215,0.03964479640126228,0.03826998174190521,0.03798912465572357
size,inference_2obj_2feat_sl0,"[[0,1],[1,1]]",utterance,1,0,46,33,0.717391304347826,0.5,0.7455772757530212,0.7568046450614929,0.7435253262519836,0.7425888776779175
size,inference_2obj_2feat_sl0,"[[0,1],[1,1]]",utterance,1,1,46,13,0.2826086956521739,0.5,0.254423052072525,0.2431955337524414,0.25647488236427307,0.2574112117290497
size,inference_2obj_3feat_sl6,"[[0,1,1],[1,1,1]]",utterance,1,0,46,28,0.6086956521739131,0.5,0.6701617240905762,0.6598036289215088,0.6646817326545715,0.665454089641571
size,inference_2obj_3feat_sl6,"[[0,1,1],[1,1,1]]",utterance,1,1,46,18,0.391304347826087,0.5,0.3298385441303253,0.34019649028778076,0.33531835675239563,0.33454591035842896
size,inference_2obj_4feat_sl14,"[[0,1,1,1],[1,1,1,1]]",utterance,1,0,49,27,0.5510204081632653,0.5,0.630195677280426,0.6140690445899963,0.6223841309547424,0.6245818138122559
size,inference_2obj_4feat_sl14,"[[0,1,1,1],[1,1,1,1]]",utterance,1,1,49,22,0.4489795918367347,0.5,0.36980435252189636,0.38593074679374695,0.37761563062667847,0.37541821599006653
size,inference_3obj_2feat_sl2,"[[0,0],[0,1],[1,1]]",utterance,1,0,61,2,0.03278688524590164,0.03917929530143738,0.038971636444330215,0.039644788950681686,0.03826998546719551,0.03798912838101387
size,inference_3obj_2feat_sl2,"[[0,0],[0,1],[1,1]]",utterance,1,1,61,46,0.7540983606557377,0.4804104268550873,0.7260909080505371,0.7369819283485413,0.7243905663490295,0.7235943078994751
size,inference_3obj_2feat_sl2,"[[0,0],[0,1],[1,1]]",utterance,1,2,61,13,0.21311475409836064,0.4804104268550873,0.23493732511997223,0.22337301075458527,0.23733995854854584,0.2384166419506073
size,inference_3obj_3feat_sl8,"[[0,0,1],[0,1,1],[1,1,1]]",utterance,2,0,90,67,0.7444444444444445,0.33333292603492737,0.6231817603111267,0.6486616134643555,0.6134352684020996,0.614927351474762
size,inference_3obj_3feat_sl8,"[[0,0,1],[0,1,1],[1,1,1]]",utterance,2,1,90,9,0.1,0.33333292603492737,0.25435683131217957,0.23603367805480957,0.26081380248069763,0.2590694725513458
size,inference_3obj_3feat_sl8,"[[0,0,1],[0,1,1],[1,1,1]]",utterance,2,2,90,14,0.15555555555555556,0.33333292603492737,0.12246112525463104,0.11530490219593048,0.12575097382068634,0.12600313127040863
size,inference_3obj_3feat_sl9,"[[0,0,1],[0,1,1],[1,1,1]]",utterance,1,0,91,12,0.13186813186813187,0.03917929530143738,0.03897163271903992,0.03964479640126228,0.03826998919248581,0.03798913210630417
size,inference_3obj_3feat_sl9,"[[0,0,1],[0,1,1],[1,1,1]]",utterance,1,1,91,57,0.6263736263736264,0.4804105758666992,0.6755771040916443,0.6759118437767029,0.6738660931587219,0.6719345450401306
size,inference_3obj_3feat_sl9,"[[0,0,1],[0,1,1],[1,1,1]]",utterance,1,2,91,22,0.24175824175824176,0.4804105758666992,0.2854510545730591,0.2844434380531311,0.28786399960517883,0.29007652401924133
size,inference_3obj_4feat_sl16,"[[0,0,1,1],[0,1,1,1],[1,1,1,1]]",utterance,2,0,89,66,0.7415730337078652,0.33333292603492737,0.5327062010765076,0.5305484533309937,0.5194980502128601,0.5229509472846985
size,inference_3obj_4feat_sl16,"[[0,0,1,1],[0,1,1,1],[1,1,1,1]]",utterance,2,1,89,7,0.07865168539325842,0.33333292603492737,0.30492791533470154,0.30056384205818176,0.3126892149448395,0.30948305130004883
size,inference_3obj_4feat_sl16,"[[0,0,1,1],[0,1,1,1],[1,1,1,1]]",utterance,2,2,89,16,0.1797752808988764,0.33333292603492737,0.16236600279808044,0.16888773441314697,0.16781269013881683,0.1675659567117691
size,inference_3obj_4feat_sl17,"[[0,0,1,1],[0,1,1,1],[1,1,1,1]]",utterance,1,0,98,15,0.15306122448979592,0.03917929530143738,0.03897163271903992,0.03964480012655258,0.03826998919248581,0.03798913210630417
size,inference_3obj_4feat_sl17,"[[0,0,1,1],[0,1,1,1],[1,1,1,1]]",utterance,1,1,98,57,0.5816326530612245,0.48041054606437683,0.642338752746582,0.6289596557617188,0.6397462487220764,0.6379361152648926
size,inference_3obj_4feat_sl17,"[[0,0,1,1],[0,1,1,1],[1,1,1,1]]",utterance,1,2,98,26,0.2653061224489796,0.48041054606437683,0.31868940591812134,0.33139532804489136,0.3219837248325348,0.32407471537590027
size,inference_4obj_2feat_sl4,"[[0,0],[0,0],[0,1],[1,1]]",utterance,1,0,64,0,0.0,0.058768924325704575,0.05845746397972107,0.05946718901395798,0.05740499868988991,0.05698370933532715
size,inference_4obj_2feat_sl4,"[[0,0],[0,0],[0,1],[1,1]]",utterance,1,2,64,48,0.75,0.4706156253814697,0.7163481116294861,0.7270705699920654,0.7148226499557495,0.7140969634056091
size,inference_4obj_2feat_sl4,"[[0,0],[0,0],[0,1],[1,1]]",utterance,1,3,64,16,0.25,0.4706156253814697,0.22519434988498688,0.21346186101436615,0.22777250409126282,0.2289193719625473
size,inference_4obj_3feat_sl11,"[[0,0,1],[0,0,1],[0,1,1],[1,1,1]]",utterance,2,0,92,61,0.6630434782608695,0.5,0.7981719970703125,0.8219689130783081,0.7965860962867737,0.7941239476203918
size,inference_4obj_3feat_sl11,"[[0,0,1],[0,0,1],[0,1,1],[1,1,1]]",utterance,2,2,92,7,0.07608695652173914,0.25,0.13471390306949615,0.11751055717468262,0.13593709468841553,0.1373211294412613
size,inference_4obj_3feat_sl11,"[[0,0,1],[0,0,1],[0,1,1],[1,1,1]]",utterance,2,3,92,24,0.2608695652173913,0.25,0.06711418181657791,0.06052078306674957,0.06747696548700333,0.06855493783950806
size,inference_4obj_3feat_sl12,"[[0,0,1],[0,0,1],[0,1,1],[1,1,1]]",utterance,1,0,93,4,0.043010752688172046,0.05876891314983368,0.05845746770501137,0.059467196464538574,0.05740499868988991,0.056983720511198044
size,inference_4obj_3feat_sl12,"[[0,0,1],[0,0,1],[0,1,1],[1,1,1]]",utterance,1,2,93,60,0.6451612903225806,0.47061556577682495,0.6794100999832153,0.6825624704360962,0.6791753172874451,0.6765035390853882
size,inference_4obj_3feat_sl12,"[[0,0,1],[0,0,1],[0,1,1],[1,1,1]]",utterance,1,3,93,29,0.3118279569892473,0.47061556577682495,0.2621322274208069,0.2579704225063324,0.26341989636421204,0.26651260256767273
size,inference_4obj_4feat_sl19,"[[0,0,1,1],[0,0,1,1],[0,1,1,1],[1,1,1,1]]",utterance,2,0,83,54,0.6506024096385542,0.5,0.7301931381225586,0.730262279510498,0.7254486680030823,0.7239050269126892
size,inference_4obj_4feat_sl19,"[[0,0,1,1],[0,0,1,1],[0,1,1,1],[1,1,1,1]]",utterance,2,2,83,7,0.08433734939759036,0.25,0.17822860181331635,0.17551423609256744,0.18155989050865173,0.1817927062511444
size,inference_4obj_4feat_sl19,"[[0,0,1,1],[0,0,1,1],[0,1,1,1],[1,1,1,1]]",utterance,2,3,83,22,0.26506024096385544,0.25,0.09157821536064148,0.09422355890274048,0.09299147129058838,0.09430205076932907
size,inference_4obj_4feat_sl20,"[[0,0,1,1],[0,0,1,1],[0,1,1,1],[1,1,1,1]]",utterance,1,0,83,1,0.012048192771084338,0.05876891687512398,0.05845746770501137,0.059467196464538574,0.057405002415180206,0.056983716785907745
size,inference_4obj_4feat_sl20,"[[0,0,1,1],[0,0,1,1],[0,1,1,1],[1,1,1,1]]",utterance,1,2,83,50,0.6024096385542169,0.47061556577682495,0.6521834135055542,0.6408915519714355,0.6521325707435608,0.6487448215484619
size,inference_4obj_4feat_sl20,"[[0,0,1,1],[0,0,1,1],[0,1,1,1],[1,1,1,1]]",utterance,1,3,83,32,0.3855421686746988,0.47061556577682495,0.2893591523170471,0.29964131116867065,0.29046252369880676,0.29427143931388855
size,prior_2obj_2feat,"[[0,1],[1,1]]",prior,-1,0,48,14,0.2916666666666667,0.5,0.5,0.5,0.4820695221424103,0.4914759695529938
size,prior_2obj_2feat,"[[0,1],[1,1]]",prior,-1,1,48,34,0.7083333333333334,0.5,0.5,0.5,0.5179305672645569,0.5085240006446838
size,prior_2obj_3feat,"[[0,1,1],[1,1,1]]",prior,-1,0,37,8,0.21621621621621623,0.5,0.5,0.5,0.4820694923400879,0.4914759695529938
size,prior_2obj_3feat,"[[0,1,1],[1,1,1]]",prior,-1,1,37,29,0.7837837837837838,0.5,0.5,0.5,0.5179306268692017,0.5085239410400391
size,prior_2obj_4feat,"[[0,1,1,1],[1,1,1,1]]",prior,-1,0,44,16,0.36363636363636365,0.5,0.5,0.5,0.4820694923400879,0.4914759695529938
size,prior_2obj_4feat,"[[0,1,1,1],[1,1,1,1]]",prior,-1,1,44,28,0.6363636363636364,0.5,0.5,0.5,0.5179305672645569,0.5085240006446838
size,prior_3obj_2feat,"[[0,0],[0,1],[1,1]]",prior,-1,0,41,5,0.12195121951219512,0.33333292603492737,0.33333292603492737,0.33333292603492737,0.3098503351211548,0.32210227847099304
size,prior_3obj_2feat,"[[0,0],[0,1],[1,1]]",prior,-1,1,41,14,0.34146341463414637,0.33333292603492737,0.33333292603492737,0.33333292603492737,0.33253055810928345,0.3330747187137604
size,prior_3obj_2feat,"[[0,0],[0,1],[1,1]]",prior,-1,2,41,22,0.5365853658536586,0.33333292603492737,0.33333292603492737,0.33333292603492737,0.357619047164917,0.3448231518268585
size,prior_3obj_3feat,"[[0,0,1],[0,1,1],[1,1,1]]",prior,-1,0,38,9,0.23684210526315788,0.33333292603492737,0.33333292603492737,0.33333292603492737,0.30985042452812195,0.32210230827331543
size,prior_3obj_3feat,"[[0,0,1],[0,1,1],[1,1,1]]",prior,-1,1,38,8,0.21052631578947367,0.33333292603492737,0.33333292603492737,0.33333292603492737,0.33253058791160583,0.333074688911438
size,prior_3obj_3feat,"[[0,0,1],[0,1,1],[1,1,1]]",prior,-1,2,38,21,0.5526315789473685,0.33333292603492737,0.33333292603492737,0.33333292603492737,0.3576190769672394,0.34482312202453613
size,prior_3obj_4feat,"[[0,0,1,1],[0,1,1,1],[1,1,1,1]]",prior,-1,0,38,10,0.2631578947368421,0.33333292603492737,0.33333292603492737,0.33333292603492737,0.30985042452812195,0.32210230827331543
size,prior_3obj_4feat,"[[0,0,1,1],[0,1,1,1],[1,1,1,1]]",prior,-1,1,38,6,0.15789473684210525,0.33333292603492737,0.33333292603492737,0.33333292603492737,0.3325306177139282,0.333074688911438
size,prior_3obj_4feat,"[[0,0,1,1],[0,1,1,1],[1,1,1,1]]",prior,-1,2,38,22,0.5789473684210527,0.33333292603492737,0.33333292603492737,0.33333292603492737,0.3576190769672394,0.34482312202453613
size,prior_4obj_2feat,"[[0,0],[0,0],[0,1],[1,1]]",prior,-1,0,45,12,0.26666666666666666,0.5,0.5,0.5,0.47291210293769836,0.4871481955051422
size,prior_4obj_2feat,"[[0,0],[0,0],[0,1],[1,1]]",prior,-1,2,45,7,0.15555555555555556,0.25,0.25,0.25,0.2538953423500061,0.2519442141056061
size,prior_4obj_2feat,"[[0,0],[0,0],[0,1],[1,1]]",prior,-1,3,45,26,0.5777777777777777,0.25,0.25,0.25,0.27319279313087463,0.26090750098228455
size,prior_4obj_3feat,"[[0,0,1],[0,0,1],[0,1,1],[1,1,1]]",prior,-1,0,49,14,0.2857142857142857,0.5,0.5,0.5,0.47291210293769836,0.4871481955051422
size,prior_4obj_3feat,"[[0,0,1],[0,0,1],[0,1,1],[1,1,1]]",prior,-1,2,49,16,0.32653061224489793,0.25,0.25,0.25,0.2538953125476837,0.2519441843032837
size,prior_4obj_3feat,"[[0,0,1],[0,0,1],[0,1,1],[1,1,1]]",prior,-1,3,49,19,0.3877551020408163,0.25,0.25,0.25,0.273192822933197,0.26090753078460693
size,prior_4obj_4feat,"[[0,0,1,1],[0,0,1,1],[0,1,1,1],[1,1,1,1]]",prior,-1,0,43,13,0.3023255813953488,0.5,0.5,0.5,0.47291210293769836,0.4871481955051422
size,prior_4obj_4feat,"[[0,0,1,1],[0,0,1,1],[0,1,1,1],[1,1,1,1]]",prior,-1,2,43,9,0.20930232558139536,0.25,0.25,0.25,0.2538953423500061,0.2519441843032837
size,prior_4obj_4feat,"[[0,0,1,1],[0,0,1,1],[0,1,1,1],[1,1,1,1]]",prior,-1,3,43,21,0.4883720930232558,0.25,0.25,0.25,0.27319279313087463,0.26090753078460693
speakers,seq_L2:checkbox,"[[0,0,1],[0,1,1],[1,1,0]]",utterance,1,0,136,8,0.058823529411764705,0.03917929157614708,0.03897163271903992,0.03964479640126228,0.03826998546719551,0.03798912838101387
speakers,seq_L2:checkbox,"[[0,0,1],[0,1,1],[1,1,0]]",utterance,1,1,136,61,0.4485294117647059,0.48041051626205444,0.6013641357421875,0.6050678491592407,0.6149291396141052,0.6063072085380554
speakers,seq_L2:checkbox,"[[0,0,1],[0,1,1],[1,1,0]]",utterance,1,2,136,67,0.49264705882352944,0.48041051626205444,0.3596641421318054,0.3552871346473694,0.3468012511730194,0.3557036221027374
speakers,seq_L2:text,"[[0,0,1],[0,1,1],[1,1,0]]",utterance,1,0,135,12,0.08888888888888889,0.03917929157614708,0.03897163271903992,0.039644792675971985,0.03826998546719551,0.03798912838101387
speakers,seq_L2:text,"[[0,0,1],[0,1,1],[1,1,0]]",utterance,1,1,135,62,0.45925925925925926,0.48041054606437683,0.6013641357421875,0.6050679683685303,0.6149291396141052,0.6063072681427002
speakers,seq_L2:text,"[[0,0,1],[0,1,1],[1,1,0]]",utterance,1,2,135,61,0.45185185185185184,0.48041054606437683,0.3596641719341278,0.3552871644496918,0.3468012809753418,0.3557036221027374
speakers,seq_L2:virtual_keyboard,"[[0,0,1],[0,1,1],[1,1,0]]",utterance,1,0,118,7,0.059322033898305086,0.03917929157614708,0.03897162526845932,0.03964479640126228,0.03826998919248581,0.03798913210630417
speakers,seq_L2:virtual_keyboard,"[[0,0,1],[0,1,1],[1,1,0]]",utterance,1,1,118,54,0.4576271186440678,0.4804106056690216,0.6013641357421875,0.6050676703453064,0.6149291396141052,0.6063072085380554
speakers,seq_L2:virtual_keyboard,"[[0,0,1],[0,1,1],[1,1,0]]",utterance,1,2,118,57,0.4830508474576271,0.4804106056690216,0.3596641719341278,0.3552870452404022,0.3468012809753418,0.355703741312027
