sequence_a,sequence_b,participant_id,trial_index,chose_left
HHHTTHTT,TTHHTTHH,78,1,1
HTHTH,TTHTH,78,2,0
HHTTHHTH,HTTHTTHH,78,3,1
HTTTHTTT,HHHTTTHH,78,4,0
HTHHTHTH,HTHTHTHT,78,5,1
HHTTHHTT,HTTTTHHH,78,6,0
HTHTHTHT,HTHTTHTH,78,7,0
HTTTHTTT,THTTHTHT,78,8,0
TTHHTTHT,HHTTHTTH,78,9,0
HHTT,HTTH,78,10,0
TTHTH,THTHT,78,11,1
TTHHTTTH,HTTTHTTT,78,12,1
HTHTHTHT,THTHHTHT,78,13,0
HHTTHTTT,HTHTHHTH,78,14,0
HHTTHTTT,HHTTHHTT,78,15,1
HTTTH,THHTH,78,16,0
THTHTHTH,HTHTTHTH,78,17,0
THHT,HHTT,78,18,1
HTHTH,HTHTT,78,19,0
THTHTHHT,HHTTHHTT,78,20,1
HHHTTTHH,THHHTHHH,78,21,1
THTHTHTH,HTHHTHTH,78,22,0
HT,TT,78,23,0
HTHTHTTH,HHTTHHTT,78,24,1
THTTH,HTTTH,78,25,1
HTTTHHTT,HTTTHTTT,78,26,1
HTHTHTHT,HHTTHHTT,78,27,1
THHT,TTHH,78,28,1
HHTTHTTT,HTHHTHTH,78,29,0
THTHHTHT,HTHTTTTH,78,30,1
HTHTHTHT,HTHTHHTH,78,31,0
HHHHHTH,HHHTHHH,78,32,1
THHHHHHT,TTTTHHHH,78,33,1
TH,TT,78,34,0
HTTTTTTH,TTTTHHHH,78,35,1
HTTHTHTH,HHTTHHTT,78,36,0
HTTH,TTHH,78,37,1
HTTTHHTT,THHHTHHH,78,38,1
HHHHTTTT,HHHHTHHH,78,39,0
HHHHTTTT,HTHHHHTH,78,40,0
HTTH,TTHT,78,41,0
THTHHTHT,THTHTHTH,78,42,1
HTHTTTHH,HTHTHHTH,78,43,1
HHTHH,HHTHT,78,44,0
HTTTTTTH,HHHTTHHH,78,45,0
TTHTTHHH,HHTHTHTH,78,46,1
HHTTHHTT,THHTHTHT,78,47,0
HHHHTTTT,THTTTTHT,78,48,0
HHTHHTHH,HHHTTTTH,78,49,0
THHHHHTH,HHHTHHHH,78,50,1
HTHTHTHT,HHTHTHTH,78,51,0
HT,HH,78,52,0
HTHTHTHT,HHTHHTHH,78,53,0
THHT,TTHT,78,54,0
HTHHHHTH,TTTTHHHH,78,55,1
HHHT,HTHH,78,56,0
HTHTH,THTHH,78,57,0
THTHTHHT,TTHHTTHH,78,58,1
TTTHHHHT,HTHHHHHH,78,59,1
TTTHTTTT,HHTTHHTT,78,60,1
HTTTTTTH,HHHHTTTT,78,61,1
HTHTHTHT,HTHHHHTH,78,62,0
TTTTHHHH,HHHHTHHH,78,63,0
HHTHTTTT,HHHTHHHT,78,64,1
TTHHTTHH,HHHTTHTT,79,1,0
HTHTH,TTHTH,79,2,0
HHTTHHTH,HTTHTTHH,79,3,0
HHHTTTHH,HTTTHTTT,79,4,1
HTHTHTHT,HTHHTHTH,79,5,0
HTTTTHHH,HHTTHHTT,79,6,1
HTHTHTHT,HTHTTHTH,79,7,0
HTTTHTTT,THTTHTHT,79,8,0
TTHHTTHT,HHTTHTTH,79,9,1
HTTH,HHTT,79,10,1
TTHTH,THTHT,79,11,1
HTTTHTTT,TTHHTTTH,79,12,0
THTHHTHT,HTHTHTHT,79,13,1
HTHTHHTH,HHTTHTTT,79,14,1
HHTTHHTT,HHTTHTTT,79,15,0
THHTH,HTTTH,79,16,1
HTHTTHTH,THTHTHTH,79,17,1
THHT,HHTT,79,18,1
HTHTH,HTHTT,79,19,0
HHTTHHTT,THTHTHHT,79,20,0
THHHTHHH,HHHTTTHH,79,21,0
THTHTHTH,HTHHTHTH,79,22,0
HT,TT,79,23,1
HTHTHTTH,HHTTHHTT,79,24,1
HTTTH,THTTH,79,25,0
HTTTHHTT,HTTTHTTT,79,26,1
HHTTHHTT,HTHTHTHT,79,27,1
TTHH,THHT,79,28,0
HHTTHTTT,HTHHTHTH,79,29,0
THTHHTHT,HTHTTTTH,79,30,1
HTHTHHTH,HTHTHTHT,79,31,1
HHHHHTH,HHHTHHH,79,32,0
THHHHHHT,TTTTHHHH,79,33,1
TH,TT,79,34,1
TTTTHHHH,HTTTTTTH,79,35,1
HHTTHHTT,HTTHTHTH,79,36,0
HTTH,TTHH,79,37,1
HTTTHHTT,THHHTHHH,79,38,1
HHHHTTTT,HHHHTHHH,79,39,1
HHHHTTTT,HTHHHHTH,79,40,0
TTHT,HTTH,79,41,0
THTHTHTH,THTHHTHT,79,42,0
HTHTTTHH,HTHTHHTH,79,43,1
HHTHT,HHTHH,79,44,1
HHHTTHHH,HTTTTTTH,79,45,1
TTHTTHHH,HHTHTHTH,79,46,1
THHTHTHT,HHTTHHTT,79,47,1
THTTTTHT,HHHHTTTT,79,48,1
HHHTTTTH,HHTHHTHH,79,49,1
HHHTHHHH,THHHHHTH,79,50,0
HTHTHTHT,HHTHTHTH,79,51,0
HT,HH,79,52,1
HHTHHTHH,HTHTHTHT,79,53,1
THHT,TTHT,79,54,1
TTTTHHHH,HTHHHHTH,79,55,0
HHHT,HTHH,79,56,0
THTHH,HTHTH,79,57,1
THTHTHHT,TTHHTTHH,79,58,1
HTHHHHHH,TTTHHHHT,79,59,0
TTTHTTTT,HHTTHHTT,79,60,1
HHHHTTTT,HTTTTTTH,79,61,0
HTHHHHTH,HTHTHTHT,79,62,1
HHHHTHHH,TTTTHHHH,79,63,1
HHHTHHHT,HHTHTTTT,79,64,0
TTHHTTHH,HHHTTHTT,80,1,0
HTHTH,TTHTH,80,2,0
HHTTHHTH,HTTHTTHH,80,3,1
HHHTTTHH,HTTTHTTT,80,4,1
HTHTHTHT,HTHHTHTH,80,5,0
HHTTHHTT,HTTTTHHH,80,6,0
HTHTHTHT,HTHTTHTH,80,7,0
HTTTHTTT,THTTHTHT,80,8,0
HHTTHTTH,TTHHTTHT,80,9,1
HTTH,HHTT,80,10,1
THTHT,TTHTH,80,11,0
HTTTHTTT,TTHHTTTH,80,12,0
HTHTHTHT,THTHHTHT,80,13,0
HHTTHTTT,HTHTHHTH,80,14,0
HHTTHHTT,HHTTHTTT,80,15,0
HTTTH,THHTH,80,16,0
THTHTHTH,HTHTTHTH,80,17,0
HHTT,THHT,80,18,0
HTHTT,HTHTH,80,19,1
THTHTHHT,HHTTHHTT,80,20,1
HHHTTTHH,THHHTHHH,80,21,1
THTHTHTH,HTHHTHTH,80,22,0
HT,TT,80,23,1
HTHTHTTH,HHTTHHTT,80,24,1
THTTH,HTTTH,80,25,1
HTTTHTTT,HTTTHHTT,80,26,0
HTHTHTHT,HHTTHHTT,80,27,0
THHT,TTHH,80,28,1
HHTTHTTT,HTHHTHTH,80,29,1
HTHTTTTH,THTHHTHT,80,30,1
HTHTHHTH,HTHTHTHT,80,31,1
HHHHHTH,HHHTHHH,80,32,1
TTTTHHHH,THHHHHHT,80,33,0
TT,TH,80,34,0
HTTTTTTH,TTTTHHHH,80,35,1
HHTTHHTT,HTTHTHTH,80,36,0
TTHH,HTTH,80,37,0
THHHTHHH,HTTTHHTT,80,38,0
HHHHTTTT,HHHHTHHH,80,39,0
HTHHHHTH,HHHHTTTT,80,40,1
TTHT,HTTH,80,41,1
THTHTHTH,THTHHTHT,80,42,0
HTHTTTHH,HTHTHHTH,80,43,1
HHTHT,HHTHH,80,44,1
HTTTTTTH,HHHTTHHH,80,45,0
TTHTTHHH,HHTHTHTH,80,46,1
HHTTHHTT,THHTHTHT,80,47,0
HHHHTTTT,THTTTTHT,80,48,0
HHHTTTTH,HHTHHTHH,80,49,1
THHHHHTH,HHHTHHHH,80,50,1
HTHTHTHT,HHTHTHTH,80,51,0
HT,HH,80,52,1
HTHTHTHT,HHTHHTHH,80,53,0
TTHT,THHT,80,54,1
TTTTHHHH,HTHHHHTH,80,55,0
HTHH,HHHT,80,56,1
HTHTH,THTHH,80,57,0
TTHHTTHH,THTHTHHT,80,58,0
TTTHHHHT,HTHHHHHH,80,59,0
HHTTHHTT,TTTHTTTT,80,60,1
HTTTTTTH,HHHHTTTT,80,61,1
HTHTHTHT,HTHHHHTH,80,62,0
TTTTHHHH,HHHHTHHH,80,63,0
HHTHTTTT,HHHTHHHT,80,64,1
TTHHTTHH,HHHTTHTT,81,1,0
HTHTH,TTHTH,81,2,0
HTTHTTHH,HHTTHHTH,81,3,0
HHHTTTHH,HTTTHTTT,81,4,0
HTHTHTHT,HTHHTHTH,81,5,0
HHTTHHTT,HTTTTHHH,81,6,0
HTHTTHTH,HTHTHTHT,81,7,1
HTTTHTTT,THTTHTHT,81,8,0
TTHHTTHT,HHTTHTTH,81,9,1
HTTH,HHTT,81,10,0
TTHTH,THTHT,81,11,1
TTHHTTTH,HTTTHTTT,81,12,0
HTHTHTHT,THTHHTHT,81,13,0
HHTTHTTT,HTHTHHTH,81,14,1
HHTTHTTT,HHTTHHTT,81,15,0
THHTH,HTTTH,81,16,0
THTHTHTH,HTHTTHTH,81,17,0
THHT,HHTT,81,18,1
HTHTH,HTHTT,81,19,1
THTHTHHT,HHTTHHTT,81,20,1
THHHTHHH,HHHTTTHH,81,21,1
HTHHTHTH,THTHTHTH,81,22,0
HT,TT,81,23,0
HHTTHHTT,HTHTHTTH,81,24,0
THTTH,HTTTH,81,25,0
HTTTHTTT,HTTTHHTT,81,26,0
HHTTHHTT,HTHTHTHT,81,27,0
TTHH,THHT,81,28,0
HTHHTHTH,HHTTHTTT,81,29,1
HTHTTTTH,THTHHTHT,81,30,1
HTHTHHTH,HTHTHTHT,81,31,1
HHHTHHH,HHHHHTH,81,32,0
TTTTHHHH,THHHHHHT,81,33,0
TT,TH,81,34,0
TTTTHHHH,HTTTTTTH,81,35,1
HTTHTHTH,HHTTHHTT,81,36,1
HTTH,TTHH,81,37,1
THHHTHHH,HTTTHHTT,81,38,0
HHHHTTTT,HHHHTHHH,81,39,0
HHHHTTTT,HTHHHHTH,81,40,1
HTTH,TTHT,81,41,0
THTHTHTH,THTHHTHT,81,42,0
HTHTHHTH,HTHTTTHH,81,43,1
HHTHT,HHTHH,81,44,1
HHHTTHHH,HTTTTTTH,81,45,0
TTHTTHHH,HHTHTHTH,81,46,1
THHTHTHT,HHTTHHTT,81,47,1
THTTTTHT,HHHHTTTT,81,48,0
HHHTTTTH,HHTHHTHH,81,49,1
THHHHHTH,HHHTHHHH,81,50,0
HHTHTHTH,HTHTHTHT,81,51,1
HT,HH,81,52,0
HHTHHTHH,HTHTHTHT,81,53,1
THHT,TTHT,81,54,1
TTTTHHHH,HTHHHHTH,81,55,1
HHHT,HTHH,81,56,0
HTHTH,THTHH,81,57,0
THTHTHHT,TTHHTTHH,81,58,1
TTTHHHHT,HTHHHHHH,81,59,1
TTTHTTTT,HHTTHHTT,81,60,0
HHHHTTTT,HTTTTTTH,81,61,1
HTHHHHTH,HTHTHTHT,81,62,1
HHHHTHHH,TTTTHHHH,81,63,1
HHTHTTTT,HHHTHHHT,81,64,0
TTHHTTHH,HHHTTHTT,82,1,0
HTHTH,TTHTH,82,2,0
HTTHTTHH,HHTTHHTH,82,3,0
HTTTHTTT,HHHTTTHH,82,4,0
HTHTHTHT,HTHHTHTH,82,5,0
HHTTHHTT,HTTTTHHH,82,6,0
HTHTHTHT,HTHTTHTH,82,7,0
THTTHTHT,HTTTHTTT,82,8,1
TTHHTTHT,HHTTHTTH,82,9,0
HHTT,HTTH,82,10,0
THTHT,TTHTH,82,11,0
HTTTHTTT,TTHHTTTH,82,12,0
HTHTHTHT,THTHHTHT,82,13,0
HTHTHHTH,HHTTHTTT,82,14,0
HHTTHHTT,HHTTHTTT,82,15,0
HTTTH,THHTH,82,16,0
THTHTHTH,HTHTTHTH,82,17,0
THHT,HHTT,82,18,1
HTHTT,HTHTH,82,19,1
THTHTHHT,HHTTHHTT,82,20,1
THHHTHHH,HHHTTTHH,82,21,1
HTHHTHTH,THTHTHTH,82,22,1
HT,TT,82,23,1
HHTTHHTT,HTHTHTTH,82,24,0
HTTTH,THTTH,82,25,0
HTTTHTTT,HTTTHHTT,82,26,0
HHTTHHTT,HTHTHTHT,82,27,1
TTHH,THHT,82,28,0
HHTTHTTT,HTHHTHTH,82,29,0
HTHTTTTH,THTHHTHT,82,30,0
HTHTHTHT,HTHTHHTH,82,31,0
HHHHHTH,HHHTHHH,82,32,0
TTTTHHHH,THHHHHHT,82,33,0
TT,TH,82,34,0
HTTTTTTH,TTTTHHHH,82,35,1
HHTTHHTT,HTTHTHTH,82,36,0
HTTH,TTHH,82,37,1
HTTTHHTT,THHHTHHH,82,38,0
HHHHTTTT,HHHHTHHH,82,39,0
HHHHTTTT,HTHHHHTH,82,40,0
TTHT,HTTH,82,41,1
THTHTHTH,THTHHTHT,82,42,0
HTHTHHTH,HTHTTTHH,82,43,1
HHTHT,HHTHH,82,44,1
HTTTTTTH,HHHTTHHH,82,45,0
TTHTTHHH,HHTHTHTH,82,46,0
HHTTHHTT,THHTHTHT,82,47,0
THTTTTHT,HHHHTTTT,82,48,1
HHTHHTHH,HHHTTTTH,82,49,1
HHHTHHHH,THHHHHTH,82,50,0
HTHTHTHT,HHTHTHTH,82,51,0
HT,HH,82,52,1
HTHTHTHT,HHTHHTHH,82,53,0
THHT,TTHT,82,54,0
TTTTHHHH,HTHHHHTH,82,55,0
HHHT,HTHH,82,56,0
HTHTH,THTHH,82,57,0
THTHTHHT,TTHHTTHH,82,58,1
HTHHHHHH,TTTHHHHT,82,59,0
HHTTHHTT,TTTHTTTT,82,60,1
HTTTTTTH,HHHHTTTT,82,61,1
HTHHHHTH,HTHTHTHT,82,62,1
HHHHTHHH,TTTTHHHH,82,63,1
HHHTHHHT,HHTHTTTT,82,64,0
TTHHTTHH,HHHTTHTT,83,1,1
HTHTH,TTHTH,83,2,0
HTTHTTHH,HHTTHHTH,83,3,1
HTTTHTTT,HHHTTTHH,83,4,0
HTHTHTHT,HTHHTHTH,83,5,0
HHTTHHTT,HTTTTHHH,83,6,0
HTHTTHTH,HTHTHTHT,83,7,1
THTTHTHT,HTTTHTTT,83,8,0
HHTTHTTH,TTHHTTHT,83,9,0
HHTT,HTTH,83,10,0
TTHTH,THTHT,83,11,1
TTHHTTTH,HTTTHTTT,83,12,1
THTHHTHT,HTHTHTHT,83,13,1
HHTTHTTT,HTHTHHTH,83,14,1
HHTTHHTT,HHTTHTTT,83,15,0
HTTTH,THHTH,83,16,0
HTHTTHTH,THTHTHTH,83,17,1
THHT,HHTT,83,18,1
HTHTT,HTHTH,83,19,1
THTHTHHT,HHTTHHTT,83,20,0
HHHTTTHH,THHHTHHH,83,21,0
THTHTHTH,HTHHTHTH,83,22,1
TT,HT,83,23,1
HTHTHTTH,HHTTHHTT,83,24,0
THTTH,HTTTH,83,25,1
HTTTHHTT,HTTTHTTT,83,26,1
HTHTHTHT,HHTTHHTT,83,27,1
TTHH,THHT,83,28,0
HHTTHTTT,HTHHTHTH,83,29,0
THTHHTHT,HTHTTTTH,83,30,0
HTHTHHTH,HTHTHTHT,83,31,1
HHHTHHH,HHHHHTH,83,32,0
THHHHHHT,TTTTHHHH,83,33,1
TT,TH,83,34,0
HTTTTTTH,TTTTHHHH,83,35,1
HTTHTHTH,HHTTHHTT,83,36,1
TTHH,HTTH,83,37,0
HTTTHHTT,THHHTHHH,83,38,0
HHHHTHHH,HHHHTTTT,83,39,0
HTHHHHTH,HHHHTTTT,83,40,1
HTTH,TTHT,83,41,0
THTHHTHT,THTHTHTH,83,42,0
HTHTTTHH,HTHTHHTH,83,43,0
HHTHT,HHTHH,83,44,1
HHHTTHHH,HTTTTTTH,83,45,1
TTHTTHHH,HHTHTHTH,83,46,1
THHTHTHT,HHTTHHTT,83,47,1
THTTTTHT,HHHHTTTT,83,48,1
HHTHHTHH,HHHTTTTH,83,49,1
THHHHHTH,HHHTHHHH,83,50,1
HHTHTHTH,HTHTHTHT,83,51,1
HH,HT,83,52,0
HTHTHTHT,HHTHHTHH,83,53,0
TTHT,THHT,83,54,1
HTHHHHTH,TTTTHHHH,83,55,1
HHHT,HTHH,83,56,0
HTHTH,THTHH,83,57,0
THTHTHHT,TTHHTTHH,83,58,0
TTTHHHHT,HTHHHHHH,83,59,1
TTTHTTTT,HHTTHHTT,83,60,1
HHHHTTTT,HTTTTTTH,83,61,0
HTHHHHTH,HTHTHTHT,83,62,0
TTTTHHHH,HHHHTHHH,83,63,0
HHHTHHHT,HHTHTTTT,83,64,0
HHHTTHTT,TTHHTTHH,84,1,0
TTHTH,HTHTH,84,2,1
HHTTHHTH,HTTHTTHH,84,3,0
HHHTTTHH,HTTTHTTT,84,4,1
HTHHTHTH,HTHTHTHT,84,5,1
HHTTHHTT,HTTTTHHH,84,6,0
HTHTHTHT,HTHTTHTH,84,7,0
HTTTHTTT,THTTHTHT,84,8,0
TTHHTTHT,HHTTHTTH,84,9,1
HHTT,HTTH,84,10,0
TTHTH,THTHT,84,11,1
HTTTHTTT,TTHHTTTH,84,12,0
HTHTHTHT,THTHHTHT,84,13,0
HTHTHHTH,HHTTHTTT,84,14,1
HHTTHTTT,HHTTHHTT,84,15,1
THHTH,HTTTH,84,16,0
HTHTTHTH,THTHTHTH,84,17,1
HHTT,THHT,84,18,0
HTHTH,HTHTT,84,19,1
HHTTHHTT,THTHTHHT,84,20,0
THHHTHHH,HHHTTTHH,84,21,0
HTHHTHTH,THTHTHTH,84,22,1
HT,TT,84,23,1
HHTTHHTT,HTHTHTTH,84,24,0
THTTH,HTTTH,84,25,1
HTTTHTTT,HTTTHHTT,84,26,0
HHTTHHTT,HTHTHTHT,84,27,1
THHT,TTHH,84,28,1
HHTTHTTT,HTHHTHTH,84,29,0
HTHTTTTH,THTHHTHT,84,30,0
HTHTHHTH,HTHTHTHT,84,31,1
HHHTHHH,HHHHHTH,84,32,0
THHHHHHT,TTTTHHHH,84,33,1
TH,TT,84,34,1
TTTTHHHH,HTTTTTTH,84,35,0
HHTTHHTT,HTTHTHTH,84,36,0
TTHH,HTTH,84,37,0
THHHTHHH,HTTTHHTT,84,38,0
HHHHTHHH,HHHHTTTT,84,39,1
HHHHTTTT,HTHHHHTH,84,40,0
HTTH,TTHT,84,41,1
THTHTHTH,THTHHTHT,84,42,0
HTHTTTHH,HTHTHHTH,84,43,0
HHTHT,HHTHH,84,44,1
HTTTTTTH,HHHTTHHH,84,45,1
HHTHTHTH,TTHTTHHH,84,46,0
HHTTHHTT,THHTHTHT,84,47,0
THTTTTHT,HHHHTTTT,84,48,1
HHTHHTHH,HHHTTTTH,84,49,0
HHHTHHHH,THHHHHTH,84,50,0
HHTHTHTH,HTHTHTHT,84,51,1
HH,HT,84,52,0
HHTHHTHH,HTHTHTHT,84,53,1
THHT,TTHT,84,54,0
HTHHHHTH,TTTTHHHH,84,55,1
HHHT,HTHH,84,56,0
HTHTH,THTHH,84,57,0
THTHTHHT,TTHHTTHH,84,58,1
HTHHHHHH,TTTHHHHT,84,59,1
TTTHTTTT,HHTTHHTT,84,60,1
HTTTTTTH,HHHHTTTT,84,61,1
HTHHHHTH,HTHTHTHT,84,62,1
TTTTHHHH,HHHHTHHH,84,63,1
HHHTHHHT,HHTHTTTT,84,64,0
HHHTTHTT,TTHHTTHH,85,1,0
TTHTH,HTHTH,85,2,0
HTTHTTHH,HHTTHHTH,85,3,1
HHHTTTHH,HTTTHTTT,85,4,1
HTHHTHTH,HTHTHTHT,85,5,1
HHTTHHTT,HTTTTHHH,85,6,1
HTHTHTHT,HTHTTHTH,85,7,0
THTTHTHT,HTTTHTTT,85,8,1
HHTTHTTH,TTHHTTHT,85,9,0
HHTT,HTTH,85,10,0
TTHTH,THTHT,85,11,1
HTTTHTTT,TTHHTTTH,85,12,0
THTHHTHT,HTHTHTHT,85,13,1
HTHTHHTH,HHTTHTTT,85,14,1
HHTTHHTT,HHTTHTTT,85,15,0
THHTH,HTTTH,85,16,1
THTHTHTH,HTHTTHTH,85,17,0
THHT,HHTT,85,18,1
HTHTT,HTHTH,85,19,1
THTHTHHT,HHTTHHTT,85,20,1
THHHTHHH,HHHTTTHH,85,21,1
THTHTHTH,HTHHTHTH,85,22,0
HT,TT,85,23,1
HTHTHTTH,HHTTHHTT,85,24,1
HTTTH,THTTH,85,25,0
HTTTHHTT,HTTTHTTT,85,26,1
HHTTHHTT,HTHTHTHT,85,27,1
THHT,TTHH,85,28,1
HHTTHTTT,HTHHTHTH,85,29,0
HTHTTTTH,THTHHTHT,85,30,0
HTHTHHTH,HTHTHTHT,85,31,1
HHHTHHH,HHHHHTH,85,32,0
THHHHHHT,TTTTHHHH,85,33,1
TT,TH,85,34,0
HTTTTTTH,TTTTHHHH,85,35,1
HHTTHHTT,HTTHTHTH,85,36,0
HTTH,TTHH,85,37,1
HTTTHHTT,THHHTHHH,85,38,1
HHHHTHHH,HHHHTTTT,85,39,0
HTHHHHTH,HHHHTTTT,85,40,1
HTTH,TTHT,85,41,0
THTHHTHT,THTHTHTH,85,42,1
HTHTHHTH,HTHTTTHH,85,43,1
HHTHT,HHTHH,85,44,1
HHHTTHHH,HTTTTTTH,85,45,1
TTHTTHHH,HHTHTHTH,85,46,0
HHTTHHTT,THHTHTHT,85,47,0
HHHHTTTT,THTTTTHT,85,48,0
HHHTTTTH,HHTHHTHH,85,49,0
HHHTHHHH,THHHHHTH,85,50,0
HHTHTHTH,HTHTHTHT,85,51,1
HT,HH,85,52,1
HHTHHTHH,HTHTHTHT,85,53,1
TTHT,THHT,85,54,1
TTTTHHHH,HTHHHHTH,85,55,0
HHHT,HTHH,85,56,0
HTHTH,THTHH,85,57,0
THTHTHHT,TTHHTTHH,85,58,1
HTHHHHHH,TTTHHHHT,85,59,0
TTTHTTTT,HHTTHHTT,85,60,0
HTTTTTTH,HHHHTTTT,85,61,1
HTHHHHTH,HTHTHTHT,85,62,0
TTTTHHHH,HHHHTHHH,85,63,0
HHTHTTTT,HHHTHHHT,85,64,1
HHHTTHTT,TTHHTTHH,86,1,1
HTHTH,TTHTH,86,2,0
HHTTHHTH,HTTHTTHH,86,3,1
HTTTHTTT,HHHTTTHH,86,4,0
HTHHTHTH,HTHTHTHT,86,5,1
HHTTHHTT,HTTTTHHH,86,6,0
HTHTHTHT,HTHTTHTH,86,7,0
THTTHTHT,HTTTHTTT,86,8,1
HHTTHTTH,TTHHTTHT,86,9,1
HTTH,HHTT,86,10,1
THTHT,TTHTH,86,11,0
TTHHTTTH,HTTTHTTT,86,12,1
HTHTHTHT,THTHHTHT,86,13,0
HHTTHTTT,HTHTHHTH,86,14,1
HHTTHTTT,HHTTHHTT,86,15,1
THHTH,HTTTH,86,16,0
HTHTTHTH,THTHTHTH,86,17,1
HHTT,THHT,86,18,0
HTHTH,HTHTT,86,19,0
THTHTHHT,HHTTHHTT,86,20,1
HHHTTTHH,THHHTHHH,86,21,0
HTHHTHTH,THTHTHTH,86,22,1
TT,HT,86,23,1
HTHTHTTH,HHTTHHTT,86,24,1
THTTH,HTTTH,86,25,0
HTTTHHTT,HTTTHTTT,86,26,1
HTHTHTHT,HHTTHHTT,86,27,0
TTHH,THHT,86,28,0
HTHHTHTH,HHTTHTTT,86,29,0
HTHTTTTH,THTHHTHT,86,30,1
HTHTHTHT,HTHTHHTH,86,31,0
HHHTHHH,HHHHHTH,86,32,0
THHHHHHT,TTTTHHHH,86,33,1
TT,TH,86,34,1
TTTTHHHH,HTTTTTTH,86,35,0
HTTHTHTH,HHTTHHTT,86,36,1
HTTH,TTHH,86,37,1
THHHTHHH,HTTTHHTT,86,38,0
HHHHTHHH,HHHHTTTT,86,39,1
HTHHHHTH,HHHHTTTT,86,40,1
TTHT,HTTH,86,41,1
THTHTHTH,THTHHTHT,86,42,0
HTHTHHTH,HTHTTTHH,86,43,0
HHTHH,HHTHT,86,44,0
HHHTTHHH,HTTTTTTH,86,45,1
HHTHTHTH,TTHTTHHH,86,46,0
HHTTHHTT,THHTHTHT,86,47,0
THTTTTHT,HHHHTTTT,86,48,1
HHTHHTHH,HHHTTTTH,86,49,0
THHHHHTH,HHHTHHHH,86,50,1
HHTHTHTH,HTHTHTHT,86,51,1
HH,HT,86,52,1
HHTHHTHH,HTHTHTHT,86,53,0
THHT,TTHT,86,54,0
HTHHHHTH,TTTTHHHH,86,55,1
HHHT,HTHH,86,56,0
HTHTH,THTHH,86,57,0
TTHHTTHH,THTHTHHT,86,58,0
HTHHHHHH,TTTHHHHT,86,59,0
TTTHTTTT,HHTTHHTT,86,60,1
HTTTTTTH,HHHHTTTT,86,61,1
HTHHHHTH,HTHTHTHT,86,62,1
HHHHTHHH,TTTTHHHH,86,63,1
HHHTHHHT,HHTHTTTT,86,64,0
HHHTTHTT,TTHHTTHH,87,1,0
TTHTH,HTHTH,87,2,1
HHTTHHTH,HTTHTTHH,87,3,0
HTTTHTTT,HHHTTTHH,87,4,0
HTHHTHTH,HTHTHTHT,87,5,0
HTTTTHHH,HHTTHHTT,87,6,0
HTHTHTHT,HTHTTHTH,87,7,1
THTTHTHT,HTTTHTTT,87,8,1
TTHHTTHT,HHTTHTTH,87,9,0
HTTH,HHTT,87,10,1
THTHT,TTHTH,87,11,0
HTTTHTTT,TTHHTTTH,87,12,0
THTHHTHT,HTHTHTHT,87,13,1
HHTTHTTT,HTHTHHTH,87,14,1
HHTTHTTT,HHTTHHTT,87,15,1
THHTH,HTTTH,87,16,1
HTHTTHTH,THTHTHTH,87,17,1
THHT,HHTT,87,18,1
HTHTT,HTHTH,87,19,1
THTHTHHT,HHTTHHTT,87,20,1
THHHTHHH,HHHTTTHH,87,21,0
HTHHTHTH,THTHTHTH,87,22,1
TT,HT,87,23,1
HTHTHTTH,HHTTHHTT,87,24,1
HTTTH,THTTH,87,25,0
HTTTHTTT,HTTTHHTT,87,26,0
HTHTHTHT,HHTTHHTT,87,27,0
TTHH,THHT,87,28,0
HHTTHTTT,HTHHTHTH,87,29,1
HTHTTTTH,THTHHTHT,87,30,0
HTHTHHTH,HTHTHTHT,87,31,1
HHHTHHH,HHHHHTH,87,32,0
TTTTHHHH,THHHHHHT,87,33,0
TT,TH,87,34,1
TTTTHHHH,HTTTTTTH,87,35,0
HTTHTHTH,HHTTHHTT,87,36,1
TTHH,HTTH,87,37,0
THHHTHHH,HTTTHHTT,87,38,0
HHHHTTTT,HHHHTHHH,87,39,0
HHHHTTTT,HTHHHHTH,87,40,0
HTTH,TTHT,87,41,0
THTHTHTH,THTHHTHT,87,42,0
HTHTHHTH,HTHTTTHH,87,43,0
HHTHT,HHTHH,87,44,1
HTTTTTTH,HHHTTHHH,87,45,1
TTHTTHHH,HHTHTHTH,87,46,1
HHTTHHTT,THHTHTHT,87,47,0
HHHHTTTT,THTTTTHT,87,48,0
HHHTTTTH,HHTHHTHH,87,49,0
THHHHHTH,HHHTHHHH,87,50,1
HHTHTHTH,HTHTHTHT,87,51,1
HH,HT,87,52,1
HHTHHTHH,HTHTHTHT,87,53,1
TTHT,THHT,87,54,1
HTHHHHTH,TTTTHHHH,87,55,1
HHHT,HTHH,87,56,0
HTHTH,THTHH,87,57,0
TTHHTTHH,THTHTHHT,87,58,0
TTTHHHHT,HTHHHHHH,87,59,1
HHTTHHTT,TTTHTTTT,87,60,0
HTTTTTTH,HHHHTTTT,87,61,1
HTHTHTHT,HTHHHHTH,87,62,0
TTTTHHHH,HHHHTHHH,87,63,0
HHTHTTTT,HHHTHHHT,87,64,1
HHHTTHTT,TTHHTTHH,88,1,1
HTHTH,TTHTH,88,2,0
HHTTHHTH,HTTHTTHH,88,3,0
HHHTTTHH,HTTTHTTT,88,4,0
HTHHTHTH,HTHTHTHT,88,5,1
HHTTHHTT,HTTTTHHH,88,6,0
HTHTTHTH,HTHTHTHT,88,7,1
THTTHTHT,HTTTHTTT,88,8,1
TTHHTTHT,HHTTHTTH,88,9,0
HTTH,HHTT,88,10,0
TTHTH,THTHT,88,11,1
TTHHTTTH,HTTTHTTT,88,12,0
THTHHTHT,HTHTHTHT,88,13,1
HHTTHTTT,HTHTHHTH,88,14,0
HHTTHTTT,HHTTHHTT,88,15,1
THHTH,HTTTH,88,16,1
THTHTHTH,HTHTTHTH,88,17,0
HHTT,THHT,88,18,0
HTHTT,HTHTH,88,19,1
THTHTHHT,HHTTHHTT,88,20,1
THHHTHHH,HHHTTTHH,88,21,1
THTHTHTH,HTHHTHTH,88,22,0
HT,TT,88,23,1
HHTTHHTT,HTHTHTTH,88,24,0
THTTH,HTTTH,88,25,0
HTTTHHTT,HTTTHTTT,88,26,1
HHTTHHTT,HTHTHTHT,88,27,1
THHT,TTHH,88,28,1
HHTTHTTT,HTHHTHTH,88,29,1
HTHTTTTH,THTHHTHT,88,30,0
HTHTHTHT,HTHTHHTH,88,31,0
HHHHHTH,HHHTHHH,88,32,0
THHHHHHT,TTTTHHHH,88,33,1
TT,TH,88,34,1
HTTTTTTH,TTTTHHHH,88,35,1
HTTHTHTH,HHTTHHTT,88,36,1
TTHH,HTTH,88,37,1
THHHTHHH,HTTTHHTT,88,38,0
HHHHTTTT,HHHHTHHH,88,39,0
HHHHTTTT,HTHHHHTH,88,40,0
HTTH,TTHT,88,41,0
THTHTHTH,THTHHTHT,88,42,0
HTHTTTHH,HTHTHHTH,88,43,1
HHTHT,HHTHH,88,44,1
HTTTTTTH,HHHTTHHH,88,45,0
HHTHTHTH,TTHTTHHH,88,46,0
THHTHTHT,HHTTHHTT,88,47,1
HHHHTTTT,THTTTTHT,88,48,0
HHHTTTTH,HHTHHTHH,88,49,1
THHHHHTH,HHHTHHHH,88,50,1
HTHTHTHT,HHTHTHTH,88,51,0
HH,HT,88,52,0
HTHTHTHT,HHTHHTHH,88,53,1
TTHT,THHT,88,54,0
HTHHHHTH,TTTTHHHH,88,55,1
HTHH,HHHT,88,56,1
HTHTH,THTHH,88,57,0
THTHTHHT,TTHHTTHH,88,58,1
HTHHHHHH,TTTHHHHT,88,59,0
HHTTHHTT,TTTHTTTT,88,60,0
HTTTTTTH,HHHHTTTT,88,61,1
HTHTHTHT,HTHHHHTH,88,62,0
TTTTHHHH,HHHHTHHH,88,63,1
HHHTHHHT,HHTHTTTT,88,64,0
HHHTTHTT,TTHHTTHH,89,1,1
TTHTH,HTHTH,89,2,1
HHTTHHTH,HTTHTTHH,89,3,0
HHHTTTHH,HTTTHTTT,89,4,1
HTHTHTHT,HTHHTHTH,89,5,0
HHTTHHTT,HTTTTHHH,89,6,0
HTHTHTHT,HTHTTHTH,89,7,0
HTTTHTTT,THTTHTHT,89,8,0
TTHHTTHT,HHTTHTTH,89,9,0
HTTH,HHTT,89,10,1
THTHT,TTHTH,89,11,0
HTTTHTTT,TTHHTTTH,89,12,0
THTHHTHT,HTHTHTHT,89,13,1
HTHTHHTH,HHTTHTTT,89,14,1
HHTTHHTT,HHTTHTTT,89,15,0
HTTTH,THHTH,89,16,0
HTHTTHTH,THTHTHTH,89,17,1
HHTT,THHT,89,18,0
HTHTH,HTHTT,89,19,0
THTHTHHT,HHTTHHTT,89,20,1
THHHTHHH,HHHTTTHH,89,21,1
THTHTHTH,HTHHTHTH,89,22,0
HT,TT,89,23,1
HHTTHHTT,HTHTHTTH,89,24,0
HTTTH,THTTH,89,25,0
HTTTHHTT,HTTTHTTT,89,26,1
HTHTHTHT,HHTTHHTT,89,27,1
TTHH,THHT,89,28,0
HHTTHTTT,HTHHTHTH,89,29,0
THTHHTHT,HTHTTTTH,89,30,1
HTHTHHTH,HTHTHTHT,89,31,1
HHHTHHH,HHHHHTH,89,32,1
THHHHHHT,TTTTHHHH,89,33,1
TH,TT,89,34,1
TTTTHHHH,HTTTTTTH,89,35,0
HHTTHHTT,HTTHTHTH,89,36,0
TTHH,HTTH,89,37,0
HTTTHHTT,THHHTHHH,89,38,1
HHHHTHHH,HHHHTTTT,89,39,1
HHHHTTTT,HTHHHHTH,89,40,0
HTTH,TTHT,89,41,1
THTHTHTH,THTHHTHT,89,42,0
HTHTTTHH,HTHTHHTH,89,43,0
HHTHH,HHTHT,89,44,0
HHHTTHHH,HTTTTTTH,89,45,1
TTHTTHHH,HHTHTHTH,89,46,0
HHTTHHTT,THHTHTHT,89,47,0
THTTTTHT,HHHHTTTT,89,48,1
HHHTTTTH,HHTHHTHH,89,49,0
HHHTHHHH,THHHHHTH,89,50,0
HHTHTHTH,HTHTHTHT,89,51,1
HT,HH,89,52,1
HHTHHTHH,HTHTHTHT,89,53,1
TTHT,THHT,89,54,0
TTTTHHHH,HTHHHHTH,89,55,0
HTHH,HHHT,89,56,1
HTHTH,THTHH,89,57,0
TTHHTTHH,THTHTHHT,89,58,0
HTHHHHHH,TTTHHHHT,89,59,0
TTTHTTTT,HHTTHHTT,89,60,0
HTTTTTTH,HHHHTTTT,89,61,1
HTHTHTHT,HTHHHHTH,89,62,0
TTTTHHHH,HHHHTHHH,89,63,0
HHTHTTTT,HHHTHHHT,89,64,1
TTHHTTHH,HHHTTHTT,90,1,0
TTHTH,HTHTH,90,2,1
HTTHTTHH,HHTTHHTH,90,3,0
HHHTTTHH,HTTTHTTT,90,4,0
HTHHTHTH,HTHTHTHT,90,5,1
HTTTTHHH,HHTTHHTT,90,6,0
HTHTHTHT,HTHTTHTH,90,7,0
THTTHTHT,HTTTHTTT,90,8,1
HHTTHTTH,TTHHTTHT,90,9,1
HTTH,HHTT,90,10,1
TTHTH,THTHT,90,11,1
TTHHTTTH,HTTTHTTT,90,12,0
HTHTHTHT,THTHHTHT,90,13,0
HTHTHHTH,HHTTHTTT,90,14,0
HHTTHTTT,HHTTHHTT,90,15,0
THHTH,HTTTH,90,16,0
HTHTTHTH,THTHTHTH,90,17,1
THHT,HHTT,90,18,1
HTHTH,HTHTT,90,19,0
HHTTHHTT,THTHTHHT,90,20,1
THHHTHHH,HHHTTTHH,90,21,1
HTHHTHTH,THTHTHTH,90,22,1
TT,HT,90,23,0
HTHTHTTH,HHTTHHTT,90,24,0
HTTTH,THTTH,90,25,1
HTTTHTTT,HTTTHHTT,90,26,0
HHTTHHTT,HTHTHTHT,90,27,1
THHT,TTHH,90,28,1
HHTTHTTT,HTHHTHTH,90,29,1
THTHHTHT,HTHTTTTH,90,30,0
HTHTHHTH,HTHTHTHT,90,31,1
HHHTHHH,HHHHHTH,90,32,1
TTTTHHHH,THHHHHHT,90,33,1
TT,TH,90,34,0
TTTTHHHH,HTTTTTTH,90,35,0
HTTHTHTH,HHTTHHTT,90,36,0
HTTH,TTHH,90,37,1
HTTTHHTT,THHHTHHH,90,38,0
HHHHTHHH,HHHHTTTT,90,39,0
HHHHTTTT,HTHHHHTH,90,40,1
TTHT,HTTH,90,41,0
THTHTHTH,THTHHTHT,90,42,0
HTHTHHTH,HTHTTTHH,90,43,0
HHTHT,HHTHH,90,44,1
HTTTTTTH,HHHTTHHH,90,45,0
HHTHTHTH,TTHTTHHH,90,46,1
HHTTHHTT,THHTHTHT,90,47,0
HHHHTTTT,THTTTTHT,90,48,0
HHHTTTTH,HHTHHTHH,90,49,0
THHHHHTH,HHHTHHHH,90,50,1
HTHTHTHT,HHTHTHTH,90,51,0
HH,HT,90,52,0
HTHTHTHT,HHTHHTHH,90,53,0
TTHT,THHT,90,54,1
HTHHHHTH,TTTTHHHH,90,55,0
HTHH,HHHT,90,56,0
HTHTH,THTHH,90,57,1
TTHHTTHH,THTHTHHT,90,58,1
HTHHHHHH,TTTHHHHT,90,59,0
HHTTHHTT,TTTHTTTT,90,60,1
HHHHTTTT,HTTTTTTH,90,61,1
HTHHHHTH,HTHTHTHT,90,62,0
TTTTHHHH,HHHHTHHH,90,63,0
HHTHTTTT,HHHTHHHT,90,64,1
TTHHTTHH,HHHTTHTT,91,1,1
TTHTH,HTHTH,91,2,1
HTTHTTHH,HHTTHHTH,91,3,0
HHHTTTHH,HTTTHTTT,91,4,0
HTHTHTHT,HTHHTHTH,91,5,1
HHTTHHTT,HTTTTHHH,91,6,0
HTHTTHTH,HTHTHTHT,91,7,1
THTTHTHT,HTTTHTTT,91,8,1
HHTTHTTH,TTHHTTHT,91,9,0
HTTH,HHTT,91,10,1
TTHTH,THTHT,91,11,0
TTHHTTTH,HTTTHTTT,91,12,1
THTHHTHT,HTHTHTHT,91,13,0
HTHTHHTH,HHTTHTTT,91,14,0
HHTTHHTT,HHTTHTTT,91,15,1
HTTTH,THHTH,91,16,0
HTHTTHTH,THTHTHTH,91,17,1
HHTT,THHT,91,18,0
HTHTH,HTHTT,91,19,1
HHTTHHTT,THTHTHHT,91,20,0
HHHTTTHH,THHHTHHH,91,21,1
HTHHTHTH,THTHTHTH,91,22,0
TT,HT,91,23,0
HHTTHHTT,HTHTHTTH,91,24,1
HTTTH,THTTH,91,25,0
HTTTHTTT,HTTTHHTT,91,26,1
HHTTHHTT,HTHTHTHT,91,27,0
THHT,TTHH,91,28,1
HHTTHTTT,HTHHTHTH,91,29,1
HTHTTTTH,THTHHTHT,91,30,0
HTHTHTHT,HTHTHHTH,91,31,1
HHHTHHH,HHHHHTH,91,32,0
THHHHHHT,TTTTHHHH,91,33,1
TT,TH,91,34,0
TTTTHHHH,HTTTTTTH,91,35,1
HTTHTHTH,HHTTHHTT,91,36,1
TTHH,HTTH,91,37,1
THHHTHHH,HTTTHHTT,91,38,0
HHHHTTTT,HHHHTHHH,91,39,1
HTHHHHTH,HHHHTTTT,91,40,0
TTHT,HTTH,91,41,1
THTHHTHT,THTHTHTH,91,42,1
HTHTTTHH,HTHTHHTH,91,43,1
HHTHT,HHTHH,91,44,1
HTTTTTTH,HHHTTHHH,91,45,0
HHTHTHTH,TTHTTHHH,91,46,1
THHTHTHT,HHTTHHTT,91,47,0
THTTTTHT,HHHHTTTT,91,48,1
HHTHHTHH,HHHTTTTH,91,49,1
THHHHHTH,HHHTHHHH,91,50,0
HTHTHTHT,HHTHTHTH,91,51,1
HT,HH,91,52,1
HTHTHTHT,HHTHHTHH,91,53,0
TTHT,THHT,91,54,1
TTTTHHHH,HTHHHHTH,91,55,0
HTHH,HHHT,91,56,1
THTHH,HTHTH,91,57,1
THTHTHHT,TTHHTTHH,91,58,1
HTHHHHHH,TTTHHHHT,91,59,0
TTTHTTTT,HHTTHHTT,91,60,1
HTTTTTTH,HHHHTTTT,91,61,0
HTHHHHTH,HTHTHTHT,91,62,1
HHHHTHHH,TTTTHHHH,91,63,1
HHHTHHHT,HHTHTTTT,91,64,0
HHHTTHTT,TTHHTTHH,92,1,0
TTHTH,HTHTH,92,2,1
HTTHTTHH,HHTTHHTH,92,3,0
HTTTHTTT,HHHTTTHH,92,4,0
HTHHTHTH,HTHTHTHT,92,5,0
HTTTTHHH,HHTTHHTT,92,6,0
HTHTHTHT,HTHTTHTH,92,7,0
THTTHTHT,HTTTHTTT,92,8,1
HHTTHTTH,TTHHTTHT,92,9,0
HHTT,HTTH,92,10,0
THTHT,TTHTH,92,11,1
HTTTHTTT,TTHHTTTH,92,12,0
HTHTHTHT,THTHHTHT,92,13,0
HHTTHTTT,HTHTHHTH,92,14,1
HHTTHTTT,HHTTHHTT,92,15,1
THHTH,HTTTH,92,16,0
HTHTTHTH,THTHTHTH,92,17,1
THHT,HHTT,92,18,1
HTHTT,HTHTH,92,19,1
THTHTHHT,HHTTHHTT,92,20,0
THHHTHHH,HHHTTTHH,92,21,1
HTHHTHTH,THTHTHTH,92,22,1
TT,HT,92,23,0
HHTTHHTT,HTHTHTTH,92,24,1
THTTH,HTTTH,92,25,1
HTTTHHTT,HTTTHTTT,92,26,0
HTHTHTHT,HHTTHHTT,92,27,1
TTHH,THHT,92,28,0
HTHHTHTH,HHTTHTTT,92,29,1
THTHHTHT,HTHTTTTH,92,30,0
HTHTHHTH,HTHTHTHT,92,31,0
HHHHHTH,HHHTHHH,92,32,0
TTTTHHHH,THHHHHHT,92,33,0
TT,TH,92,34,0
TTTTHHHH,HTTTTTTH,92,35,1
HTTHTHTH,HHTTHHTT,92,36,0
HTTH,TTHH,92,37,1
HTTTHHTT,THHHTHHH,92,38,1
HHHHTHHH,HHHHTTTT,92,39,0
HTHHHHTH,HHHHTTTT,92,40,1
TTHT,HTTH,92,41,1
THTHHTHT,THTHTHTH,92,42,1
HTHTTTHH,HTHTHHTH,92,43,1
HHTHT,HHTHH,92,44,1
HHHTTHHH,HTTTTTTH,92,45,1
TTHTTHHH,HHTHTHTH,92,46,1
HHTTHHTT,THHTHTHT,92,47,1
THTTTTHT,HHHHTTTT,92,48,1
HHTHHTHH,HHHTTTTH,92,49,1
HHHTHHHH,THHHHHTH,92,50,1
HHTHTHTH,HTHTHTHT,92,51,1
HT,HH,92,52,1
HHTHHTHH,HTHTHTHT,92,53,0
THHT,TTHT,92,54,0
HTHHHHTH,TTTTHHHH,92,55,1
HHHT,HTHH,92,56,0
HTHTH,THTHH,92,57,0
TTHHTTHH,THTHTHHT,92,58,0
HTHHHHHH,TTTHHHHT,92,59,0
HHTTHHTT,TTTHTTTT,92,60,1
HTTTTTTH,HHHHTTTT,92,61,0
HTHHHHTH,HTHTHTHT,92,62,1
TTTTHHHH,HHHHTHHH,92,63,0
HHHTHHHT,HHTHTTTT,92,64,0
HHHTTHTT,TTHHTTHH,93,1,0
HTHTH,TTHTH,93,2,1
HHTTHHTH,HTTHTTHH,93,3,1
HTTTHTTT,HHHTTTHH,93,4,0
HTHHTHTH,HTHTHTHT,93,5,1
HTTTTHHH,HHTTHHTT,93,6,0
HTHTTHTH,HTHTHTHT,93,7,0
HTTTHTTT,THTTHTHT,93,8,1
TTHHTTHT,HHTTHTTH,93,9,0
HTTH,HHTT,93,10,1
THTHT,TTHTH,93,11,0
TTHHTTTH,HTTTHTTT,93,12,0
HTHTHTHT,THTHHTHT,93,13,0
HHTTHTTT,HTHTHHTH,93,14,0
HHTTHHTT,HHTTHTTT,93,15,0
THHTH,HTTTH,93,16,1
HTHTTHTH,THTHTHTH,93,17,0
THHT,HHTT,93,18,0
HTHTH,HTHTT,93,19,0
HHTTHHTT,THTHTHHT,93,20,0
HHHTTTHH,THHHTHHH,93,21,0
THTHTHTH,HTHHTHTH,93,22,0
TT,HT,93,23,0
HHTTHHTT,HTHTHTTH,93,24,0
HTTTH,THTTH,93,25,0
HTTTHTTT,HTTTHHTT,93,26,1
HTHTHTHT,HHTTHHTT,93,27,1
THHT,TTHH,93,28,0
HTHHTHTH,HHTTHTTT,93,29,1
HTHTTTTH,THTHHTHT,93,30,1
HTHTHHTH,HTHTHTHT,93,31,0
HHHHHTH,HHHTHHH,93,32,0
THHHHHHT,TTTTHHHH,93,33,1
TT,TH,93,34,0
TTTTHHHH,HTTTTTTH,93,35,0
HHTTHHTT,HTTHTHTH,93,36,0
TTHH,HTTH,93,37,1
HTTTHHTT,THHHTHHH,93,38,0
HHHHTHHH,HHHHTTTT,93,39,1
HHHHTTTT,HTHHHHTH,93,40,0
HTTH,TTHT,93,41,0
THTHTHTH,THTHHTHT,93,42,0
HTHTHHTH,HTHTTTHH,93,43,1
HHTHH,HHTHT,93,44,0
HHHTTHHH,HTTTTTTH,93,45,1
TTHTTHHH,HHTHTHTH,93,46,0
HHTTHHTT,THHTHTHT,93,47,1
THTTTTHT,HHHHTTTT,93,48,1
HHTHHTHH,HHHTTTTH,93,49,1
HHHTHHHH,THHHHHTH,93,50,1
HHTHTHTH,HTHTHTHT,93,51,1
HH,HT,93,52,0
HHTHHTHH,HTHTHTHT,93,53,1
TTHT,THHT,93,54,1
HTHHHHTH,TTTTHHHH,93,55,1
HHHT,HTHH,93,56,0
THTHH,HTHTH,93,57,0
TTHHTTHH,THTHTHHT,93,58,1
TTTHHHHT,HTHHHHHH,93,59,1
HHTTHHTT,TTTHTTTT,93,60,1
HHHHTTTT,HTTTTTTH,93,61,1
HTHTHTHT,HTHHHHTH,93,62,1
HHHHTHHH,TTTTHHHH,93,63,1
HHTHTTTT,HHHTHHHT,93,64,1
HHHTTHTT,TTHHTTHH,94,1,0
HTHTH,TTHTH,94,2,0
HHTTHHTH,HTTHTTHH,94,3,1
HTTTHTTT,HHHTTTHH,94,4,0
HTHTHTHT,HTHHTHTH,94,5,0
HHTTHHTT,HTTTTHHH,94,6,1
HTHTHTHT,HTHTTHTH,94,7,0
THTTHTHT,HTTTHTTT,94,8,1
HHTTHTTH,TTHHTTHT,94,9,1
HHTT,HTTH,94,10,0
TTHTH,THTHT,94,11,1
TTHHTTTH,HTTTHTTT,94,12,1
HTHTHTHT,THTHHTHT,94,13,0
HHTTHTTT,HTHTHHTH,94,14,0
HHTTHTTT,HHTTHHTT,94,15,0
HTTTH,THHTH,94,16,0
THTHTHTH,HTHTTHTH,94,17,0
THHT,HHTT,94,18,1
HTHTT,HTHTH,94,19,0
HHTTHHTT,THTHTHHT,94,20,0
HHHTTTHH,THHHTHHH,94,21,1
THTHTHTH,HTHHTHTH,94,22,0
TT,HT,94,23,0
HTHTHTTH,HHTTHHTT,94,24,1
HTTTH,THTTH,94,25,0
HTTTHHTT,HTTTHTTT,94,26,1
HTHTHTHT,HHTTHHTT,94,27,0
TTHH,THHT,94,28,0
HTHHTHTH,HHTTHTTT,94,29,1
HTHTTTTH,THTHHTHT,94,30,0
HTHTHTHT,HTHTHHTH,94,31,0
HHHHHTH,HHHTHHH,94,32,1
THHHHHHT,TTTTHHHH,94,33,1
TH,TT,94,34,1
TTTTHHHH,HTTTTTTH,94,35,0
HTTHTHTH,HHTTHHTT,94,36,1
HTTH,TTHH,94,37,1
HTTTHHTT,THHHTHHH,94,38,1
HHHHTHHH,HHHHTTTT,94,39,1
HHHHTTTT,HTHHHHTH,94,40,0
TTHT,HTTH,94,41,1
THTHTHTH,THTHHTHT,94,42,0
HTHTHHTH,HTHTTTHH,94,43,1
HHTHT,HHTHH,94,44,1
HHHTTHHH,HTTTTTTH,94,45,1
TTHTTHHH,HHTHTHTH,94,46,0
THHTHTHT,HHTTHHTT,94,47,1
THTTTTHT,HHHHTTTT,94,48,1
HHHTTTTH,HHTHHTHH,94,49,0
HHHTHHHH,THHHHHTH,94,50,0
HTHTHTHT,HHTHTHTH,94,51,0
HT,HH,94,52,1
HHTHHTHH,HTHTHTHT,94,53,1
TTHT,THHT,94,54,1
TTTTHHHH,HTHHHHTH,94,55,0
HTHH,HHHT,94,56,1
THTHH,HTHTH,94,57,1
THTHTHHT,TTHHTTHH,94,58,1
HTHHHHHH,TTTHHHHT,94,59,0
TTTHTTTT,HHTTHHTT,94,60,0
HTTTTTTH,HHHHTTTT,94,61,1
HTHTHTHT,HTHHHHTH,94,62,1
TTTTHHHH,HHHHTHHH,94,63,0
HHHTHHHT,HHTHTTTT,94,64,1
TTHHTTHH,HHHTTHTT,95,1,0
HTHTH,TTHTH,95,2,0
HHTTHHTH,HTTHTTHH,95,3,0
HHHTTTHH,HTTTHTTT,95,4,1
HTHHTHTH,HTHTHTHT,95,5,1
HHTTHHTT,HTTTTHHH,95,6,0
HTHTHTHT,HTHTTHTH,95,7,0
HTTTHTTT,THTTHTHT,95,8,0
TTHHTTHT,HHTTHTTH,95,9,1
HTTH,HHTT,95,10,1
THTHT,TTHTH,95,11,0
TTHHTTTH,HTTTHTTT,95,12,1
HTHTHTHT,THTHHTHT,95,13,0
HHTTHTTT,HTHTHHTH,95,14,1
HHTTHTTT,HHTTHHTT,95,15,1
THHTH,HTTTH,95,16,1
HTHTTHTH,THTHTHTH,95,17,1
THHT,HHTT,95,18,1
HTHTH,HTHTT,95,19,0
THTHTHHT,HHTTHHTT,95,20,1
THHHTHHH,HHHTTTHH,95,21,0
THTHTHTH,HTHHTHTH,95,22,0
HT,TT,95,23,0
HHTTHHTT,HTHTHTTH,95,24,0
THTTH,HTTTH,95,25,1
HTTTHHTT,HTTTHTTT,95,26,1
HHTTHHTT,HTHTHTHT,95,27,1
THHT,TTHH,95,28,1
HHTTHTTT,HTHHTHTH,95,29,0
HTHTTTTH,THTHHTHT,95,30,1
HTHTHHTH,HTHTHTHT,95,31,1
HHHTHHH,HHHHHTH,95,32,1
THHHHHHT,TTTTHHHH,95,33,1
TT,TH,95,34,1
HTTTTTTH,TTTTHHHH,95,35,1
HTTHTHTH,HHTTHHTT,95,36,1
HTTH,TTHH,95,37,1
HTTTHHTT,THHHTHHH,95,38,1
HHHHTTTT,HHHHTHHH,95,39,1
HHHHTTTT,HTHHHHTH,95,40,0
HTTH,TTHT,95,41,0
THTHTHTH,THTHHTHT,95,42,0
HTHTHHTH,HTHTTTHH,95,43,0
HHTHT,HHTHH,95,44,1
HHHTTHHH,HTTTTTTH,95,45,1
TTHTTHHH,HHTHTHTH,95,46,1
HHTTHHTT,THHTHTHT,95,47,0
THTTTTHT,HHHHTTTT,95,48,1
HHHTTTTH,HHTHHTHH,95,49,1
THHHHHTH,HHHTHHHH,95,50,1
HTHTHTHT,HHTHTHTH,95,51,0
HT,HH,95,52,0
HTHTHTHT,HHTHHTHH,95,53,0
THHT,TTHT,95,54,0
TTTTHHHH,HTHHHHTH,95,55,0
HHHT,HTHH,95,56,0
HTHTH,THTHH,95,57,0
THTHTHHT,TTHHTTHH,95,58,1
HTHHHHHH,TTTHHHHT,95,59,0
HHTTHHTT,TTTHTTTT,95,60,0
HHHHTTTT,HTTTTTTH,95,61,0
HTHTHTHT,HTHHHHTH,95,62,0
TTTTHHHH,HHHHTHHH,95,63,0
HHTHTTTT,HHHTHHHT,95,64,1
HHHTTHTT,TTHHTTHH,96,1,1
HTHTH,TTHTH,96,2,0
HHTTHHTH,HTTHTTHH,96,3,1
HHHTTTHH,HTTTHTTT,96,4,0
HTHTHTHT,HTHHTHTH,96,5,0
HHTTHHTT,HTTTTHHH,96,6,0
HTHTHTHT,HTHTTHTH,96,7,0
THTTHTHT,HTTTHTTT,96,8,1
HHTTHTTH,TTHHTTHT,96,9,1
HHTT,HTTH,96,10,0
THTHT,TTHTH,96,11,0
HTTTHTTT,TTHHTTTH,96,12,0
HTHTHTHT,THTHHTHT,96,13,0
HHTTHTTT,HTHTHHTH,96,14,0
HHTTHHTT,HHTTHTTT,96,15,0
THHTH,HTTTH,96,16,1
THTHTHTH,HTHTTHTH,96,17,0
HHTT,THHT,96,18,0
HTHTT,HTHTH,96,19,1
HHTTHHTT,THTHTHHT,96,20,0
THHHTHHH,HHHTTTHH,96,21,1
HTHHTHTH,THTHTHTH,96,22,1
HT,TT,96,23,0
HHTTHHTT,HTHTHTTH,96,24,1
HTTTH,THTTH,96,25,0
HTTTHTTT,HTTTHHTT,96,26,0
HHTTHHTT,HTHTHTHT,96,27,1
TTHH,THHT,96,28,0
HHTTHTTT,HTHHTHTH,96,29,0
HTHTTTTH,THTHHTHT,96,30,0
HTHTHTHT,HTHTHHTH,96,31,0
HHHHHTH,HHHTHHH,96,32,0
TTTTHHHH,THHHHHHT,96,33,1
TT,TH,96,34,0
HTTTTTTH,TTTTHHHH,96,35,1
HTTHTHTH,HHTTHHTT,96,36,0
HTTH,TTHH,96,37,1
THHHTHHH,HTTTHHTT,96,38,0
HHHHTHHH,HHHHTTTT,96,39,1
HHHHTTTT,HTHHHHTH,96,40,0
HTTH,TTHT,96,41,0
THTHHTHT,THTHTHTH,96,42,1
HTHTHHTH,HTHTTTHH,96,43,1
HHTHH,HHTHT,96,44,0
HHHTTHHH,HTTTTTTH,96,45,1
HHTHTHTH,TTHTTHHH,96,46,0
THHTHTHT,HHTTHHTT,96,47,0
HHHHTTTT,THTTTTHT,96,48,0
HHHTTTTH,HHTHHTHH,96,49,0
THHHHHTH,HHHTHHHH,96,50,1
HHTHTHTH,HTHTHTHT,96,51,0
HT,HH,96,52,1
HTHTHTHT,HHTHHTHH,96,53,0
THHT,TTHT,96,54,0
TTTTHHHH,HTHHHHTH,96,55,0
HHHT,HTHH,96,56,0
HTHTH,THTHH,96,57,0
TTHHTTHH,THTHTHHT,96,58,0
TTTHHHHT,HTHHHHHH,96,59,1
TTTHTTTT,HHTTHHTT,96,60,0
HTTTTTTH,HHHHTTTT,96,61,1
HTHHHHTH,HTHTHTHT,96,62,1
HHHHTHHH,TTTTHHHH,96,63,1
HHTHTTTT,HHHTHHHT,96,64,1
TTHHTTHH,HHHTTHTT,97,1,0
HTHTH,TTHTH,97,2,0
HHTTHHTH,HTTHTTHH,97,3,1
HTTTHTTT,HHHTTTHH,97,4,1
HTHHTHTH,HTHTHTHT,97,5,1
HHTTHHTT,HTTTTHHH,97,6,0
HTHTHTHT,HTHTTHTH,97,7,0
THTTHTHT,HTTTHTTT,97,8,1
HHTTHTTH,TTHHTTHT,97,9,1
HTTH,HHTT,97,10,1
TTHTH,THTHT,97,11,1
TTHHTTTH,HTTTHTTT,97,12,0
THTHHTHT,HTHTHTHT,97,13,1
HTHTHHTH,HHTTHTTT,97,14,0
HHTTHTTT,HHTTHHTT,97,15,0
HTTTH,THHTH,97,16,0
HTHTTHTH,THTHTHTH,97,17,1
THHT,HHTT,97,18,1
HTHTH,HTHTT,97,19,0
THTHTHHT,HHTTHHTT,97,20,1
HHHTTTHH,THHHTHHH,97,21,1
THTHTHTH,HTHHTHTH,97,22,0
TT,HT,97,23,0
HTHTHTTH,HHTTHHTT,97,24,1
HTTTH,THTTH,97,25,0
HTTTHHTT,HTTTHTTT,97,26,1
HTHTHTHT,HHTTHHTT,97,27,0
THHT,TTHH,97,28,1
HTHHTHTH,HHTTHTTT,97,29,0
HTHTTTTH,THTHHTHT,97,30,1
HTHTHHTH,HTHTHTHT,97,31,1
HHHHHTH,HHHTHHH,97,32,1
THHHHHHT,TTTTHHHH,97,33,1
TT,TH,97,34,0
HTTTTTTH,TTTTHHHH,97,35,1
HTTHTHTH,HHTTHHTT,97,36,1
TTHH,HTTH,97,37,1
HTTTHHTT,THHHTHHH,97,38,1
HHHHTTTT,HHHHTHHH,97,39,0
HHHHTTTT,HTHHHHTH,97,40,0
HTTH,TTHT,97,41,0
THTHHTHT,THTHTHTH,97,42,1
HTHTHHTH,HTHTTTHH,97,43,1
HHTHH,HHTHT,97,44,0
HTTTTTTH,HHHTTHHH,97,45,1
TTHTTHHH,HHTHTHTH,97,46,1
THHTHTHT,HHTTHHTT,97,47,0
HHHHTTTT,THTTTTHT,97,48,0
HHHTTTTH,HHTHHTHH,97,49,1
THHHHHTH,HHHTHHHH,97,50,1
HHTHTHTH,HTHTHTHT,97,51,1
HH,HT,97,52,0
HTHTHTHT,HHTHHTHH,97,53,1
THHT,TTHT,97,54,0
TTTTHHHH,HTHHHHTH,97,55,0
HTHH,HHHT,97,56,0
THTHH,HTHTH,97,57,1
THTHTHHT,TTHHTTHH,97,58,1
TTTHHHHT,HTHHHHHH,97,59,0
HHTTHHTT,TTTHTTTT,97,60,0
HTTTTTTH,HHHHTTTT,97,61,1
HTHHHHTH,HTHTHTHT,97,62,1
HHHHTHHH,TTTTHHHH,97,63,1
HHTHTTTT,HHHTHHHT,97,64,1
TTHHTTHH,HHHTTHTT,98,1,1
TTHTH,HTHTH,98,2,1
HTTHTTHH,HHTTHHTH,98,3,0
HHHTTTHH,HTTTHTTT,98,4,0
HTHTHTHT,HTHHTHTH,98,5,0
HTTTTHHH,HHTTHHTT,98,6,1
HTHTTHTH,HTHTHTHT,98,7,1
HTTTHTTT,THTTHTHT,98,8,0
TTHHTTHT,HHTTHTTH,98,9,1
HHTT,HTTH,98,10,0
TTHTH,THTHT,98,11,1
TTHHTTTH,HTTTHTTT,98,12,1
HTHTHTHT,THTHHTHT,98,13,0
HTHTHHTH,HHTTHTTT,98,14,0
HHTTHHTT,HHTTHTTT,98,15,0
THHTH,HTTTH,98,16,1
THTHTHTH,HTHTTHTH,98,17,0
HHTT,THHT,98,18,0
HTHTT,HTHTH,98,19,1
HHTTHHTT,THTHTHHT,98,20,0
THHHTHHH,HHHTTTHH,98,21,0
THTHTHTH,HTHHTHTH,98,22,0
TT,HT,98,23,0
HHTTHHTT,HTHTHTTH,98,24,0
HTTTH,THTTH,98,25,0
HTTTHHTT,HTTTHTTT,98,26,1
HTHTHTHT,HHTTHHTT,98,27,0
TTHH,THHT,98,28,0
HHTTHTTT,HTHHTHTH,98,29,1
THTHHTHT,HTHTTTTH,98,30,0
HTHTHTHT,HTHTHHTH,98,31,0
HHHHHTH,HHHTHHH,98,32,1
THHHHHHT,TTTTHHHH,98,33,1
TH,TT,98,34,1
TTTTHHHH,HTTTTTTH,98,35,0
HHTTHHTT,HTTHTHTH,98,36,0
TTHH,HTTH,98,37,0
HTTTHHTT,THHHTHHH,98,38,1
HHHHTTTT,HHHHTHHH,98,39,0
HTHHHHTH,HHHHTTTT,98,40,1
HTTH,TTHT,98,41,0
THTHHTHT,THTHTHTH,98,42,1
HTHTHHTH,HTHTTTHH,98,43,0
HHTHT,HHTHH,98,44,1
HHHTTHHH,HTTTTTTH,98,45,1
TTHTTHHH,HHTHTHTH,98,46,1
HHTTHHTT,THHTHTHT,98,47,0
HHHHTTTT,THTTTTHT,98,48,0
HHHTTTTH,HHTHHTHH,98,49,0
HHHTHHHH,THHHHHTH,98,50,0
HHTHTHTH,HTHTHTHT,98,51,1
HT,HH,98,52,1
HHTHHTHH,HTHTHTHT,98,53,1
TTHT,THHT,98,54,0
TTTTHHHH,HTHHHHTH,98,55,0
HHHT,HTHH,98,56,1
HTHTH,THTHH,98,57,0
THTHTHHT,TTHHTTHH,98,58,1
TTTHHHHT,HTHHHHHH,98,59,0
TTTHTTTT,HHTTHHTT,98,60,0
HHHHTTTT,HTTTTTTH,98,61,0
HTHHHHTH,HTHTHTHT,98,62,1
HHHHTHHH,TTTTHHHH,98,63,1
HHHTHHHT,HHTHTTTT,98,64,0
TTHHTTHH,HHHTTHTT,99,1,0
HTHTH,TTHTH,99,2,0
HTTHTTHH,HHTTHHTH,99,3,0
HHHTTTHH,HTTTHTTT,99,4,1
HTHTHTHT,HTHHTHTH,99,5,0
HHTTHHTT,HTTTTHHH,99,6,0
HTHTTHTH,HTHTHTHT,99,7,0
HTTTHTTT,THTTHTHT,99,8,0
TTHHTTHT,HHTTHTTH,99,9,1
HHTT,HTTH,99,10,0
TTHTH,THTHT,99,11,1
HTTTHTTT,TTHHTTTH,99,12,0
THTHHTHT,HTHTHTHT,99,13,1
HTHTHHTH,HHTTHTTT,99,14,1
HHTTHTTT,HHTTHHTT,99,15,1
THHTH,HTTTH,99,16,1
THTHTHTH,HTHTTHTH,99,17,0
HHTT,THHT,99,18,0
HTHTT,HTHTH,99,19,1
HHTTHHTT,THTHTHHT,99,20,0
HHHTTTHH,THHHTHHH,99,21,0
HTHHTHTH,THTHTHTH,99,22,1
HT,TT,99,23,1
HTHTHTTH,HHTTHHTT,99,24,1
HTTTH,THTTH,99,25,0
HTTTHHTT,HTTTHTTT,99,26,1
HHTTHHTT,HTHTHTHT,99,27,1
TTHH,THHT,99,28,0
HTHHTHTH,HHTTHTTT,99,29,1
HTHTTTTH,THTHHTHT,99,30,1
HTHTHHTH,HTHTHTHT,99,31,1
HHHTHHH,HHHHHTH,99,32,1
TTTTHHHH,THHHHHHT,99,33,0
TH,TT,99,34,1
TTTTHHHH,HTTTTTTH,99,35,1
HHTTHHTT,HTTHTHTH,99,36,0
TTHH,HTTH,99,37,0
THHHTHHH,HTTTHHTT,99,38,0
HHHHTHHH,HHHHTTTT,99,39,1
HHHHTTTT,HTHHHHTH,99,40,0
HTTH,TTHT,99,41,0
THTHTHTH,THTHHTHT,99,42,0
HTHTTTHH,HTHTHHTH,99,43,0
HHTHH,HHTHT,99,44,0
HHHTTHHH,HTTTTTTH,99,45,0
HHTHTHTH,TTHTTHHH,99,46,0
HHTTHHTT,THHTHTHT,99,47,0
THTTTTHT,HHHHTTTT,99,48,1
HHTHHTHH,HHHTTTTH,99,49,0
HHHTHHHH,THHHHHTH,99,50,0
HHTHTHTH,HTHTHTHT,99,51,1
HT,HH,99,52,1
HHTHHTHH,HTHTHTHT,99,53,1
THHT,TTHT,99,54,0
HTHHHHTH,TTTTHHHH,99,55,1
HHHT,HTHH,99,56,0
THTHH,HTHTH,99,57,1
THTHTHHT,TTHHTTHH,99,58,1
HTHHHHHH,TTTHHHHT,99,59,0
HHTTHHTT,TTTHTTTT,99,60,1
HHHHTTTT,HTTTTTTH,99,61,0
HTHHHHTH,HTHTHTHT,99,62,1
TTTTHHHH,HHHHTHHH,99,63,0
HHHTHHHT,HHTHTTTT,99,64,0
TTHHTTHH,HHHTTHTT,100,1,0
TTHTH,HTHTH,100,2,1
HTTHTTHH,HHTTHHTH,100,3,1
HTTTHTTT,HHHTTTHH,100,4,0
HTHTHTHT,HTHHTHTH,100,5,1
HTTTTHHH,HHTTHHTT,100,6,1
HTHTHTHT,HTHTTHTH,100,7,1
THTTHTHT,HTTTHTTT,100,8,1
HHTTHTTH,TTHHTTHT,100,9,0
HTTH,HHTT,100,10,1
TTHTH,THTHT,100,11,1
TTHHTTTH,HTTTHTTT,100,12,1
HTHTHTHT,THTHHTHT,100,13,0
HTHTHHTH,HHTTHTTT,100,14,1
HHTTHHTT,HHTTHTTT,100,15,1
THHTH,HTTTH,100,16,1
THTHTHTH,HTHTTHTH,100,17,1
HHTT,THHT,100,18,0
HTHTT,HTHTH,100,19,1
THTHTHHT,HHTTHHTT,100,20,0
HHHTTTHH,THHHTHHH,100,21,0
HTHHTHTH,THTHTHTH,100,22,1
TT,HT,100,23,1
HHTTHHTT,HTHTHTTH,100,24,1
HTTTH,THTTH,100,25,1
HTTTHHTT,HTTTHTTT,100,26,1
HHTTHHTT,HTHTHTHT,100,27,0
TTHH,THHT,100,28,0
HTHHTHTH,HHTTHTTT,100,29,1
HTHTTTTH,THTHHTHT,100,30,0
HTHTHHTH,HTHTHTHT,100,31,1
HHHHHTH,HHHTHHH,100,32,1
TTTTHHHH,THHHHHHT,100,33,0
TH,TT,100,34,1
HTTTTTTH,TTTTHHHH,100,35,1
HHTTHHTT,HTTHTHTH,100,36,1
HTTH,TTHH,100,37,0
THHHTHHH,HTTTHHTT,100,38,1
HHHHTTTT,HHHHTHHH,100,39,1
HTHHHHTH,HHHHTTTT,100,40,1
TTHT,HTTH,100,41,1
THTHTHTH,THTHHTHT,100,42,1
HTHTHHTH,HTHTTTHH,100,43,1
HHTHT,HHTHH,100,44,0
HHHTTHHH,HTTTTTTH,100,45,1
TTHTTHHH,HHTHTHTH,100,46,0
THHTHTHT,HHTTHHTT,100,47,0
THTTTTHT,HHHHTTTT,100,48,1
HHTHHTHH,HHHTTTTH,100,49,1
HHHTHHHH,THHHHHTH,100,50,1
HHTHTHTH,HTHTHTHT,100,51,1
HH,HT,100,52,1
HHTHHTHH,HTHTHTHT,100,53,1
THHT,TTHT,100,54,1
HTHHHHTH,TTTTHHHH,100,55,0
HHHT,HTHH,100,56,1
HTHTH,THTHH,100,57,1
TTHHTTHH,THTHTHHT,100,58,1
HTHHHHHH,TTTHHHHT,100,59,1
TTTHTTTT,HHTTHHTT,100,60,0
HHHHTTTT,HTTTTTTH,100,61,1
HTHHHHTH,HTHTHTHT,100,62,1
HHHHTHHH,TTTTHHHH,100,63,0
HHHTHHHT,HHTHTTTT,100,64,1
TTHHTTHH,HHHTTHTT,101,1,0
HTHTH,TTHTH,101,2,1
HHTTHHTH,HTTHTTHH,101,3,0
HHHTTTHH,HTTTHTTT,101,4,0
HTHHTHTH,HTHTHTHT,101,5,1
HTTTTHHH,HHTTHHTT,101,6,0
HTHTHTHT,HTHTTHTH,101,7,0
HTTTHTTT,THTTHTHT,101,8,0
TTHHTTHT,HHTTHTTH,101,9,1
HTTH,HHTT,101,10,1
TTHTH,THTHT,101,11,1
HTTTHTTT,TTHHTTTH,101,12,1
HTHTHTHT,THTHHTHT,101,13,0
HTHTHHTH,HHTTHTTT,101,14,1
HHTTHHTT,HHTTHTTT,101,15,1
HTTTH,THHTH,101,16,1
HTHTTHTH,THTHTHTH,101,17,1
HHTT,THHT,101,18,0
HTHTH,HTHTT,101,19,0
HHTTHHTT,THTHTHHT,101,20,1
THHHTHHH,HHHTTTHH,101,21,0
THTHTHTH,HTHHTHTH,101,22,0
HT,TT,101,23,1
HHTTHHTT,HTHTHTTH,101,24,1
THTTH,HTTTH,101,25,0
HTTTHTTT,HTTTHHTT,101,26,0
HHTTHHTT,HTHTHTHT,101,27,1
TTHH,THHT,101,28,0
HTHHTHTH,HHTTHTTT,101,29,1
HTHTTTTH,THTHHTHT,101,30,1
HTHTHTHT,HTHTHHTH,101,31,0
HHHTHHH,HHHHHTH,101,32,1
TTTTHHHH,THHHHHHT,101,33,0
TT,TH,101,34,0
HTTTTTTH,TTTTHHHH,101,35,1
HHTTHHTT,HTTHTHTH,101,36,0
HTTH,TTHH,101,37,1
THHHTHHH,HTTTHHTT,101,38,0
HHHHTHHH,HHHHTTTT,101,39,1
HHHHTTTT,HTHHHHTH,101,40,0
TTHT,HTTH,101,41,0
THTHHTHT,THTHTHTH,101,42,1
HTHTHHTH,HTHTTTHH,101,43,0
HHTHH,HHTHT,101,44,0
HHHTTHHH,HTTTTTTH,101,45,1
HHTHTHTH,TTHTTHHH,101,46,0
HHTTHHTT,THHTHTHT,101,47,1
THTTTTHT,HHHHTTTT,101,48,1
HHTHHTHH,HHHTTTTH,101,49,1
THHHHHTH,HHHTHHHH,101,50,1
HHTHTHTH,HTHTHTHT,101,51,1
HH,HT,101,52,0
HHTHHTHH,HTHTHTHT,101,53,1
THHT,TTHT,101,54,1
TTTTHHHH,HTHHHHTH,101,55,0
HHHT,HTHH,101,56,1
THTHH,HTHTH,101,57,1
TTHHTTHH,THTHTHHT,101,58,1
TTTHHHHT,HTHHHHHH,101,59,1
TTTHTTTT,HHTTHHTT,101,60,0
HHHHTTTT,HTTTTTTH,101,61,1
HTHTHTHT,HTHHHHTH,101,62,0
TTTTHHHH,HHHHTHHH,101,63,0
HHTHTTTT,HHHTHHHT,101,64,1
HHHTTHTT,TTHHTTHH,102,1,0
HTHTH,TTHTH,102,2,0
HTTHTTHH,HHTTHHTH,102,3,1
HTTTHTTT,HHHTTTHH,102,4,0
HTHHTHTH,HTHTHTHT,102,5,1
HTTTTHHH,HHTTHHTT,102,6,0
HTHTTHTH,HTHTHTHT,102,7,1
HTTTHTTT,THTTHTHT,102,8,0
TTHHTTHT,HHTTHTTH,102,9,1
HHTT,HTTH,102,10,1
THTHT,TTHTH,102,11,0
TTHHTTTH,HTTTHTTT,102,12,1
HTHTHTHT,THTHHTHT,102,13,0
HHTTHTTT,HTHTHHTH,102,14,0
HHTTHTTT,HHTTHHTT,102,15,1
HTTTH,THHTH,102,16,0
THTHTHTH,HTHTTHTH,102,17,0
HHTT,THHT,102,18,0
HTHTT,HTHTH,102,19,1
HHTTHHTT,THTHTHHT,102,20,0
HHHTTTHH,THHHTHHH,102,21,1
THTHTHTH,HTHHTHTH,102,22,0
TT,HT,102,23,0
HHTTHHTT,HTHTHTTH,102,24,0
THTTH,HTTTH,102,25,1
HTTTHTTT,HTTTHHTT,102,26,0
HHTTHHTT,HTHTHTHT,102,27,1
TTHH,THHT,102,28,0
HTHHTHTH,HHTTHTTT,102,29,1
THTHHTHT,HTHTTTTH,102,30,1
HTHTHTHT,HTHTHHTH,102,31,0
HHHHHTH,HHHTHHH,102,32,0
TTTTHHHH,THHHHHHT,102,33,1
TT,TH,102,34,0
HTTTTTTH,TTTTHHHH,102,35,0
HTTHTHTH,HHTTHHTT,102,36,1
HTTH,TTHH,102,37,1
HTTTHHTT,THHHTHHH,102,38,1
HHHHTTTT,HHHHTHHH,102,39,1
HTHHHHTH,HHHHTTTT,102,40,1
TTHT,HTTH,102,41,1
THTHTHTH,THTHHTHT,102,42,0
HTHTHHTH,HTHTTTHH,102,43,1
HHTHT,HHTHH,102,44,1
HTTTTTTH,HHHTTHHH,102,45,0
TTHTTHHH,HHTHTHTH,102,46,0
HHTTHHTT,THHTHTHT,102,47,0
THTTTTHT,HHHHTTTT,102,48,1
HHTHHTHH,HHHTTTTH,102,49,1
THHHHHTH,HHHTHHHH,102,50,1
HTHTHTHT,HHTHTHTH,102,51,0
HT,HH,102,52,1
HHTHHTHH,HTHTHTHT,102,53,1
TTHT,THHT,102,54,0
TTTTHHHH,HTHHHHTH,102,55,0
HTHH,HHHT,102,56,1
HTHTH,THTHH,102,57,0
THTHTHHT,TTHHTTHH,102,58,1
HTHHHHHH,TTTHHHHT,102,59,0
HHTTHHTT,TTTHTTTT,102,60,0
HTTTTTTH,HHHHTTTT,102,61,1
HTHHHHTH,HTHTHTHT,102,62,1
HHHHTHHH,TTTTHHHH,102,63,1
HHTHTTTT,HHHTHHHT,102,64,1
TTHHTTHH,HHHTTHTT,103,1,0
TTHTH,HTHTH,103,2,1
HHTTHHTH,HTTHTTHH,103,3,1
HTTTHTTT,HHHTTTHH,103,4,0
HTHTHTHT,HTHHTHTH,103,5,0
HTTTTHHH,HHTTHHTT,103,6,1
HTHTTHTH,HTHTHTHT,103,7,1
HTTTHTTT,THTTHTHT,103,8,0
HHTTHTTH,TTHHTTHT,103,9,1
HTTH,HHTT,103,10,1
TTHTH,THTHT,103,11,1
TTHHTTTH,HTTTHTTT,103,12,1
THTHHTHT,HTHTHTHT,103,13,1
HTHTHHTH,HHTTHTTT,103,14,1
HHTTHTTT,HHTTHHTT,103,15,1
HTTTH,THHTH,103,16,0
HTHTTHTH,THTHTHTH,103,17,1
HHTT,THHT,103,18,0
HTHTT,HTHTH,103,19,1
HHTTHHTT,THTHTHHT,103,20,0
THHHTHHH,HHHTTTHH,103,21,0
HTHHTHTH,THTHTHTH,103,22,1
TT,HT,103,23,1
HTHTHTTH,HHTTHHTT,103,24,1
THTTH,HTTTH,103,25,0
HTTTHHTT,HTTTHTTT,103,26,1
HTHTHTHT,HHTTHHTT,103,27,0
TTHH,THHT,103,28,1
HTHHTHTH,HHTTHTTT,103,29,0
HTHTTTTH,THTHHTHT,103,30,1
HTHTHHTH,HTHTHTHT,103,31,1
HHHTHHH,HHHHHTH,103,32,0
TTTTHHHH,THHHHHHT,103,33,0
TH,TT,103,34,0
TTTTHHHH,HTTTTTTH,103,35,0
HHTTHHTT,HTTHTHTH,103,36,0
HTTH,TTHH,103,37,1
THHHTHHH,HTTTHHTT,103,38,0
HHHHTTTT,HHHHTHHH,103,39,1
HHHHTTTT,HTHHHHTH,103,40,1
TTHT,HTTH,103,41,1
THTHTHTH,THTHHTHT,103,42,0
HTHTTTHH,HTHTHHTH,103,43,1
HHTHH,HHTHT,103,44,0
HHHTTHHH,HTTTTTTH,103,45,0
TTHTTHHH,HHTHTHTH,103,46,1
HHTTHHTT,THHTHTHT,103,47,0
HHHHTTTT,THTTTTHT,103,48,0
HHTHHTHH,HHHTTTTH,103,49,0
HHHTHHHH,THHHHHTH,103,50,0
HTHTHTHT,HHTHTHTH,103,51,0
HH,HT,103,52,1
HHTHHTHH,HTHTHTHT,103,53,1
THHT,TTHT,103,54,0
HTHHHHTH,TTTTHHHH,103,55,1
HTHH,HHHT,103,56,0
HTHTH,THTHH,103,57,0
TTHHTTHH,THTHTHHT,103,58,0
HTHHHHHH,TTTHHHHT,103,59,1
HHTTHHTT,TTTHTTTT,103,60,0
HTTTTTTH,HHHHTTTT,103,61,1
HTHHHHTH,HTHTHTHT,103,62,1
TTTTHHHH,HHHHTHHH,103,63,0
HHHTHHHT,HHTHTTTT,103,64,0
HHHTTHTT,TTHHTTHH,104,1,1
HTHTH,TTHTH,104,2,0
HHTTHHTH,HTTHTTHH,104,3,1
HHHTTTHH,HTTTHTTT,104,4,1
HTHTHTHT,HTHHTHTH,104,5,0
HHTTHHTT,HTTTTHHH,104,6,0
HTHTHTHT,HTHTTHTH,104,7,0
THTTHTHT,HTTTHTTT,104,8,1
TTHHTTHT,HHTTHTTH,104,9,0
HHTT,HTTH,104,10,0
TTHTH,THTHT,104,11,1
HTTTHTTT,TTHHTTTH,104,12,0
THTHHTHT,HTHTHTHT,104,13,1
HTHTHHTH,HHTTHTTT,104,14,1
HHTTHTTT,HHTTHHTT,104,15,1
THHTH,HTTTH,104,16,1
THTHTHTH,HTHTTHTH,104,17,0
THHT,HHTT,104,18,1
HTHTT,HTHTH,104,19,1
THTHTHHT,HHTTHHTT,104,20,1
THHHTHHH,HHHTTTHH,104,21,0
THTHTHTH,HTHHTHTH,104,22,0
HT,TT,104,23,0
HHTTHHTT,HTHTHTTH,104,24,0
THTTH,HTTTH,104,25,0
HTTTHHTT,HTTTHTTT,104,26,1
HTHTHTHT,HHTTHHTT,104,27,0
TTHH,THHT,104,28,0
HTHHTHTH,HHTTHTTT,104,29,1
THTHHTHT,HTHTTTTH,104,30,0
HTHTHHTH,HTHTHTHT,104,31,1
HHHTHHH,HHHHHTH,104,32,0
TTTTHHHH,THHHHHHT,104,33,0
TH,TT,104,34,0
TTTTHHHH,HTTTTTTH,104,35,0
HHTTHHTT,HTTHTHTH,104,36,0
TTHH,HTTH,104,37,0
THHHTHHH,HTTTHHTT,104,38,0
HHHHTTTT,HHHHTHHH,104,39,0
HTHHHHTH,HHHHTTTT,104,40,1
TTHT,HTTH,104,41,1
THTHHTHT,THTHTHTH,104,42,1
HTHTHHTH,HTHTTTHH,104,43,0
HHTHH,HHTHT,104,44,0
HTTTTTTH,HHHTTHHH,104,45,1
HHTHTHTH,TTHTTHHH,104,46,0
HHTTHHTT,THHTHTHT,104,47,0
HHHHTTTT,THTTTTHT,104,48,0
HHTHHTHH,HHHTTTTH,104,49,0
HHHTHHHH,THHHHHTH,104,50,0
HHTHTHTH,HTHTHTHT,104,51,1
HH,HT,104,52,1
HTHTHTHT,HHTHHTHH,104,53,0
TTHT,THHT,104,54,1
HTHHHHTH,TTTTHHHH,104,55,1
HTHH,HHHT,104,56,1
THTHH,HTHTH,104,57,1
TTHHTTHH,THTHTHHT,104,58,0
HTHHHHHH,TTTHHHHT,104,59,0
TTTHTTTT,HHTTHHTT,104,60,1
HHHHTTTT,HTTTTTTH,104,61,0
HTHHHHTH,HTHTHTHT,104,62,1
TTTTHHHH,HHHHTHHH,104,63,0
HHTHTTTT,HHHTHHHT,104,64,1
TTHHTTHH,HHHTTHTT,105,1,0
HTHTH,TTHTH,105,2,0
HTTHTTHH,HHTTHHTH,105,3,1
HHHTTTHH,HTTTHTTT,105,4,1
HTHTHTHT,HTHHTHTH,105,5,0
HTTTTHHH,HHTTHHTT,105,6,1
HTHTHTHT,HTHTTHTH,105,7,0
THTTHTHT,HTTTHTTT,105,8,1
HHTTHTTH,TTHHTTHT,105,9,0
HHTT,HTTH,105,10,0
TTHTH,THTHT,105,11,1
HTTTHTTT,TTHHTTTH,105,12,1
THTHHTHT,HTHTHTHT,105,13,1
HTHTHHTH,HHTTHTTT,105,14,0
HHTTHHTT,HHTTHTTT,105,15,0
HTTTH,THHTH,105,16,1
HTHTTHTH,THTHTHTH,105,17,1
HHTT,THHT,105,18,0
HTHTT,HTHTH,105,19,1
HHTTHHTT,THTHTHHT,105,20,1
THHHTHHH,HHHTTTHH,105,21,1
HTHHTHTH,THTHTHTH,105,22,1
HT,TT,105,23,0
HHTTHHTT,HTHTHTTH,105,24,1
THTTH,HTTTH,105,25,0
HTTTHHTT,HTTTHTTT,105,26,0
HTHTHTHT,HHTTHHTT,105,27,1
TTHH,THHT,105,28,0
HTHHTHTH,HHTTHTTT,105,29,0
HTHTTTTH,THTHHTHT,105,30,1
HTHTHHTH,HTHTHTHT,105,31,1
HHHHHTH,HHHTHHH,105,32,1
TTTTHHHH,THHHHHHT,105,33,0
TH,TT,105,34,0
TTTTHHHH,HTTTTTTH,105,35,0
HTTHTHTH,HHTTHHTT,105,36,1
HTTH,TTHH,105,37,1
HTTTHHTT,THHHTHHH,105,38,1
HHHHTHHH,HHHHTTTT,105,39,1
HHHHTTTT,HTHHHHTH,105,40,0
TTHT,HTTH,105,41,0
THTHTHTH,THTHHTHT,105,42,1
HTHTHHTH,HTHTTTHH,105,43,0
HHTHT,HHTHH,105,44,1
HTTTTTTH,HHHTTHHH,105,45,1
HHTHTHTH,TTHTTHHH,105,46,0
THHTHTHT,HHTTHHTT,105,47,1
HHHHTTTT,THTTTTHT,105,48,1
HHHTTTTH,HHTHHTHH,105,49,1
THHHHHTH,HHHTHHHH,105,50,1
HHTHTHTH,HTHTHTHT,105,51,1
HH,HT,105,52,0
HHTHHTHH,HTHTHTHT,105,53,1
THHT,TTHT,105,54,1
HTHHHHTH,TTTTHHHH,105,55,0
HHHT,HTHH,105,56,0
THTHH,HTHTH,105,57,1
THTHTHHT,TTHHTTHH,105,58,1
HTHHHHHH,TTTHHHHT,105,59,1
HHTTHHTT,TTTHTTTT,105,60,1
HTTTTTTH,HHHHTTTT,105,61,1
HTHHHHTH,HTHTHTHT,105,62,0
HHHHTHHH,TTTTHHHH,105,63,1
HHTHTTTT,HHHTHHHT,105,64,1
TTHHTTHH,HHHTTHTT,106,1,1
TTHTH,HTHTH,106,2,1
HHTTHHTH,HTTHTTHH,106,3,0
HTTTHTTT,HHHTTTHH,106,4,0
HTHHTHTH,HTHTHTHT,106,5,1
HHTTHHTT,HTTTTHHH,106,6,1
HTHTHTHT,HTHTTHTH,106,7,0
HTTTHTTT,THTTHTHT,106,8,0
TTHHTTHT,HHTTHTTH,106,9,0
HTTH,HHTT,106,10,1
TTHTH,THTHT,106,11,1
TTHHTTTH,HTTTHTTT,106,12,1
THTHHTHT,HTHTHTHT,106,13,1
HTHTHHTH,HHTTHTTT,106,14,1
HHTTHTTT,HHTTHHTT,106,15,1
THHTH,HTTTH,106,16,1
THTHTHTH,HTHTTHTH,106,17,0
HHTT,THHT,106,18,0
HTHTT,HTHTH,106,19,1
HHTTHHTT,THTHTHHT,106,20,0
THHHTHHH,HHHTTTHH,106,21,0
HTHHTHTH,THTHTHTH,106,22,1
TT,HT,106,23,0
HHTTHHTT,HTHTHTTH,106,24,0
HTTTH,THTTH,106,25,0
HTTTHHTT,HTTTHTTT,106,26,1
HHTTHHTT,HTHTHTHT,106,27,0
THHT,TTHH,106,28,1
HHTTHTTT,HTHHTHTH,106,29,0
THTHHTHT,HTHTTTTH,106,30,1
HTHTHHTH,HTHTHTHT,106,31,1
HHHTHHH,HHHHHTH,106,32,0
TTTTHHHH,THHHHHHT,106,33,1
TT,TH,106,34,0
TTTTHHHH,HTTTTTTH,106,35,1
HTTHTHTH,HHTTHHTT,106,36,0
HTTH,TTHH,106,37,1
HTTTHHTT,THHHTHHH,106,38,1
HHHHTTTT,HHHHTHHH,106,39,1
HHHHTTTT,HTHHHHTH,106,40,0
TTHT,HTTH,106,41,0
THTHTHTH,THTHHTHT,106,42,0
HTHTHHTH,HTHTTTHH,106,43,1
HHTHH,HHTHT,106,44,1
HHHTTHHH,HTTTTTTH,106,45,1
TTHTTHHH,HHTHTHTH,106,46,1
THHTHTHT,HHTTHHTT,106,47,1
THTTTTHT,HHHHTTTT,106,48,1
HHHTTTTH,HHTHHTHH,106,49,0
THHHHHTH,HHHTHHHH,106,50,1
HHTHTHTH,HTHTHTHT,106,51,0
HT,HH,106,52,0
HHTHHTHH,HTHTHTHT,106,53,0
THHT,TTHT,106,54,0
TTTTHHHH,HTHHHHTH,106,55,0
HTHH,HHHT,106,56,1
THTHH,HTHTH,106,57,1
THTHTHHT,TTHHTTHH,106,58,1
TTTHHHHT,HTHHHHHH,106,59,1
HHTTHHTT,TTTHTTTT,106,60,0
HHHHTTTT,HTTTTTTH,106,61,0
HTHHHHTH,HTHTHTHT,106,62,1
TTTTHHHH,HHHHTHHH,106,63,0
HHTHTTTT,HHHTHHHT,106,64,0
HHHTTHTT,TTHHTTHH,107,1,1
TTHTH,HTHTH,107,2,1
HHTTHHTH,HTTHTTHH,107,3,0
HHHTTTHH,HTTTHTTT,107,4,1
HTHTHTHT,HTHHTHTH,107,5,0
HHTTHHTT,HTTTTHHH,107,6,0
HTHTHTHT,HTHTTHTH,107,7,1
HTTTHTTT,THTTHTHT,107,8,0
TTHHTTHT,HHTTHTTH,107,9,1
HHTT,HTTH,107,10,0
THTHT,TTHTH,107,11,1
HTTTHTTT,TTHHTTTH,107,12,0
THTHHTHT,HTHTHTHT,107,13,1
HHTTHTTT,HTHTHHTH,107,14,0
HHTTHHTT,HHTTHTTT,107,15,1
HTTTH,THHTH,107,16,0
HTHTTHTH,THTHTHTH,107,17,1
HHTT,THHT,107,18,0
HTHTH,HTHTT,107,19,1
HHTTHHTT,THTHTHHT,107,20,0
THHHTHHH,HHHTTTHH,107,21,0
THTHTHTH,HTHHTHTH,107,22,1
HT,TT,107,23,0
HHTTHHTT,HTHTHTTH,107,24,1
HTTTH,THTTH,107,25,0
HTTTHHTT,HTTTHTTT,107,26,1
HHTTHHTT,HTHTHTHT,107,27,0
TTHH,THHT,107,28,0
HHTTHTTT,HTHHTHTH,107,29,1
HTHTTTTH,THTHHTHT,107,30,1
HTHTHTHT,HTHTHHTH,107,31,0
HHHTHHH,HHHHHTH,107,32,1
TTTTHHHH,THHHHHHT,107,33,0
TT,TH,107,34,1
HTTTTTTH,TTTTHHHH,107,35,0
HTTHTHTH,HHTTHHTT,107,36,1
HTTH,TTHH,107,37,0
THHHTHHH,HTTTHHTT,107,38,1
HHHHTTTT,HHHHTHHH,107,39,0
HTHHHHTH,HHHHTTTT,107,40,0
HTTH,TTHT,107,41,0
THTHHTHT,THTHTHTH,107,42,0
HTHTTTHH,HTHTHHTH,107,43,1
HHTHT,HHTHH,107,44,0
HTTTTTTH,HHHTTHHH,107,45,1
TTHTTHHH,HHTHTHTH,107,46,0
HHTTHHTT,THHTHTHT,107,47,0
THTTTTHT,HHHHTTTT,107,48,0
HHTHHTHH,HHHTTTTH,107,49,1
THHHHHTH,HHHTHHHH,107,50,0
HHTHTHTH,HTHTHTHT,107,51,1
HH,HT,107,52,0
HHTHHTHH,HTHTHTHT,107,53,1
THHT,TTHT,107,54,0
TTTTHHHH,HTHHHHTH,107,55,1
HTHH,HHHT,107,56,0
THTHH,HTHTH,107,57,1
TTHHTTHH,THTHTHHT,107,58,0
TTTHHHHT,HTHHHHHH,107,59,1
HHTTHHTT,TTTHTTTT,107,60,0
HTTTTTTH,HHHHTTTT,107,61,1
HTHHHHTH,HTHTHTHT,107,62,0
TTTTHHHH,HHHHTHHH,107,63,0
HHTHTTTT,HHHTHHHT,107,64,0
TTHHTTHH,HHHTTHTT,108,1,0
HTHTH,TTHTH,108,2,0
HTTHTTHH,HHTTHHTH,108,3,0
HHHTTTHH,HTTTHTTT,108,4,0
HTHTHTHT,HTHHTHTH,108,5,0
HTTTTHHH,HHTTHHTT,108,6,0
HTHTHTHT,HTHTTHTH,108,7,0
THTTHTHT,HTTTHTTT,108,8,1
HHTTHTTH,TTHHTTHT,108,9,1
HTTH,HHTT,108,10,1
THTHT,TTHTH,108,11,0
TTHHTTTH,HTTTHTTT,108,12,1
HTHTHTHT,THTHHTHT,108,13,0
HTHTHHTH,HHTTHTTT,108,14,0
HHTTHHTT,HHTTHTTT,108,15,0
THHTH,HTTTH,108,16,1
THTHTHTH,HTHTTHTH,108,17,0
THHT,HHTT,108,18,1
HTHTT,HTHTH,108,19,1
HHTTHHTT,THTHTHHT,108,20,1
HHHTTTHH,THHHTHHH,108,21,1
THTHTHTH,HTHHTHTH,108,22,0
HT,TT,108,23,1
HHTTHHTT,HTHTHTTH,108,24,1
THTTH,HTTTH,108,25,1
HTTTHHTT,HTTTHTTT,108,26,1
HHTTHHTT,HTHTHTHT,108,27,1
THHT,TTHH,108,28,1
HTHHTHTH,HHTTHTTT,108,29,1
THTHHTHT,HTHTTTTH,108,30,0
HTHTHTHT,HTHTHHTH,108,31,0
HHHHHTH,HHHTHHH,108,32,1
TTTTHHHH,THHHHHHT,108,33,0
TT,TH,108,34,0
TTTTHHHH,HTTTTTTH,108,35,0
HTTHTHTH,HHTTHHTT,108,36,0
TTHH,HTTH,108,37,0
THHHTHHH,HTTTHHTT,108,38,0
HHHHTHHH,HHHHTTTT,108,39,1
HHHHTTTT,HTHHHHTH,108,40,0
TTHT,HTTH,108,41,1
THTHTHTH,THTHHTHT,108,42,0
HTHTTTHH,HTHTHHTH,108,43,1
HHTHT,HHTHH,108,44,0
HTTTTTTH,HHHTTHHH,108,45,0
TTHTTHHH,HHTHTHTH,108,46,1
HHTTHHTT,THHTHTHT,108,47,0
HHHHTTTT,THTTTTHT,108,48,0
HHHTTTTH,HHTHHTHH,108,49,0
HHHTHHHH,THHHHHTH,108,50,0
HHTHTHTH,HTHTHTHT,108,51,1
HH,HT,108,52,0
HTHTHTHT,HHTHHTHH,108,53,0
THHT,TTHT,108,54,0
TTTTHHHH,HTHHHHTH,108,55,0
HTHH,HHHT,108,56,1
THTHH,HTHTH,108,57,1
TTHHTTHH,THTHTHHT,108,58,1
TTTHHHHT,HTHHHHHH,108,59,1
HHTTHHTT,TTTHTTTT,108,60,1
HHHHTTTT,HTTTTTTH,108,61,1
HTHHHHTH,HTHTHTHT,108,62,1
TTTTHHHH,HHHHTHHH,108,63,0
HHHTHHHT,HHTHTTTT,108,64,0
TTHHTTHH,HHHTTHTT,109,1,1
HTHTH,TTHTH,109,2,0
HHTTHHTH,HTTHTTHH,109,3,1
HHHTTTHH,HTTTHTTT,109,4,1
HTHHTHTH,HTHTHTHT,109,5,1
HTTTTHHH,HHTTHHTT,109,6,0
HTHTTHTH,HTHTHTHT,109,7,1
HTTTHTTT,THTTHTHT,109,8,0
TTHHTTHT,HHTTHTTH,109,9,1
HTTH,HHTT,109,10,1
TTHTH,THTHT,109,11,1
HTTTHTTT,TTHHTTTH,109,12,0
HTHTHTHT,THTHHTHT,109,13,0
HHTTHTTT,HTHTHHTH,109,14,1
HHTTHTTT,HHTTHHTT,109,15,1
HTTTH,THHTH,109,16,0
THTHTHTH,HTHTTHTH,109,17,0
HHTT,THHT,109,18,0
HTHTH,HTHTT,109,19,0
THTHTHHT,HHTTHHTT,109,20,1
HHHTTTHH,THHHTHHH,109,21,1
THTHTHTH,HTHHTHTH,109,22,0
HT,TT,109,23,1
HTHTHTTH,HHTTHHTT,109,24,0
HTTTH,THTTH,109,25,0
HTTTHTTT,HTTTHHTT,109,26,0
HHTTHHTT,HTHTHTHT,109,27,1
THHT,TTHH,109,28,1
HTHHTHTH,HHTTHTTT,109,29,0
HTHTTTTH,THTHHTHT,109,30,1
HTHTHHTH,HTHTHTHT,109,31,1
HHHHHTH,HHHTHHH,109,32,1
TTTTHHHH,THHHHHHT,109,33,0
TT,TH,109,34,0
HTTTTTTH,TTTTHHHH,109,35,1
HHTTHHTT,HTTHTHTH,109,36,0
HTTH,TTHH,109,37,0
THHHTHHH,HTTTHHTT,109,38,1
HHHHTTTT,HHHHTHHH,109,39,0
HTHHHHTH,HHHHTTTT,109,40,1
HTTH,TTHT,109,41,0
THTHHTHT,THTHTHTH,109,42,0
HTHTTTHH,HTHTHHTH,109,43,1
HHTHT,HHTHH,109,44,1
HTTTTTTH,HHHTTHHH,109,45,0
HHTHTHTH,TTHTTHHH,109,46,1
HHTTHHTT,THHTHTHT,109,47,1
THTTTTHT,HHHHTTTT,109,48,1
HHHTTTTH,HHTHHTHH,109,49,1
HHHTHHHH,THHHHHTH,109,50,0
HHTHTHTH,HTHTHTHT,109,51,1
HT,HH,109,52,1
HTHTHTHT,HHTHHTHH,109,53,0
THHT,TTHT,109,54,1
TTTTHHHH,HTHHHHTH,109,55,0
HTHH,HHHT,109,56,1
HTHTH,THTHH,109,57,0
TTHHTTHH,THTHTHHT,109,58,1
HTHHHHHH,TTTHHHHT,109,59,0
TTTHTTTT,HHTTHHTT,109,60,1
HTTTTTTH,HHHHTTTT,109,61,1
HTHHHHTH,HTHTHTHT,109,62,1
HHHHTHHH,TTTTHHHH,109,63,1
HHTHTTTT,HHHTHHHT,109,64,1
HHHTTHTT,TTHHTTHH,110,1,1
HTHTH,TTHTH,110,2,0
HHTTHHTH,HTTHTTHH,110,3,0
HHHTTTHH,HTTTHTTT,110,4,0
HTHHTHTH,HTHTHTHT,110,5,1
HHTTHHTT,HTTTTHHH,110,6,0
HTHTTHTH,HTHTHTHT,110,7,1
THTTHTHT,HTTTHTTT,110,8,1
HHTTHTTH,TTHHTTHT,110,9,1
HTTH,HHTT,110,10,1
THTHT,TTHTH,110,11,0
HTTTHTTT,TTHHTTTH,110,12,0
HTHTHTHT,THTHHTHT,110,13,0
HTHTHHTH,HHTTHTTT,110,14,0
HHTTHTTT,HHTTHHTT,110,15,1
THHTH,HTTTH,110,16,1
HTHTTHTH,THTHTHTH,110,17,0
THHT,HHTT,110,18,1
HTHTT,HTHTH,110,19,1
HHTTHHTT,THTHTHHT,110,20,1
HHHTTTHH,THHHTHHH,110,21,1
HTHHTHTH,THTHTHTH,110,22,0
HT,TT,110,23,1
HTHTHTTH,HHTTHHTT,110,24,1
HTTTH,THTTH,110,25,1
HTTTHTTT,HTTTHHTT,110,26,0
HHTTHHTT,HTHTHTHT,110,27,1
THHT,TTHH,110,28,1
HTHHTHTH,HHTTHTTT,110,29,1
THTHHTHT,HTHTTTTH,110,30,1
HTHTHHTH,HTHTHTHT,110,31,1
HHHTHHH,HHHHHTH,110,32,1
THHHHHHT,TTTTHHHH,110,33,1
TH,TT,110,34,1
TTTTHHHH,HTTTTTTH,110,35,0
HHTTHHTT,HTTHTHTH,110,36,1
HTTH,TTHH,110,37,1
HTTTHHTT,THHHTHHH,110,38,1
HHHHTHHH,HHHHTTTT,110,39,1
HTHHHHTH,HHHHTTTT,110,40,1
TTHT,HTTH,110,41,1
THTHTHTH,THTHHTHT,110,42,0
HTHTTTHH,HTHTHHTH,110,43,0
HHTHT,HHTHH,110,44,1
HTTTTTTH,HHHTTHHH,110,45,0
HHTHTHTH,TTHTTHHH,110,46,0
THHTHTHT,HHTTHHTT,110,47,0
THTTTTHT,HHHHTTTT,110,48,1
HHHTTTTH,HHTHHTHH,110,49,0
HHHTHHHH,THHHHHTH,110,50,0
HTHTHTHT,HHTHTHTH,110,51,0
HH,HT,110,52,1
HTHTHTHT,HHTHHTHH,110,53,0
TTHT,THHT,110,54,0
TTTTHHHH,HTHHHHTH,110,55,0
HTHH,HHHT,110,56,1
THTHH,HTHTH,110,57,1
THTHTHHT,TTHHTTHH,110,58,0
TTTHHHHT,HTHHHHHH,110,59,1
HHTTHHTT,TTTHTTTT,110,60,1
HTTTTTTH,HHHHTTTT,110,61,1
HTHHHHTH,HTHTHTHT,110,62,0
HHHHTHHH,TTTTHHHH,110,63,1
HHHTHHHT,HHTHTTTT,110,64,1
TTHHTTHH,HHHTTHTT,111,1,0
HTHTH,TTHTH,111,2,0
HHTTHHTH,HTTHTTHH,111,3,1
HTTTHTTT,HHHTTTHH,111,4,0
HTHHTHTH,HTHTHTHT,111,5,1
HTTTTHHH,HHTTHHTT,111,6,1
HTHTTHTH,HTHTHTHT,111,7,1
THTTHTHT,HTTTHTTT,111,8,1
TTHHTTHT,HHTTHTTH,111,9,1
HTTH,HHTT,111,10,1
TTHTH,THTHT,111,11,1
HTTTHTTT,TTHHTTTH,111,12,0
THTHHTHT,HTHTHTHT,111,13,1
HHTTHTTT,HTHTHHTH,111,14,1
HHTTHHTT,HHTTHTTT,111,15,0
HTTTH,THHTH,111,16,0
HTHTTHTH,THTHTHTH,111,17,1
THHT,HHTT,111,18,1
HTHTT,HTHTH,111,19,1
HHTTHHTT,THTHTHHT,111,20,0
THHHTHHH,HHHTTTHH,111,21,0
THTHTHTH,HTHHTHTH,111,22,0
HT,TT,111,23,1
HHTTHHTT,HTHTHTTH,111,24,0
THTTH,HTTTH,111,25,1
HTTTHHTT,HTTTHTTT,111,26,1
HHTTHHTT,HTHTHTHT,111,27,1
THHT,TTHH,111,28,1
HHTTHTTT,HTHHTHTH,111,29,0
THTHHTHT,HTHTTTTH,111,30,0
HTHTHTHT,HTHTHHTH,111,31,0
HHHTHHH,HHHHHTH,111,32,0
THHHHHHT,TTTTHHHH,111,33,1
TH,TT,111,34,1
HTTTTTTH,TTTTHHHH,111,35,1
HTTHTHTH,HHTTHHTT,111,36,1
HTTH,TTHH,111,37,1
HTTTHHTT,THHHTHHH,111,38,1
HHHHTTTT,HHHHTHHH,111,39,0
HHHHTTTT,HTHHHHTH,111,40,0
TTHT,HTTH,111,41,1
THTHHTHT,THTHTHTH,111,42,1
HTHTHHTH,HTHTTTHH,111,43,1
HHTHH,HHTHT,111,44,0
HTTTTTTH,HHHTTHHH,111,45,0
TTHTTHHH,HHTHTHTH,111,46,1
THHTHTHT,HHTTHHTT,111,47,1
THTTTTHT,HHHHTTTT,111,48,1
HHTHHTHH,HHHTTTTH,111,49,0
HHHTHHHH,THHHHHTH,111,50,0
HTHTHTHT,HHTHTHTH,111,51,0
HT,HH,111,52,1
HTHTHTHT,HHTHHTHH,111,53,0
THHT,TTHT,111,54,0
HTHHHHTH,TTTTHHHH,111,55,1
HHHT,HTHH,111,56,0
HTHTH,THTHH,111,57,0
THTHTHHT,TTHHTTHH,111,58,0
TTTHHHHT,HTHHHHHH,111,59,1
TTTHTTTT,HHTTHHTT,111,60,1
HHHHTTTT,HTTTTTTH,111,61,0
HTHHHHTH,HTHTHTHT,111,62,1
TTTTHHHH,HHHHTHHH,111,63,1
HHHTHHHT,HHTHTTTT,111,64,0
HHHTTHTT,TTHHTTHH,112,1,0
HTHTH,TTHTH,112,2,0
HHTTHHTH,HTTHTTHH,112,3,1
HHHTTTHH,HTTTHTTT,112,4,0
HTHTHTHT,HTHHTHTH,112,5,1
HHTTHHTT,HTTTTHHH,112,6,1
HTHTTHTH,HTHTHTHT,112,7,0
THTTHTHT,HTTTHTTT,112,8,1
TTHHTTHT,HHTTHTTH,112,9,0
HTTH,HHTT,112,10,1
THTHT,TTHTH,112,11,1
TTHHTTTH,HTTTHTTT,112,12,1
HTHTHTHT,THTHHTHT,112,13,1
HTHTHHTH,HHTTHTTT,112,14,1
HHTTHHTT,HHTTHTTT,112,15,1
HTTTH,THHTH,112,16,0
THTHTHTH,HTHTTHTH,112,17,1
THHT,HHTT,112,18,1
HTHTH,HTHTT,112,19,0
HHTTHHTT,THTHTHHT,112,20,0
THHHTHHH,HHHTTTHH,112,21,1
THTHTHTH,HTHHTHTH,112,22,1
TT,HT,112,23,0
HTHTHTTH,HHTTHHTT,112,24,1
THTTH,HTTTH,112,25,1
HTTTHHTT,HTTTHTTT,112,26,1
HTHTHTHT,HHTTHHTT,112,27,1
TTHH,THHT,112,28,0
HTHHTHTH,HHTTHTTT,112,29,1
THTHHTHT,HTHTTTTH,112,30,1
HTHTHHTH,HTHTHTHT,112,31,1
HHHTHHH,HHHHHTH,112,32,1
THHHHHHT,TTTTHHHH,112,33,1
TT,TH,112,34,1
HTTTTTTH,TTTTHHHH,112,35,1
HTTHTHTH,HHTTHHTT,112,36,0
HTTH,TTHH,112,37,1
HTTTHHTT,THHHTHHH,112,38,1
HHHHTTTT,HHHHTHHH,112,39,0
HTHHHHTH,HHHHTTTT,112,40,1
TTHT,HTTH,112,41,0
THTHTHTH,THTHHTHT,112,42,1
HTHTTTHH,HTHTHHTH,112,43,0
HHTHT,HHTHH,112,44,1
HHHTTHHH,HTTTTTTH,112,45,1
TTHTTHHH,HHTHTHTH,112,46,0
HHTTHHTT,THHTHTHT,112,47,0
THTTTTHT,HHHHTTTT,112,48,1
HHHTTTTH,HHTHHTHH,112,49,1
HHHTHHHH,THHHHHTH,112,50,1
HTHTHTHT,HHTHTHTH,112,51,1
HH,HT,112,52,0
HTHTHTHT,HHTHHTHH,112,53,1
TTHT,THHT,112,54,1
HTHHHHTH,TTTTHHHH,112,55,1
HHHT,HTHH,112,56,0
THTHH,HTHTH,112,57,1
TTHHTTHH,THTHTHHT,112,58,1
HTHHHHHH,TTTHHHHT,112,59,1
TTTHTTTT,HHTTHHTT,112,60,0
HTTTTTTH,HHHHTTTT,112,61,1
HTHTHTHT,HTHHHHTH,112,62,1
TTTTHHHH,HHHHTHHH,112,63,0
HHTHTTTT,HHHTHHHT,112,64,1
TTHHTTHH,HHHTTHTT,113,1,1
HTHTH,TTHTH,113,2,0
HTTHTTHH,HHTTHHTH,113,3,1
HHHTTTHH,HTTTHTTT,113,4,1
HTHHTHTH,HTHTHTHT,113,5,1
HTTTTHHH,HHTTHHTT,113,6,1
HTHTHTHT,HTHTTHTH,113,7,1
HTTTHTTT,THTTHTHT,113,8,1
TTHHTTHT,HHTTHTTH,113,9,1
HTTH,HHTT,113,10,0
THTHT,TTHTH,113,11,0
TTHHTTTH,HTTTHTTT,113,12,1
HTHTHTHT,THTHHTHT,113,13,0
HHTTHTTT,HTHTHHTH,113,14,1
HHTTHHTT,HHTTHTTT,113,15,1
THHTH,HTTTH,113,16,1
HTHTTHTH,THTHTHTH,113,17,1
THHT,HHTT,113,18,1
HTHTH,HTHTT,113,19,1
HHTTHHTT,THTHTHHT,113,20,1
HHHTTTHH,THHHTHHH,113,21,1
HTHHTHTH,THTHTHTH,113,22,1
HT,TT,113,23,0
HTHTHTTH,HHTTHHTT,113,24,0
THTTH,HTTTH,113,25,0
HTTTHHTT,HTTTHTTT,113,26,0
HTHTHTHT,HHTTHHTT,113,27,0
TTHH,THHT,113,28,0
HTHHTHTH,HHTTHTTT,113,29,0
THTHHTHT,HTHTTTTH,113,30,0
HTHTHHTH,HTHTHTHT,113,31,1
HHHTHHH,HHHHHTH,113,32,0
THHHHHHT,TTTTHHHH,113,33,1
TH,TT,113,34,0
TTTTHHHH,HTTTTTTH,113,35,1
HTTHTHTH,HHTTHHTT,113,36,0
TTHH,HTTH,113,37,0
THHHTHHH,HTTTHHTT,113,38,1
HHHHTTTT,HHHHTHHH,113,39,1
HTHHHHTH,HHHHTTTT,113,40,0
TTHT,HTTH,113,41,1
THTHHTHT,THTHTHTH,113,42,1
HTHTHHTH,HTHTTTHH,113,43,1
HHTHH,HHTHT,113,44,1
HHHTTHHH,HTTTTTTH,113,45,0
TTHTTHHH,HHTHTHTH,113,46,1
HHTTHHTT,THHTHTHT,113,47,1
THTTTTHT,HHHHTTTT,113,48,0
HHHTTTTH,HHTHHTHH,113,49,1
THHHHHTH,HHHTHHHH,113,50,1
HTHTHTHT,HHTHTHTH,113,51,0
HH,HT,113,52,0
HTHTHTHT,HHTHHTHH,113,53,0
TTHT,THHT,113,54,0
TTTTHHHH,HTHHHHTH,113,55,1
HHHT,HTHH,113,56,1
HTHTH,THTHH,113,57,0
TTHHTTHH,THTHTHHT,113,58,1
HTHHHHHH,TTTHHHHT,113,59,1
HHTTHHTT,TTTHTTTT,113,60,0
HHHHTTTT,HTTTTTTH,113,61,0
HTHHHHTH,HTHTHTHT,113,62,1
TTTTHHHH,HHHHTHHH,113,63,0
HHTHTTTT,HHHTHHHT,113,64,1
HHHTTHTT,TTHHTTHH,114,1,1
TTHTH,HTHTH,114,2,1
HTTHTTHH,HHTTHHTH,114,3,0
HHHTTTHH,HTTTHTTT,114,4,1
HTHTHTHT,HTHHTHTH,114,5,0
HTTTTHHH,HHTTHHTT,114,6,0
HTHTHTHT,HTHTTHTH,114,7,0
THTTHTHT,HTTTHTTT,114,8,0
HHTTHTTH,TTHHTTHT,114,9,0
HTTH,HHTT,114,10,1
THTHT,TTHTH,114,11,1
TTHHTTTH,HTTTHTTT,114,12,0
THTHHTHT,HTHTHTHT,114,13,0
HTHTHHTH,HHTTHTTT,114,14,1
HHTTHTTT,HHTTHHTT,114,15,1
THHTH,HTTTH,114,16,1
THTHTHTH,HTHTTHTH,114,17,0
THHT,HHTT,114,18,1
HTHTH,HTHTT,114,19,0
THTHTHHT,HHTTHHTT,114,20,1
THHHTHHH,HHHTTTHH,114,21,0
THTHTHTH,HTHHTHTH,114,22,0
TT,HT,114,23,0
HHTTHHTT,HTHTHTTH,114,24,1
HTTTH,THTTH,114,25,0
HTTTHTTT,HTTTHHTT,114,26,0
HTHTHTHT,HHTTHHTT,114,27,0
THHT,TTHH,114,28,1
HHTTHTTT,HTHHTHTH,114,29,1
THTHHTHT,HTHTTTTH,114,30,0
HTHTHTHT,HTHTHHTH,114,31,1
HHHTHHH,HHHHHTH,114,32,1
TTTTHHHH,THHHHHHT,114,33,0
TT,TH,114,34,0
TTTTHHHH,HTTTTTTH,114,35,0
HTTHTHTH,HHTTHHTT,114,36,1
TTHH,HTTH,114,37,0
THHHTHHH,HTTTHHTT,114,38,1
HHHHTHHH,HHHHTTTT,114,39,0
HTHHHHTH,HHHHTTTT,114,40,1
HTTH,TTHT,114,41,0
THTHTHTH,THTHHTHT,114,42,1
HTHTHHTH,HTHTTTHH,114,43,0
HHTHH,HHTHT,114,44,0
HTTTTTTH,HHHTTHHH,114,45,0
TTHTTHHH,HHTHTHTH,114,46,1
HHTTHHTT,THHTHTHT,114,47,0
THTTTTHT,HHHHTTTT,114,48,1
HHHTTTTH,HHTHHTHH,114,49,0
THHHHHTH,HHHTHHHH,114,50,1
HTHTHTHT,HHTHTHTH,114,51,0
HT,HH,114,52,1
HTHTHTHT,HHTHHTHH,114,53,0
TTHT,THHT,114,54,1
HTHHHHTH,TTTTHHHH,114,55,0
HHHT,HTHH,114,56,0
HTHTH,THTHH,114,57,0
THTHTHHT,TTHHTTHH,114,58,0
TTTHHHHT,HTHHHHHH,114,59,1
HHTTHHTT,TTTHTTTT,114,60,1
HTTTTTTH,HHHHTTTT,114,61,1
HTHTHTHT,HTHHHHTH,114,62,0
HHHHTHHH,TTTTHHHH,114,63,1
HHHTHHHT,HHTHTTTT,114,64,0
TTHHTTHH,HHHTTHTT,115,1,0
HTHTH,TTHTH,115,2,0
HTTHTTHH,HHTTHHTH,115,3,0
HTTTHTTT,HHHTTTHH,115,4,0
HTHTHTHT,HTHHTHTH,115,5,0
HTTTTHHH,HHTTHHTT,115,6,1
HTHTTHTH,HTHTHTHT,115,7,1
HTTTHTTT,THTTHTHT,115,8,1
TTHHTTHT,HHTTHTTH,115,9,1
HHTT,HTTH,115,10,0
THTHT,TTHTH,115,11,0
TTHHTTTH,HTTTHTTT,115,12,1
THTHHTHT,HTHTHTHT,115,13,1
HHTTHTTT,HTHTHHTH,115,14,0
HHTTHHTT,HHTTHTTT,115,15,0
THHTH,HTTTH,115,16,1
THTHTHTH,HTHTTHTH,115,17,0
HHTT,THHT,115,18,0
HTHTH,HTHTT,115,19,0
THTHTHHT,HHTTHHTT,115,20,0
HHHTTTHH,THHHTHHH,115,21,1
HTHHTHTH,THTHTHTH,115,22,0
TT,HT,115,23,1
HTHTHTTH,HHTTHHTT,115,24,0
HTTTH,THTTH,115,25,0
HTTTHHTT,HTTTHTTT,115,26,0
HHTTHHTT,HTHTHTHT,115,27,1
TTHH,THHT,115,28,1
HHTTHTTT,HTHHTHTH,115,29,1
HTHTTTTH,THTHHTHT,115,30,0
HTHTHTHT,HTHTHHTH,115,31,0
HHHTHHH,HHHHHTH,115,32,0
TTTTHHHH,THHHHHHT,115,33,1
TT,TH,115,34,1
HTTTTTTH,TTTTHHHH,115,35,0
HHTTHHTT,HTTHTHTH,115,36,1
TTHH,HTTH,115,37,1
THHHTHHH,HTTTHHTT,115,38,1
HHHHTHHH,HHHHTTTT,115,39,0
HTHHHHTH,HHHHTTTT,115,40,0
HTTH,TTHT,115,41,0
THTHHTHT,THTHTHTH,115,42,1
HTHTHHTH,HTHTTTHH,115,43,0
HHTHT,HHTHH,115,44,1
HHHTTHHH,HTTTTTTH,115,45,0
HHTHTHTH,TTHTTHHH,115,46,0
THHTHTHT,HHTTHHTT,115,47,0
HHHHTTTT,THTTTTHT,115,48,0
HHTHHTHH,HHHTTTTH,115,49,0
HHHTHHHH,THHHHHTH,115,50,0
HTHTHTHT,HHTHTHTH,115,51,0
HT,HH,115,52,0
HTHTHTHT,HHTHHTHH,115,53,0
TTHT,THHT,115,54,0
HTHHHHTH,TTTTHHHH,115,55,0
HHHT,HTHH,115,56,1
HTHTH,THTHH,115,57,1
TTHHTTHH,THTHTHHT,115,58,1
TTTHHHHT,HTHHHHHH,115,59,0
TTTHTTTT,HHTTHHTT,115,60,1
HHHHTTTT,HTTTTTTH,115,61,1
HTHTHTHT,HTHHHHTH,115,62,0
TTTTHHHH,HHHHTHHH,115,63,1
HHHTHHHT,HHTHTTTT,115,64,0
HHHTTHTT,TTHHTTHH,116,1,1
HTHTH,TTHTH,116,2,0
HTTHTTHH,HHTTHHTH,116,3,0
HHHTTTHH,HTTTHTTT,116,4,1
HTHHTHTH,HTHTHTHT,116,5,1
HHTTHHTT,HTTTTHHH,116,6,0
HTHTTHTH,HTHTHTHT,116,7,0
THTTHTHT,HTTTHTTT,116,8,0
HHTTHTTH,TTHHTTHT,116,9,1
HTTH,HHTT,116,10,0
THTHT,TTHTH,116,11,1
HTTTHTTT,TTHHTTTH,116,12,1
THTHHTHT,HTHTHTHT,116,13,0
HHTTHTTT,HTHTHHTH,116,14,0
HHTTHTTT,HHTTHHTT,116,15,1
THHTH,HTTTH,116,16,0
THTHTHTH,HTHTTHTH,116,17,1
HHTT,THHT,116,18,0
HTHTH,HTHTT,116,19,1
HHTTHHTT,THTHTHHT,116,20,1
THHHTHHH,HHHTTTHH,116,21,1
THTHTHTH,HTHHTHTH,116,22,0
HT,TT,116,23,1
HHTTHHTT,HTHTHTTH,116,24,0
HTTTH,THTTH,116,25,0
HTTTHHTT,HTTTHTTT,116,26,1
HHTTHHTT,HTHTHTHT,116,27,1
THHT,TTHH,116,28,0
HHTTHTTT,HTHHTHTH,116,29,0
THTHHTHT,HTHTTTTH,116,30,1
HTHTHHTH,HTHTHTHT,116,31,1
HHHHHTH,HHHTHHH,116,32,1
THHHHHHT,TTTTHHHH,116,33,1
TT,TH,116,34,0
HTTTTTTH,TTTTHHHH,116,35,1
HHTTHHTT,HTTHTHTH,116,36,0
HTTH,TTHH,116,37,0
HTTTHHTT,THHHTHHH,116,38,0
HHHHTTTT,HHHHTHHH,116,39,1
HHHHTTTT,HTHHHHTH,116,40,0
HTTH,TTHT,116,41,1
THTHHTHT,THTHTHTH,116,42,0
HTHTHHTH,HTHTTTHH,116,43,1
HHTHT,HHTHH,116,44,1
HHHTTHHH,HTTTTTTH,116,45,1
TTHTTHHH,HHTHTHTH,116,46,0
HHTTHHTT,THHTHTHT,116,47,1
THTTTTHT,HHHHTTTT,116,48,0
HHTHHTHH,HHHTTTTH,116,49,0
THHHHHTH,HHHTHHHH,116,50,1
HHTHTHTH,HTHTHTHT,116,51,1
HT,HH,116,52,0
HTHTHTHT,HHTHHTHH,116,53,0
TTHT,THHT,116,54,0
TTTTHHHH,HTHHHHTH,116,55,1
HHHT,HTHH,116,56,1
HTHTH,THTHH,116,57,0
THTHTHHT,TTHHTTHH,116,58,0
HTHHHHHH,TTTHHHHT,116,59,1
HHTTHHTT,TTTHTTTT,116,60,0
HHHHTTTT,HTTTTTTH,116,61,0
HTHHHHTH,HTHTHTHT,116,62,1
TTTTHHHH,HHHHTHHH,116,63,1
HHTHTTTT,HHHTHHHT,116,64,0
TTHHTTHH,HHHTTHTT,117,1,1
TTHTH,HTHTH,117,2,0
HHTTHHTH,HTTHTTHH,117,3,0
HHHTTTHH,HTTTHTTT,117,4,0
HTHHTHTH,HTHTHTHT,117,5,1
HHTTHHTT,HTTTTHHH,117,6,1
HTHTTHTH,HTHTHTHT,117,7,1
HTTTHTTT,THTTHTHT,117,8,0
TTHHTTHT,HHTTHTTH,117,9,1
HHTT,HTTH,117,10,1
TTHTH,THTHT,117,11,1
TTHHTTTH,HTTTHTTT,117,12,1
THTHHTHT,HTHTHTHT,117,13,0
HHTTHTTT,HTHTHHTH,117,14,1
HHTTHTTT,HHTTHHTT,117,15,0
THHTH,HTTTH,117,16,1
HTHTTHTH,THTHTHTH,117,17,1
HHTT,THHT,117,18,0
HTHTT,HTHTH,117,19,1
THTHTHHT,HHTTHHTT,117,20,1
HHHTTTHH,THHHTHHH,117,21,0
HTHHTHTH,THTHTHTH,117,22,1
HT,TT,117,23,1
HTHTHTTH,HHTTHHTT,117,24,1
HTTTH,THTTH,117,25,0
HTTTHHTT,HTTTHTTT,117,26,0
HTHTHTHT,HHTTHHTT,117,27,1
THHT,TTHH,117,28,1
HHTTHTTT,HTHHTHTH,117,29,0
HTHTTTTH,THTHHTHT,117,30,1
HTHTHTHT,HTHTHHTH,117,31,0
HHHTHHH,HHHHHTH,117,32,1
TTTTHHHH,THHHHHHT,117,33,1
TT,TH,117,34,0
HTTTTTTH,TTTTHHHH,117,35,1
HHTTHHTT,HTTHTHTH,117,36,0
TTHH,HTTH,117,37,0
HTTTHHTT,THHHTHHH,117,38,1
HHHHTHHH,HHHHTTTT,117,39,0
HTHHHHTH,HHHHTTTT,117,40,1
HTTH,TTHT,117,41,1
THTHHTHT,THTHTHTH,117,42,1
HTHTHHTH,HTHTTTHH,117,43,1
HHTHH,HHTHT,117,44,0
HHHTTHHH,HTTTTTTH,117,45,1
TTHTTHHH,HHTHTHTH,117,46,0
HHTTHHTT,THHTHTHT,117,47,1
THTTTTHT,HHHHTTTT,117,48,1
HHHTTTTH,HHTHHTHH,117,49,0
THHHHHTH,HHHTHHHH,117,50,0
HHTHTHTH,HTHTHTHT,117,51,1
HT,HH,117,52,0
HHTHHTHH,HTHTHTHT,117,53,1
TTHT,THHT,117,54,0
HTHHHHTH,TTTTHHHH,117,55,1
HHHT,HTHH,117,56,0
THTHH,HTHTH,117,57,1
THTHTHHT,TTHHTTHH,117,58,0
HTHHHHHH,TTTHHHHT,117,59,0
HHTTHHTT,TTTHTTTT,117,60,1
HHHHTTTT,HTTTTTTH,117,61,0
HTHHHHTH,HTHTHTHT,117,62,0
HHHHTHHH,TTTTHHHH,117,63,1
HHTHTTTT,HHHTHHHT,117,64,1
