participant_id,participant_id_str,trial_index,sequence_a,sequence_b,chose_left,chose_right,model,n_a,h_a,alts_a,max_run_a,n_b,h_b,alts_b,max_run_b,p_a,p_alts_a,max_run_norm_a,imbalance_a,periodicity_a,p_b,p_alts_b,max_run_norm_b,imbalance_b,periodicity_b
0,subjective_randomness_run1_20260617_230228_p0,3,THHT,TTTT,1,0,,4,2,2,2,4,0,0,4,0.5,0.6666666666666666,0.3333333333333333,0.0,0.0,0.0,0.0,1.0,1.0,1.0
0,subjective_randomness_run1_20260617_230228_p0,5,TTHTTTT,HTHHTT,1,0,,7,1,2,4,6,3,3,2,0.14285714285714285,0.3333333333333333,0.5,0.7142857142857143,0.7142857142857142,0.5,0.6,0.2,0.0,0.6666666666666667
0,subjective_randomness_run1_20260617_230228_p0,7,THHTHTHT,TTTHT,1,0,,8,4,6,2,5,1,2,3,0.5,0.8571428571428571,0.14285714285714285,0.0,0.5,0.2,0.5,0.5,0.6,0.6000000000000001
0,subjective_randomness_run1_20260617_230228_p0,9,HTHT,HTTHHHTH,1,0,,4,2,3,1,8,5,4,3,0.5,1.0,0.0,0.0,1.0,0.625,0.5714285714285714,0.2857142857142857,0.25,0.75
0,subjective_randomness_run1_20260617_230228_p0,11,TTHT,THTH,1,0,,4,1,2,2,4,2,3,1,0.25,0.6666666666666666,0.3333333333333333,0.5,0.5,0.5,1.0,0.0,0.0,1.0
0,subjective_randomness_run1_20260617_230228_p0,13,HTTHTT,THTH,1,0,,6,2,3,2,4,2,3,1,0.3333333333333333,0.6,0.2,0.33333333333333337,1.0,0.5,1.0,0.0,0.0,1.0
0,subjective_randomness_run1_20260617_230228_p0,15,HTHTTHT,TTTHTTHT,1,0,,7,3,5,2,8,2,4,3,0.42857142857142855,0.8333333333333334,0.16666666666666666,0.1428571428571429,0.4285714285714286,0.25,0.5714285714285714,0.2857142857142857,0.5,0.5
0,subjective_randomness_run1_20260617_230228_p0,17,TTHTTH,THTH,1,0,,6,2,3,2,4,2,3,1,0.3333333333333333,0.6,0.2,0.33333333333333337,1.0,0.5,1.0,0.0,0.0,1.0
0,subjective_randomness_run1_20260617_230228_p0,19,HHHHHHH,HTHT,1,0,,7,7,0,7,4,2,3,1,1.0,0.0,1.0,1.0,1.0,0.5,1.0,0.0,0.0,1.0
0,subjective_randomness_run1_20260617_230228_p0,21,HHTHT,TTTTTTT,1,0,,5,3,3,2,7,0,0,7,0.6,0.75,0.25,0.19999999999999996,0.19999999999999996,0.0,0.0,1.0,1.0,1.0
0,subjective_randomness_run1_20260617_230228_p0,23,HTHT,HTTHT,1,0,,4,2,3,1,5,2,3,2,0.5,1.0,0.0,0.0,1.0,0.4,0.75,0.25,0.19999999999999996,0.0
0,subjective_randomness_run1_20260617_230228_p0,25,THHT,THTHTH,1,0,,4,2,2,2,6,3,5,1,0.5,0.6666666666666666,0.3333333333333333,0.0,0.0,0.5,1.0,0.0,0.0,1.0
0,subjective_randomness_run1_20260617_230228_p0,27,HTHT,TTTH,1,0,,4,2,3,1,4,1,1,3,0.5,1.0,0.0,0.0,1.0,0.25,0.3333333333333333,0.6666666666666666,0.5,0.5
0,subjective_randomness_run1_20260617_230228_p0,29,TTTT,HTHT,1,0,,4,0,0,4,4,2,3,1,0.0,0.0,1.0,1.0,1.0,0.5,1.0,0.0,0.0,1.0
0,subjective_randomness_run1_20260617_230228_p0,31,HTHTHT,HTHHHHT,1,0,,6,3,5,1,7,5,3,4,0.5,1.0,0.0,0.0,1.0,0.7142857142857143,0.5,0.5,0.4285714285714286,0.4285714285714286
0,subjective_randomness_run1_20260617_230228_p0,33,HHTH,THTHTHHT,1,0,,4,3,2,2,8,4,6,2,0.75,0.6666666666666666,0.3333333333333333,0.5,0.5,0.5,0.8571428571428571,0.14285714285714285,0.0,0.5
0,subjective_randomness_run1_20260617_230228_p0,35,TTTTH,TTTTHHH,1,0,,5,1,1,4,7,3,1,4,0.2,0.25,0.75,0.6,0.6000000000000001,0.42857142857142855,0.16666666666666666,0.5,0.1428571428571429,0.1428571428571428
0,subjective_randomness_run1_20260617_230228_p0,37,TTHTH,HTHT,1,0,,5,2,3,2,4,2,3,1,0.4,0.75,0.25,0.19999999999999996,0.19999999999999996,0.5,1.0,0.0,0.0,1.0
0,subjective_randomness_run1_20260617_230228_p0,39,TTTHTHTT,HHTHTHT,1,0,,8,2,4,3,7,4,5,2,0.25,0.5714285714285714,0.2857142857142857,0.5,0.5,0.5714285714285714,0.8333333333333334,0.16666666666666666,0.1428571428571428,0.1428571428571428
0,subjective_randomness_run1_20260617_230228_p0,41,HTHTHT,HTTHTTT,1,0,,6,3,5,1,7,2,3,3,0.5,1.0,0.0,0.0,1.0,0.2857142857142857,0.5,0.3333333333333333,0.4285714285714286,0.7142857142857142
0,subjective_randomness_run1_20260617_230228_p0,43,HTHTHT,TTTT,1,0,,6,3,5,1,4,0,0,4,0.5,1.0,0.0,0.0,1.0,0.0,0.0,1.0,1.0,1.0
0,subjective_randomness_run1_20260617_230228_p0,45,HTTTTH,THTH,1,0,,6,2,2,4,4,2,3,1,0.3333333333333333,0.4,0.6,0.33333333333333337,0.33333333333333326,0.5,1.0,0.0,0.0,1.0
0,subjective_randomness_run1_20260617_230228_p0,47,HTHT,THTTH,1,0,,4,2,3,1,5,2,3,2,0.5,1.0,0.0,0.0,1.0,0.4,0.75,0.25,0.19999999999999996,0.19999999999999996
0,subjective_randomness_run1_20260617_230228_p0,49,HTHHT,THTH,1,0,,5,3,3,2,4,2,3,1,0.6,0.75,0.25,0.19999999999999996,0.19999999999999996,0.5,1.0,0.0,0.0,1.0
0,subjective_randomness_run1_20260617_230228_p0,51,HTHTHTH,TTTHTTTT,1,0,,7,4,6,1,8,1,2,4,0.5714285714285714,1.0,0.0,0.1428571428571428,1.0,0.125,0.2857142857142857,0.42857142857142855,0.75,0.75
0,subjective_randomness_run1_20260617_230228_p0,53,HTTHTHH,THTH,1,0,,7,4,4,2,4,2,3,1,0.5714285714285714,0.6666666666666666,0.16666666666666666,0.1428571428571428,0.7142857142857142,0.5,1.0,0.0,0.0,1.0
0,subjective_randomness_run1_20260617_230228_p0,55,THTHT,TTTHTTHT,1,0,,5,2,4,1,8,2,4,3,0.4,1.0,0.0,0.19999999999999996,1.0,0.25,0.5714285714285714,0.2857142857142857,0.5,0.5
0,subjective_randomness_run1_20260617_230228_p0,57,TTTT,THHTHHT,1,0,,4,0,0,4,7,4,4,2,0.0,0.0,1.0,1.0,1.0,0.5714285714285714,0.6666666666666666,0.16666666666666666,0.1428571428571428,1.0
0,subjective_randomness_run1_20260617_230228_p0,59,HHTH,HTHT,1,0,,4,3,2,2,4,2,3,1,0.75,0.6666666666666666,0.3333333333333333,0.5,0.5,0.5,1.0,0.0,0.0,1.0
0,subjective_randomness_run1_20260617_230228_p0,61,HTHT,TTTH,1,0,,4,2,3,1,4,1,1,3,0.5,1.0,0.0,0.0,1.0,0.25,0.3333333333333333,0.6666666666666666,0.5,0.5
0,subjective_randomness_run1_20260617_230228_p0,63,HHHHT,HTHT,1,0,,5,4,1,4,4,2,3,1,0.8,0.25,0.75,0.6000000000000001,0.6000000000000001,0.5,1.0,0.0,0.0,1.0
0,subjective_randomness_run1_20260617_230228_p0,65,THTHTH,TTHT,1,0,,6,3,5,1,4,1,2,2,0.5,1.0,0.0,0.0,1.0,0.25,0.6666666666666666,0.3333333333333333,0.5,0.5
1,subjective_randomness_run1_20260617_230228_p1,3,TTHTH,HTHT,1,0,,5,2,3,2,4,2,3,1,0.4,0.75,0.25,0.19999999999999996,0.19999999999999996,0.5,1.0,0.0,0.0,1.0
1,subjective_randomness_run1_20260617_230228_p1,5,HHTH,THTHTHHT,1,0,,4,3,2,2,8,4,6,2,0.75,0.6666666666666666,0.3333333333333333,0.5,0.5,0.5,0.8571428571428571,0.14285714285714285,0.0,0.5
1,subjective_randomness_run1_20260617_230228_p1,7,HTHTHTH,TTTHTTTT,1,0,,7,4,6,1,8,1,2,4,0.5714285714285714,1.0,0.0,0.1428571428571428,1.0,0.125,0.2857142857142857,0.42857142857142855,0.75,0.75
1,subjective_randomness_run1_20260617_230228_p1,9,THHTHTHT,TTTHT,1,0,,8,4,6,2,5,1,2,3,0.5,0.8571428571428571,0.14285714285714285,0.0,0.5,0.2,0.5,0.5,0.6,0.6000000000000001
1,subjective_randomness_run1_20260617_230228_p1,11,HHHHT,HTHT,1,0,,5,4,1,4,4,2,3,1,0.8,0.25,0.75,0.6000000000000001,0.6000000000000001,0.5,1.0,0.0,0.0,1.0
1,subjective_randomness_run1_20260617_230228_p1,13,HTHT,HTTHT,1,0,,4,2,3,1,5,2,3,2,0.5,1.0,0.0,0.0,1.0,0.4,0.75,0.25,0.19999999999999996,0.0
1,subjective_randomness_run1_20260617_230228_p1,15,HTTHTT,THTH,1,0,,6,2,3,2,4,2,3,1,0.3333333333333333,0.6,0.2,0.33333333333333337,1.0,0.5,1.0,0.0,0.0,1.0
1,subjective_randomness_run1_20260617_230228_p1,17,HTHT,THTTH,1,0,,4,2,3,1,5,2,3,2,0.5,1.0,0.0,0.0,1.0,0.4,0.75,0.25,0.19999999999999996,0.19999999999999996
1,subjective_randomness_run1_20260617_230228_p1,19,TTTT,HTHT,1,0,,4,0,0,4,4,2,3,1,0.0,0.0,1.0,1.0,1.0,0.5,1.0,0.0,0.0,1.0
1,subjective_randomness_run1_20260617_230228_p1,21,THTHT,TTTHTTHT,1,0,,5,2,4,1,8,2,4,3,0.4,1.0,0.0,0.19999999999999996,1.0,0.25,0.5714285714285714,0.2857142857142857,0.5,0.5
1,subjective_randomness_run1_20260617_230228_p1,23,HTHHT,THTH,1,0,,5,3,3,2,4,2,3,1,0.6,0.75,0.25,0.19999999999999996,0.19999999999999996,0.5,1.0,0.0,0.0,1.0
1,subjective_randomness_run1_20260617_230228_p1,25,HHTH,HTHT,1,0,,4,3,2,2,4,2,3,1,0.75,0.6666666666666666,0.3333333333333333,0.5,0.5,0.5,1.0,0.0,0.0,1.0
1,subjective_randomness_run1_20260617_230228_p1,27,TTTHTHTT,HHTHTHT,1,0,,8,2,4,3,7,4,5,2,0.25,0.5714285714285714,0.2857142857142857,0.5,0.5,0.5714285714285714,0.8333333333333334,0.16666666666666666,0.1428571428571428,0.1428571428571428
1,subjective_randomness_run1_20260617_230228_p1,29,HHHHHHH,HTHT,1,0,,7,7,0,7,4,2,3,1,1.0,0.0,1.0,1.0,1.0,0.5,1.0,0.0,0.0,1.0
1,subjective_randomness_run1_20260617_230228_p1,31,TTHTTH,THTH,1,0,,6,2,3,2,4,2,3,1,0.3333333333333333,0.6,0.2,0.33333333333333337,1.0,0.5,1.0,0.0,0.0,1.0
1,subjective_randomness_run1_20260617_230228_p1,33,HHTHT,TTTTTTT,1,0,,5,3,3,2,7,0,0,7,0.6,0.75,0.25,0.19999999999999996,0.19999999999999996,0.0,0.0,1.0,1.0,1.0
1,subjective_randomness_run1_20260617_230228_p1,35,HTHT,TTTH,1,0,,4,2,3,1,4,1,1,3,0.5,1.0,0.0,0.0,1.0,0.25,0.3333333333333333,0.6666666666666666,0.5,0.5
1,subjective_randomness_run1_20260617_230228_p1,37,THHT,TTTT,1,0,,4,2,2,2,4,0,0,4,0.5,0.6666666666666666,0.3333333333333333,0.0,0.0,0.0,0.0,1.0,1.0,1.0
1,subjective_randomness_run1_20260617_230228_p1,39,HTHTHT,HTTHTTT,1,0,,6,3,5,1,7,2,3,3,0.5,1.0,0.0,0.0,1.0,0.2857142857142857,0.5,0.3333333333333333,0.4285714285714286,0.7142857142857142
1,subjective_randomness_run1_20260617_230228_p1,41,HTHT,HTTHHHTH,1,0,,4,2,3,1,8,5,4,3,0.5,1.0,0.0,0.0,1.0,0.625,0.5714285714285714,0.2857142857142857,0.25,0.75
1,subjective_randomness_run1_20260617_230228_p1,43,THHT,THTHTH,1,0,,4,2,2,2,6,3,5,1,0.5,0.6666666666666666,0.3333333333333333,0.0,0.0,0.5,1.0,0.0,0.0,1.0
1,subjective_randomness_run1_20260617_230228_p1,45,TTHTTTT,HTHHTT,1,0,,7,1,2,4,6,3,3,2,0.14285714285714285,0.3333333333333333,0.5,0.7142857142857143,0.7142857142857142,0.5,0.6,0.2,0.0,0.6666666666666667
1,subjective_randomness_run1_20260617_230228_p1,47,HTTHTHH,THTH,1,0,,7,4,4,2,4,2,3,1,0.5714285714285714,0.6666666666666666,0.16666666666666666,0.1428571428571428,0.7142857142857142,0.5,1.0,0.0,0.0,1.0
1,subjective_randomness_run1_20260617_230228_p1,49,HTTTTH,THTH,1,0,,6,2,2,4,4,2,3,1,0.3333333333333333,0.4,0.6,0.33333333333333337,0.33333333333333326,0.5,1.0,0.0,0.0,1.0
1,subjective_randomness_run1_20260617_230228_p1,51,THTHTH,TTHT,1,0,,6,3,5,1,4,1,2,2,0.5,1.0,0.0,0.0,1.0,0.25,0.6666666666666666,0.3333333333333333,0.5,0.5
1,subjective_randomness_run1_20260617_230228_p1,53,HTHTTHT,TTTHTTHT,1,0,,7,3,5,2,8,2,4,3,0.42857142857142855,0.8333333333333334,0.16666666666666666,0.1428571428571429,0.4285714285714286,0.25,0.5714285714285714,0.2857142857142857,0.5,0.5
1,subjective_randomness_run1_20260617_230228_p1,55,TTTTH,TTTTHHH,1,0,,5,1,1,4,7,3,1,4,0.2,0.25,0.75,0.6,0.6000000000000001,0.42857142857142855,0.16666666666666666,0.5,0.1428571428571429,0.1428571428571428
1,subjective_randomness_run1_20260617_230228_p1,57,HTHTHT,TTTT,1,0,,6,3,5,1,4,0,0,4,0.5,1.0,0.0,0.0,1.0,0.0,0.0,1.0,1.0,1.0
1,subjective_randomness_run1_20260617_230228_p1,59,HTHTHT,HTHHHHT,1,0,,6,3,5,1,7,5,3,4,0.5,1.0,0.0,0.0,1.0,0.7142857142857143,0.5,0.5,0.4285714285714286,0.4285714285714286
1,subjective_randomness_run1_20260617_230228_p1,61,HTHT,TTTH,1,0,,4,2,3,1,4,1,1,3,0.5,1.0,0.0,0.0,1.0,0.25,0.3333333333333333,0.6666666666666666,0.5,0.5
1,subjective_randomness_run1_20260617_230228_p1,63,TTHT,THTH,1,0,,4,1,2,2,4,2,3,1,0.25,0.6666666666666666,0.3333333333333333,0.5,0.5,0.5,1.0,0.0,0.0,1.0
1,subjective_randomness_run1_20260617_230228_p1,65,TTTT,THHTHHT,1,0,,4,0,0,4,7,4,4,2,0.0,0.0,1.0,1.0,1.0,0.5714285714285714,0.6666666666666666,0.16666666666666666,0.1428571428571428,1.0
2,subjective_randomness_run1_20260617_230228_p2,3,HTTTTH,THTH,1,0,,6,2,2,4,4,2,3,1,0.3333333333333333,0.4,0.6,0.33333333333333337,0.33333333333333326,0.5,1.0,0.0,0.0,1.0
2,subjective_randomness_run1_20260617_230228_p2,5,HTHTHT,HTTHTTT,1,0,,6,3,5,1,7,2,3,3,0.5,1.0,0.0,0.0,1.0,0.2857142857142857,0.5,0.3333333333333333,0.4285714285714286,0.7142857142857142
2,subjective_randomness_run1_20260617_230228_p2,7,HTHTHTH,TTTHTTTT,1,0,,7,4,6,1,8,1,2,4,0.5714285714285714,1.0,0.0,0.1428571428571428,1.0,0.125,0.2857142857142857,0.42857142857142855,0.75,0.75
2,subjective_randomness_run1_20260617_230228_p2,9,THHT,TTTT,1,0,,4,2,2,2,4,0,0,4,0.5,0.6666666666666666,0.3333333333333333,0.0,0.0,0.0,0.0,1.0,1.0,1.0
2,subjective_randomness_run1_20260617_230228_p2,11,HTHT,HTTHT,1,0,,4,2,3,1,5,2,3,2,0.5,1.0,0.0,0.0,1.0,0.4,0.75,0.25,0.19999999999999996,0.0
2,subjective_randomness_run1_20260617_230228_p2,13,TTHTTTT,HTHHTT,1,0,,7,1,2,4,6,3,3,2,0.14285714285714285,0.3333333333333333,0.5,0.7142857142857143,0.7142857142857142,0.5,0.6,0.2,0.0,0.6666666666666667
2,subjective_randomness_run1_20260617_230228_p2,15,TTTT,HTHT,1,0,,4,0,0,4,4,2,3,1,0.0,0.0,1.0,1.0,1.0,0.5,1.0,0.0,0.0,1.0
2,subjective_randomness_run1_20260617_230228_p2,17,HHHHHHH,HTHT,1,0,,7,7,0,7,4,2,3,1,1.0,0.0,1.0,1.0,1.0,0.5,1.0,0.0,0.0,1.0
2,subjective_randomness_run1_20260617_230228_p2,19,HTHHT,THTH,1,0,,5,3,3,2,4,2,3,1,0.6,0.75,0.25,0.19999999999999996,0.19999999999999996,0.5,1.0,0.0,0.0,1.0
2,subjective_randomness_run1_20260617_230228_p2,21,HTHTTHT,TTTHTTHT,1,0,,7,3,5,2,8,2,4,3,0.42857142857142855,0.8333333333333334,0.16666666666666666,0.1428571428571429,0.4285714285714286,0.25,0.5714285714285714,0.2857142857142857,0.5,0.5
2,subjective_randomness_run1_20260617_230228_p2,23,THTHT,TTTHTTHT,1,0,,5,2,4,1,8,2,4,3,0.4,1.0,0.0,0.19999999999999996,1.0,0.25,0.5714285714285714,0.2857142857142857,0.5,0.5
2,subjective_randomness_run1_20260617_230228_p2,25,HTHT,THTTH,1,0,,4,2,3,1,5,2,3,2,0.5,1.0,0.0,0.0,1.0,0.4,0.75,0.25,0.19999999999999996,0.19999999999999996
2,subjective_randomness_run1_20260617_230228_p2,27,HTHT,TTTH,1,0,,4,2,3,1,4,1,1,3,0.5,1.0,0.0,0.0,1.0,0.25,0.3333333333333333,0.6666666666666666,0.5,0.5
2,subjective_randomness_run1_20260617_230228_p2,29,HTHTHT,HTHHHHT,1,0,,6,3,5,1,7,5,3,4,0.5,1.0,0.0,0.0,1.0,0.7142857142857143,0.5,0.5,0.4285714285714286,0.4285714285714286
2,subjective_randomness_run1_20260617_230228_p2,31,HHTHT,TTTTTTT,1,0,,5,3,3,2,7,0,0,7,0.6,0.75,0.25,0.19999999999999996,0.19999999999999996,0.0,0.0,1.0,1.0,1.0
2,subjective_randomness_run1_20260617_230228_p2,33,HTTHTT,THTH,1,0,,6,2,3,2,4,2,3,1,0.3333333333333333,0.6,0.2,0.33333333333333337,1.0,0.5,1.0,0.0,0.0,1.0
2,subjective_randomness_run1_20260617_230228_p2,35,HTTHTHH,THTH,1,0,,7,4,4,2,4,2,3,1,0.5714285714285714,0.6666666666666666,0.16666666666666666,0.1428571428571428,0.7142857142857142,0.5,1.0,0.0,0.0,1.0
2,subjective_randomness_run1_20260617_230228_p2,37,HHTH,HTHT,1,0,,4,3,2,2,4,2,3,1,0.75,0.6666666666666666,0.3333333333333333,0.5,0.5,0.5,1.0,0.0,0.0,1.0
2,subjective_randomness_run1_20260617_230228_p2,39,TTTHTHTT,HHTHTHT,1,0,,8,2,4,3,7,4,5,2,0.25,0.5714285714285714,0.2857142857142857,0.5,0.5,0.5714285714285714,0.8333333333333334,0.16666666666666666,0.1428571428571428,0.1428571428571428
2,subjective_randomness_run1_20260617_230228_p2,41,HTHTHT,TTTT,1,0,,6,3,5,1,4,0,0,4,0.5,1.0,0.0,0.0,1.0,0.0,0.0,1.0,1.0,1.0
2,subjective_randomness_run1_20260617_230228_p2,43,TTTTH,TTTTHHH,1,0,,5,1,1,4,7,3,1,4,0.2,0.25,0.75,0.6,0.6000000000000001,0.42857142857142855,0.16666666666666666,0.5,0.1428571428571429,0.1428571428571428
2,subjective_randomness_run1_20260617_230228_p2,45,THHT,THTHTH,1,0,,4,2,2,2,6,3,5,1,0.5,0.6666666666666666,0.3333333333333333,0.0,0.0,0.5,1.0,0.0,0.0,1.0
2,subjective_randomness_run1_20260617_230228_p2,47,TTHT,THTH,1,0,,4,1,2,2,4,2,3,1,0.25,0.6666666666666666,0.3333333333333333,0.5,0.5,0.5,1.0,0.0,0.0,1.0
2,subjective_randomness_run1_20260617_230228_p2,49,HTHT,HTTHHHTH,1,0,,4,2,3,1,8,5,4,3,0.5,1.0,0.0,0.0,1.0,0.625,0.5714285714285714,0.2857142857142857,0.25,0.75
2,subjective_randomness_run1_20260617_230228_p2,51,HHHHT,HTHT,1,0,,5,4,1,4,4,2,3,1,0.8,0.25,0.75,0.6000000000000001,0.6000000000000001,0.5,1.0,0.0,0.0,1.0
2,subjective_randomness_run1_20260617_230228_p2,53,THHTHTHT,TTTHT,1,0,,8,4,6,2,5,1,2,3,0.5,0.8571428571428571,0.14285714285714285,0.0,0.5,0.2,0.5,0.5,0.6,0.6000000000000001
2,subjective_randomness_run1_20260617_230228_p2,55,TTHTH,HTHT,1,0,,5,2,3,2,4,2,3,1,0.4,0.75,0.25,0.19999999999999996,0.19999999999999996,0.5,1.0,0.0,0.0,1.0
2,subjective_randomness_run1_20260617_230228_p2,57,TTHTTH,THTH,1,0,,6,2,3,2,4,2,3,1,0.3333333333333333,0.6,0.2,0.33333333333333337,1.0,0.5,1.0,0.0,0.0,1.0
2,subjective_randomness_run1_20260617_230228_p2,59,HTHT,TTTH,1,0,,4,2,3,1,4,1,1,3,0.5,1.0,0.0,0.0,1.0,0.25,0.3333333333333333,0.6666666666666666,0.5,0.5
2,subjective_randomness_run1_20260617_230228_p2,61,THTHTH,TTHT,1,0,,6,3,5,1,4,1,2,2,0.5,1.0,0.0,0.0,1.0,0.25,0.6666666666666666,0.3333333333333333,0.5,0.5
2,subjective_randomness_run1_20260617_230228_p2,63,HHTH,THTHTHHT,1,0,,4,3,2,2,8,4,6,2,0.75,0.6666666666666666,0.3333333333333333,0.5,0.5,0.5,0.8571428571428571,0.14285714285714285,0.0,0.5
2,subjective_randomness_run1_20260617_230228_p2,65,TTTT,THHTHHT,1,0,,4,0,0,4,7,4,4,2,0.0,0.0,1.0,1.0,1.0,0.5714285714285714,0.6666666666666666,0.16666666666666666,0.1428571428571428,1.0
3,subjective_randomness_run1_20260617_230228_p3,3,HTHT,THTTH,1,0,,4,2,3,1,5,2,3,2,0.5,1.0,0.0,0.0,1.0,0.4,0.75,0.25,0.19999999999999996,0.19999999999999996
3,subjective_randomness_run1_20260617_230228_p3,5,HTTTTH,THTH,1,0,,6,2,2,4,4,2,3,1,0.3333333333333333,0.4,0.6,0.33333333333333337,0.33333333333333326,0.5,1.0,0.0,0.0,1.0
3,subjective_randomness_run1_20260617_230228_p3,7,HTHTHT,TTTT,1,0,,6,3,5,1,4,0,0,4,0.5,1.0,0.0,0.0,1.0,0.0,0.0,1.0,1.0,1.0
3,subjective_randomness_run1_20260617_230228_p3,9,HTTHTHH,THTH,1,0,,7,4,4,2,4,2,3,1,0.5714285714285714,0.6666666666666666,0.16666666666666666,0.1428571428571428,0.7142857142857142,0.5,1.0,0.0,0.0,1.0
3,subjective_randomness_run1_20260617_230228_p3,11,HTHTHTH,TTTHTTTT,1,0,,7,4,6,1,8,1,2,4,0.5714285714285714,1.0,0.0,0.1428571428571428,1.0,0.125,0.2857142857142857,0.42857142857142855,0.75,0.75
3,subjective_randomness_run1_20260617_230228_p3,13,TTHTH,HTHT,1,0,,5,2,3,2,4,2,3,1,0.4,0.75,0.25,0.19999999999999996,0.19999999999999996,0.5,1.0,0.0,0.0,1.0
3,subjective_randomness_run1_20260617_230228_p3,15,TTTTH,TTTTHHH,1,0,,5,1,1,4,7,3,1,4,0.2,0.25,0.75,0.6,0.6000000000000001,0.42857142857142855,0.16666666666666666,0.5,0.1428571428571429,0.1428571428571428
3,subjective_randomness_run1_20260617_230228_p3,17,HTHT,TTTH,1,0,,4,2,3,1,4,1,1,3,0.5,1.0,0.0,0.0,1.0,0.25,0.3333333333333333,0.6666666666666666,0.5,0.5
3,subjective_randomness_run1_20260617_230228_p3,19,THHT,THTHTH,1,0,,4,2,2,2,6,3,5,1,0.5,0.6666666666666666,0.3333333333333333,0.0,0.0,0.5,1.0,0.0,0.0,1.0
3,subjective_randomness_run1_20260617_230228_p3,21,HTHTTHT,TTTHTTHT,1,0,,7,3,5,2,8,2,4,3,0.42857142857142855,0.8333333333333334,0.16666666666666666,0.1428571428571429,0.4285714285714286,0.25,0.5714285714285714,0.2857142857142857,0.5,0.5
3,subjective_randomness_run1_20260617_230228_p3,23,THTHTH,TTHT,1,0,,6,3,5,1,4,1,2,2,0.5,1.0,0.0,0.0,1.0,0.25,0.6666666666666666,0.3333333333333333,0.5,0.5
3,subjective_randomness_run1_20260617_230228_p3,25,HHTH,THTHTHHT,1,0,,4,3,2,2,8,4,6,2,0.75,0.6666666666666666,0.3333333333333333,0.5,0.5,0.5,0.8571428571428571,0.14285714285714285,0.0,0.5
3,subjective_randomness_run1_20260617_230228_p3,27,TTHT,THTH,1,0,,4,1,2,2,4,2,3,1,0.25,0.6666666666666666,0.3333333333333333,0.5,0.5,0.5,1.0,0.0,0.0,1.0
3,subjective_randomness_run1_20260617_230228_p3,29,HTTHTT,THTH,1,0,,6,2,3,2,4,2,3,1,0.3333333333333333,0.6,0.2,0.33333333333333337,1.0,0.5,1.0,0.0,0.0,1.0
3,subjective_randomness_run1_20260617_230228_p3,31,THHT,TTTT,1,0,,4,2,2,2,4,0,0,4,0.5,0.6666666666666666,0.3333333333333333,0.0,0.0,0.0,0.0,1.0,1.0,1.0
3,subjective_randomness_run1_20260617_230228_p3,33,HHHHHHH,HTHT,1,0,,7,7,0,7,4,2,3,1,1.0,0.0,1.0,1.0,1.0,0.5,1.0,0.0,0.0,1.0
3,subjective_randomness_run1_20260617_230228_p3,35,THTHT,TTTHTTHT,1,0,,5,2,4,1,8,2,4,3,0.4,1.0,0.0,0.19999999999999996,1.0,0.25,0.5714285714285714,0.2857142857142857,0.5,0.5
3,subjective_randomness_run1_20260617_230228_p3,37,TTTT,HTHT,1,0,,4,0,0,4,4,2,3,1,0.0,0.0,1.0,1.0,1.0,0.5,1.0,0.0,0.0,1.0
3,subjective_randomness_run1_20260617_230228_p3,39,TTHTTTT,HTHHTT,1,0,,7,1,2,4,6,3,3,2,0.14285714285714285,0.3333333333333333,0.5,0.7142857142857143,0.7142857142857142,0.5,0.6,0.2,0.0,0.6666666666666667
3,subjective_randomness_run1_20260617_230228_p3,41,HTHT,HTTHT,1,0,,4,2,3,1,5,2,3,2,0.5,1.0,0.0,0.0,1.0,0.4,0.75,0.25,0.19999999999999996,0.0
3,subjective_randomness_run1_20260617_230228_p3,43,TTTT,THHTHHT,1,0,,4,0,0,4,7,4,4,2,0.0,0.0,1.0,1.0,1.0,0.5714285714285714,0.6666666666666666,0.16666666666666666,0.1428571428571428,1.0
3,subjective_randomness_run1_20260617_230228_p3,45,HTHT,HTTHHHTH,1,0,,4,2,3,1,8,5,4,3,0.5,1.0,0.0,0.0,1.0,0.625,0.5714285714285714,0.2857142857142857,0.25,0.75
3,subjective_randomness_run1_20260617_230228_p3,47,HHHHT,HTHT,1,0,,5,4,1,4,4,2,3,1,0.8,0.25,0.75,0.6000000000000001,0.6000000000000001,0.5,1.0,0.0,0.0,1.0
3,subjective_randomness_run1_20260617_230228_p3,49,TTHTTH,THTH,1,0,,6,2,3,2,4,2,3,1,0.3333333333333333,0.6,0.2,0.33333333333333337,1.0,0.5,1.0,0.0,0.0,1.0
3,subjective_randomness_run1_20260617_230228_p3,51,HTHT,TTTH,1,0,,4,2,3,1,4,1,1,3,0.5,1.0,0.0,0.0,1.0,0.25,0.3333333333333333,0.6666666666666666,0.5,0.5
3,subjective_randomness_run1_20260617_230228_p3,53,TTTHTHTT,HHTHTHT,1,0,,8,2,4,3,7,4,5,2,0.25,0.5714285714285714,0.2857142857142857,0.5,0.5,0.5714285714285714,0.8333333333333334,0.16666666666666666,0.1428571428571428,0.1428571428571428
3,subjective_randomness_run1_20260617_230228_p3,55,HHTHT,TTTTTTT,1,0,,5,3,3,2,7,0,0,7,0.6,0.75,0.25,0.19999999999999996,0.19999999999999996,0.0,0.0,1.0,1.0,1.0
3,subjective_randomness_run1_20260617_230228_p3,57,HTHTHT,HTTHTTT,1,0,,6,3,5,1,7,2,3,3,0.5,1.0,0.0,0.0,1.0,0.2857142857142857,0.5,0.3333333333333333,0.4285714285714286,0.7142857142857142
3,subjective_randomness_run1_20260617_230228_p3,59,HTHTHT,HTHHHHT,1,0,,6,3,5,1,7,5,3,4,0.5,1.0,0.0,0.0,1.0,0.7142857142857143,0.5,0.5,0.4285714285714286,0.4285714285714286
3,subjective_randomness_run1_20260617_230228_p3,61,HTHHT,THTH,1,0,,5,3,3,2,4,2,3,1,0.6,0.75,0.25,0.19999999999999996,0.19999999999999996,0.5,1.0,0.0,0.0,1.0
3,subjective_randomness_run1_20260617_230228_p3,63,THHTHTHT,TTTHT,1,0,,8,4,6,2,5,1,2,3,0.5,0.8571428571428571,0.14285714285714285,0.0,0.5,0.2,0.5,0.5,0.6,0.6000000000000001
3,subjective_randomness_run1_20260617_230228_p3,65,HHTH,HTHT,1,0,,4,3,2,2,4,2,3,1,0.75,0.6666666666666666,0.3333333333333333,0.5,0.5,0.5,1.0,0.0,0.0,1.0
4,subjective_randomness_run1_20260617_230228_p4,3,THHT,THTHTH,1,0,,4,2,2,2,6,3,5,1,0.5,0.6666666666666666,0.3333333333333333,0.0,0.0,0.5,1.0,0.0,0.0,1.0
4,subjective_randomness_run1_20260617_230228_p4,5,THHT,TTTT,1,0,,4,2,2,2,4,0,0,4,0.5,0.6666666666666666,0.3333333333333333,0.0,0.0,0.0,0.0,1.0,1.0,1.0
4,subjective_randomness_run1_20260617_230228_p4,7,TTTT,THHTHHT,1,0,,4,0,0,4,7,4,4,2,0.0,0.0,1.0,1.0,1.0,0.5714285714285714,0.6666666666666666,0.16666666666666666,0.1428571428571428,1.0
4,subjective_randomness_run1_20260617_230228_p4,9,HHHHHHH,HTHT,1,0,,7,7,0,7,4,2,3,1,1.0,0.0,1.0,1.0,1.0,0.5,1.0,0.0,0.0,1.0
4,subjective_randomness_run1_20260617_230228_p4,11,TTHT,THTH,1,0,,4,1,2,2,4,2,3,1,0.25,0.6666666666666666,0.3333333333333333,0.5,0.5,0.5,1.0,0.0,0.0,1.0
4,subjective_randomness_run1_20260617_230228_p4,13,HTTHTHH,THTH,1,0,,7,4,4,2,4,2,3,1,0.5714285714285714,0.6666666666666666,0.16666666666666666,0.1428571428571428,0.7142857142857142,0.5,1.0,0.0,0.0,1.0
4,subjective_randomness_run1_20260617_230228_p4,15,HTHTHTH,TTTHTTTT,1,0,,7,4,6,1,8,1,2,4,0.5714285714285714,1.0,0.0,0.1428571428571428,1.0,0.125,0.2857142857142857,0.42857142857142855,0.75,0.75
4,subjective_randomness_run1_20260617_230228_p4,17,TTTTH,TTTTHHH,1,0,,5,1,1,4,7,3,1,4,0.2,0.25,0.75,0.6,0.6000000000000001,0.42857142857142855,0.16666666666666666,0.5,0.1428571428571429,0.1428571428571428
4,subjective_randomness_run1_20260617_230228_p4,19,HTHTHT,TTTT,1,0,,6,3,5,1,4,0,0,4,0.5,1.0,0.0,0.0,1.0,0.0,0.0,1.0,1.0,1.0
4,subjective_randomness_run1_20260617_230228_p4,21,HTTTTH,THTH,1,0,,6,2,2,4,4,2,3,1,0.3333333333333333,0.4,0.6,0.33333333333333337,0.33333333333333326,0.5,1.0,0.0,0.0,1.0
4,subjective_randomness_run1_20260617_230228_p4,23,THHTHTHT,TTTHT,1,0,,8,4,6,2,5,1,2,3,0.5,0.8571428571428571,0.14285714285714285,0.0,0.5,0.2,0.5,0.5,0.6,0.6000000000000001
4,subjective_randomness_run1_20260617_230228_p4,25,HTHTHT,HTTHTTT,1,0,,6,3,5,1,7,2,3,3,0.5,1.0,0.0,0.0,1.0,0.2857142857142857,0.5,0.3333333333333333,0.4285714285714286,0.7142857142857142
4,subjective_randomness_run1_20260617_230228_p4,27,HTTHTT,THTH,1,0,,6,2,3,2,4,2,3,1,0.3333333333333333,0.6,0.2,0.33333333333333337,1.0,0.5,1.0,0.0,0.0,1.0
4,subjective_randomness_run1_20260617_230228_p4,29,HHTHT,TTTTTTT,1,0,,5,3,3,2,7,0,0,7,0.6,0.75,0.25,0.19999999999999996,0.19999999999999996,0.0,0.0,1.0,1.0,1.0
4,subjective_randomness_run1_20260617_230228_p4,31,TTHTH,HTHT,1,0,,5,2,3,2,4,2,3,1,0.4,0.75,0.25,0.19999999999999996,0.19999999999999996,0.5,1.0,0.0,0.0,1.0
4,subjective_randomness_run1_20260617_230228_p4,33,THTHT,TTTHTTHT,1,0,,5,2,4,1,8,2,4,3,0.4,1.0,0.0,0.19999999999999996,1.0,0.25,0.5714285714285714,0.2857142857142857,0.5,0.5
4,subjective_randomness_run1_20260617_230228_p4,35,HTHT,THTTH,1,0,,4,2,3,1,5,2,3,2,0.5,1.0,0.0,0.0,1.0,0.4,0.75,0.25,0.19999999999999996,0.19999999999999996
4,subjective_randomness_run1_20260617_230228_p4,37,HTHTHT,HTHHHHT,1,0,,6,3,5,1,7,5,3,4,0.5,1.0,0.0,0.0,1.0,0.7142857142857143,0.5,0.5,0.4285714285714286,0.4285714285714286
4,subjective_randomness_run1_20260617_230228_p4,39,TTTHTHTT,HHTHTHT,1,0,,8,2,4,3,7,4,5,2,0.25,0.5714285714285714,0.2857142857142857,0.5,0.5,0.5714285714285714,0.8333333333333334,0.16666666666666666,0.1428571428571428,0.1428571428571428
4,subjective_randomness_run1_20260617_230228_p4,41,HHHHT,HTHT,1,0,,5,4,1,4,4,2,3,1,0.8,0.25,0.75,0.6000000000000001,0.6000000000000001,0.5,1.0,0.0,0.0,1.0
4,subjective_randomness_run1_20260617_230228_p4,43,HHTH,HTHT,1,0,,4,3,2,2,4,2,3,1,0.75,0.6666666666666666,0.3333333333333333,0.5,0.5,0.5,1.0,0.0,0.0,1.0
4,subjective_randomness_run1_20260617_230228_p4,45,HTHTTHT,TTTHTTHT,1,0,,7,3,5,2,8,2,4,3,0.42857142857142855,0.8333333333333334,0.16666666666666666,0.1428571428571429,0.4285714285714286,0.25,0.5714285714285714,0.2857142857142857,0.5,0.5
4,subjective_randomness_run1_20260617_230228_p4,47,TTHTTTT,HTHHTT,1,0,,7,1,2,4,6,3,3,2,0.14285714285714285,0.3333333333333333,0.5,0.7142857142857143,0.7142857142857142,0.5,0.6,0.2,0.0,0.6666666666666667
4,subjective_randomness_run1_20260617_230228_p4,49,HTHT,TTTH,1,0,,4,2,3,1,4,1,1,3,0.5,1.0,0.0,0.0,1.0,0.25,0.3333333333333333,0.6666666666666666,0.5,0.5
4,subjective_randomness_run1_20260617_230228_p4,51,TTTT,HTHT,1,0,,4,0,0,4,4,2,3,1,0.0,0.0,1.0,1.0,1.0,0.5,1.0,0.0,0.0,1.0
4,subjective_randomness_run1_20260617_230228_p4,53,HHTH,THTHTHHT,1,0,,4,3,2,2,8,4,6,2,0.75,0.6666666666666666,0.3333333333333333,0.5,0.5,0.5,0.8571428571428571,0.14285714285714285,0.0,0.5
4,subjective_randomness_run1_20260617_230228_p4,55,HTHT,TTTH,1,0,,4,2,3,1,4,1,1,3,0.5,1.0,0.0,0.0,1.0,0.25,0.3333333333333333,0.6666666666666666,0.5,0.5
4,subjective_randomness_run1_20260617_230228_p4,57,HTHT,HTTHT,1,0,,4,2,3,1,5,2,3,2,0.5,1.0,0.0,0.0,1.0,0.4,0.75,0.25,0.19999999999999996,0.0
4,subjective_randomness_run1_20260617_230228_p4,59,HTHT,HTTHHHTH,1,0,,4,2,3,1,8,5,4,3,0.5,1.0,0.0,0.0,1.0,0.625,0.5714285714285714,0.2857142857142857,0.25,0.75
4,subjective_randomness_run1_20260617_230228_p4,61,HTHHT,THTH,1,0,,5,3,3,2,4,2,3,1,0.6,0.75,0.25,0.19999999999999996,0.19999999999999996,0.5,1.0,0.0,0.0,1.0
4,subjective_randomness_run1_20260617_230228_p4,63,TTHTTH,THTH,1,0,,6,2,3,2,4,2,3,1,0.3333333333333333,0.6,0.2,0.33333333333333337,1.0,0.5,1.0,0.0,0.0,1.0
4,subjective_randomness_run1_20260617_230228_p4,65,THTHTH,TTHT,1,0,,6,3,5,1,4,1,2,2,0.5,1.0,0.0,0.0,1.0,0.25,0.6666666666666666,0.3333333333333333,0.5,0.5
0,subjective_randomness_run2_20260617_232938_p0,2,THTHTHT,TTHTHTTH,1,0,,7,3,6,1,8,3,5,2,0.42857142857142855,1.0,0.0,0.1428571428571429,1.0,0.375,0.7142857142857143,0.14285714285714285,0.25,0.25
0,subjective_randomness_run2_20260617_232938_p0,4,HHTHHTHH,HTHTTHTH,1,0,,8,6,4,2,8,4,6,2,0.75,0.5714285714285714,0.14285714285714285,0.5,1.0,0.5,0.8571428571428571,0.14285714285714285,0.0,0.25
0,subjective_randomness_run2_20260617_232938_p0,6,TTTTTHHH,THTTT,1,0,,8,3,1,5,5,1,2,3,0.375,0.14285714285714285,0.5714285714285714,0.25,0.25,0.2,0.5,0.5,0.6,0.6000000000000001
0,subjective_randomness_run2_20260617_232938_p0,8,HTHTTTHT,THTHTHTH,1,0,,8,3,5,3,8,4,7,1,0.375,0.7142857142857143,0.2857142857142857,0.25,0.75,0.5,1.0,0.0,0.0,1.0
0,subjective_randomness_run2_20260617_232938_p0,10,HHTHHTTT,THH,1,0,,8,4,3,3,3,2,1,2,0.5,0.42857142857142855,0.2857142857142857,0.0,0.5,0.6666666666666666,0.5,0.5,0.33333333333333326,0.0
0,subjective_randomness_run2_20260617_232938_p0,12,THHTHTH,HHT,1,0,,7,4,5,2,3,2,1,2,0.5714285714285714,0.8333333333333334,0.16666666666666666,0.1428571428571428,0.4285714285714286,0.6666666666666666,0.5,0.5,0.33333333333333326,0.33333333333333326
0,subjective_randomness_run2_20260617_232938_p0,14,HHHHTTTT,HHHHHHT,1,0,,8,4,1,4,7,6,1,6,0.5,0.14285714285714285,0.42857142857142855,0.0,0.0,0.8571428571428571,0.16666666666666666,0.8333333333333334,0.7142857142857142,0.7142857142857142
0,subjective_randomness_run2_20260617_232938_p0,16,HHHHH,TTHHHHHH,1,0,,5,5,0,5,8,6,1,6,1.0,0.0,1.0,1.0,1.0,0.75,0.14285714285714285,0.7142857142857143,0.5,0.5
0,subjective_randomness_run2_20260617_232938_p0,18,HTHTHHT,THTHTHT,1,0,,7,4,5,2,7,3,6,1,0.5714285714285714,0.8333333333333334,0.16666666666666666,0.1428571428571428,0.4285714285714286,0.42857142857142855,1.0,0.0,0.1428571428571429,1.0
0,subjective_randomness_run2_20260617_232938_p0,20,HHT,TTTTHHHH,1,0,,3,2,1,2,8,4,1,4,0.6666666666666666,0.5,0.5,0.33333333333333326,0.33333333333333326,0.5,0.14285714285714285,0.42857142857142855,0.0,0.0
0,subjective_randomness_run2_20260617_232938_p0,22,TTTHT,TTTHTHHH,1,0,,5,1,2,3,8,4,3,3,0.2,0.5,0.5,0.6,0.6000000000000001,0.5,0.42857142857142855,0.2857142857142857,0.0,0.5
0,subjective_randomness_run2_20260617_232938_p0,24,HTHHH,HTTHTHT,1,0,,5,4,2,3,7,3,5,2,0.8,0.5,0.5,0.6000000000000001,0.6000000000000001,0.42857142857142855,0.8333333333333334,0.16666666666666666,0.1428571428571429,0.4285714285714286
0,subjective_randomness_run2_20260617_232938_p0,26,THTTT,THHTHTH,1,0,,5,1,2,3,7,4,5,2,0.2,0.5,0.5,0.6,0.6000000000000001,0.5714285714285714,0.8333333333333334,0.16666666666666666,0.1428571428571428,0.4285714285714286
0,subjective_randomness_run2_20260617_232938_p0,28,HHHHHTH,HHHTTTT,1,0,,7,6,2,5,7,3,1,4,0.8571428571428571,0.3333333333333333,0.6666666666666666,0.7142857142857142,0.7142857142857142,0.42857142857142855,0.16666666666666666,0.5,0.1428571428571429,0.0
0,subjective_randomness_run2_20260617_232938_p0,30,THHTHTHT,HHTHH,1,0,,8,4,6,2,5,4,2,2,0.5,0.8571428571428571,0.14285714285714285,0.0,0.5,0.8,0.5,0.25,0.6000000000000001,0.6000000000000001
0,subjective_randomness_run2_20260617_232938_p0,32,HTHHHHHT,TTTTTTTT,1,0,,8,6,3,5,8,0,0,8,0.75,0.42857142857142855,0.5714285714285714,0.5,0.75,0.0,0.0,1.0,1.0,1.0
0,subjective_randomness_run2_20260617_232938_p0,34,HHHTHTTH,THH,1,0,,8,5,4,3,3,2,1,2,0.625,0.5714285714285714,0.2857142857142857,0.25,0.25,0.6666666666666666,0.5,0.5,0.33333333333333326,0.0
0,subjective_randomness_run2_20260617_232938_p0,36,HHTH,HHTTHTHT,1,0,,4,3,2,2,8,4,5,2,0.75,0.6666666666666666,0.3333333333333333,0.5,0.5,0.5,0.7142857142857143,0.14285714285714285,0.0,0.5
0,subjective_randomness_run2_20260617_232938_p0,38,THTHTH,THTHHT,1,0,,6,3,5,1,6,3,4,2,0.5,1.0,0.0,0.0,1.0,0.5,0.8,0.2,0.0,0.6666666666666667
0,subjective_randomness_run2_20260617_232938_p0,40,HTT,THHHTTHH,1,0,,3,1,1,2,8,5,3,3,0.3333333333333333,0.5,0.5,0.33333333333333337,0.0,0.625,0.42857142857142855,0.2857142857142857,0.25,0.75
0,subjective_randomness_run2_20260617_232938_p0,42,TTHT,HTHHTHT,1,0,,4,1,2,2,7,4,5,2,0.25,0.6666666666666666,0.3333333333333333,0.5,0.5,0.5714285714285714,0.8333333333333334,0.16666666666666666,0.1428571428571428,0.7142857142857142
0,subjective_randomness_run2_20260617_232938_p0,44,TTHHHHH,THHH,1,0,,7,5,1,5,4,3,1,3,0.7142857142857143,0.16666666666666666,0.6666666666666666,0.4285714285714286,0.1428571428571428,0.75,0.3333333333333333,0.6666666666666666,0.5,0.5
0,subjective_randomness_run2_20260617_232938_p0,46,THTHHTHT,TTTH,1,0,,8,4,6,2,4,1,1,3,0.5,0.8571428571428571,0.14285714285714285,0.0,0.25,0.25,0.3333333333333333,0.6666666666666666,0.5,0.5
0,subjective_randomness_run2_20260617_232938_p0,48,TTTTT,HHHHTTT,1,0,,5,0,0,5,7,4,1,4,0.0,0.0,1.0,1.0,1.0,0.5714285714285714,0.16666666666666666,0.5,0.1428571428571428,0.1428571428571428
0,subjective_randomness_run2_20260617_232938_p0,50,THHTTTT,HHHTTTT,1,0,,7,2,2,4,7,3,1,4,0.2857142857142857,0.3333333333333333,0.5,0.4285714285714286,0.4285714285714286,0.42857142857142855,0.16666666666666666,0.5,0.1428571428571429,0.0
0,subjective_randomness_run2_20260617_232938_p0,52,TTHTTTTH,HHH,1,0,,8,2,3,4,3,3,0,3,0.25,0.42857142857142855,0.42857142857142855,0.5,0.5,1.0,0.0,1.0,1.0,1.0
0,subjective_randomness_run2_20260617_232938_p0,54,HTHTH,TTHTHTTT,1,0,,5,3,4,1,8,2,4,3,0.6,1.0,0.0,0.19999999999999996,1.0,0.25,0.5714285714285714,0.2857142857142857,0.5,0.5
0,subjective_randomness_run2_20260617_232938_p0,56,HHTHHHTT,TTTTHT,1,0,,8,5,3,3,6,1,2,4,0.625,0.42857142857142855,0.2857142857142857,0.25,0.75,0.16666666666666666,0.4,0.6,0.6666666666666667,0.6666666666666667
0,subjective_randomness_run2_20260617_232938_p0,58,HHHHHHHH,TTTTTTH,1,0,,8,8,0,8,7,1,1,6,1.0,0.0,1.0,1.0,1.0,0.14285714285714285,0.16666666666666666,0.8333333333333334,0.7142857142857143,0.7142857142857142
0,subjective_randomness_run2_20260617_232938_p0,60,TTTHTHTH,THT,1,0,,8,3,5,3,3,1,2,1,0.375,0.7142857142857143,0.2857142857142857,0.25,0.75,0.3333333333333333,1.0,0.0,0.33333333333333337,0.33333333333333326
1,subjective_randomness_run2_20260617_232938_p1,2,HTHHH,HTTHTHT,1,0,,5,4,2,3,7,3,5,2,0.8,0.5,0.5,0.6000000000000001,0.6000000000000001,0.42857142857142855,0.8333333333333334,0.16666666666666666,0.1428571428571429,0.4285714285714286
1,subjective_randomness_run2_20260617_232938_p1,4,THTHHTHT,TTTH,1,0,,8,4,6,2,4,1,1,3,0.5,0.8571428571428571,0.14285714285714285,0.0,0.25,0.25,0.3333333333333333,0.6666666666666666,0.5,0.5
1,subjective_randomness_run2_20260617_232938_p1,6,THHTHTHT,HHTHH,1,0,,8,4,6,2,5,4,2,2,0.5,0.8571428571428571,0.14285714285714285,0.0,0.5,0.8,0.5,0.25,0.6000000000000001,0.6000000000000001
1,subjective_randomness_run2_20260617_232938_p1,8,THTTT,THHTHTH,1,0,,5,1,2,3,7,4,5,2,0.2,0.5,0.5,0.6,0.6000000000000001,0.5714285714285714,0.8333333333333334,0.16666666666666666,0.1428571428571428,0.4285714285714286
1,subjective_randomness_run2_20260617_232938_p1,10,HHHHH,TTHHHHHH,1,0,,5,5,0,5,8,6,1,6,1.0,0.0,1.0,1.0,1.0,0.75,0.14285714285714285,0.7142857142857143,0.5,0.5
1,subjective_randomness_run2_20260617_232938_p1,12,HHTHHHTT,TTTTHT,1,0,,8,5,3,3,6,1,2,4,0.625,0.42857142857142855,0.2857142857142857,0.25,0.75,0.16666666666666666,0.4,0.6,0.6666666666666667,0.6666666666666667
1,subjective_randomness_run2_20260617_232938_p1,14,HHHHHHHH,TTTTTTH,1,0,,8,8,0,8,7,1,1,6,1.0,0.0,1.0,1.0,1.0,0.14285714285714285,0.16666666666666666,0.8333333333333334,0.7142857142857143,0.7142857142857142
1,subjective_randomness_run2_20260617_232938_p1,16,HTT,THHHTTHH,1,0,,3,1,1,2,8,5,3,3,0.3333333333333333,0.5,0.5,0.33333333333333337,0.0,0.625,0.42857142857142855,0.2857142857142857,0.25,0.75
1,subjective_randomness_run2_20260617_232938_p1,18,THHTTTT,HHHTTTT,1,0,,7,2,2,4,7,3,1,4,0.2857142857142857,0.3333333333333333,0.5,0.4285714285714286,0.4285714285714286,0.42857142857142855,0.16666666666666666,0.5,0.1428571428571429,0.0
1,subjective_randomness_run2_20260617_232938_p1,20,HTHTTTHT,THTHTHTH,1,0,,8,3,5,3,8,4,7,1,0.375,0.7142857142857143,0.2857142857142857,0.25,0.75,0.5,1.0,0.0,0.0,1.0
1,subjective_randomness_run2_20260617_232938_p1,22,TTTTTHHH,THTTT,1,0,,8,3,1,5,5,1,2,3,0.375,0.14285714285714285,0.5714285714285714,0.25,0.25,0.2,0.5,0.5,0.6,0.6000000000000001
1,subjective_randomness_run2_20260617_232938_p1,24,TTHT,HTHHTHT,1,0,,4,1,2,2,7,4,5,2,0.25,0.6666666666666666,0.3333333333333333,0.5,0.5,0.5714285714285714,0.8333333333333334,0.16666666666666666,0.1428571428571428,0.7142857142857142
1,subjective_randomness_run2_20260617_232938_p1,26,TTTTT,HHHHTTT,1,0,,5,0,0,5,7,4,1,4,0.0,0.0,1.0,1.0,1.0,0.5714285714285714,0.16666666666666666,0.5,0.1428571428571428,0.1428571428571428
1,subjective_randomness_run2_20260617_232938_p1,28,HHT,TTTTHHHH,1,0,,3,2,1,2,8,4,1,4,0.6666666666666666,0.5,0.5,0.33333333333333326,0.33333333333333326,0.5,0.14285714285714285,0.42857142857142855,0.0,0.0
1,subjective_randomness_run2_20260617_232938_p1,30,TTHHHHH,THHH,1,0,,7,5,1,5,4,3,1,3,0.7142857142857143,0.16666666666666666,0.6666666666666666,0.4285714285714286,0.1428571428571428,0.75,0.3333333333333333,0.6666666666666666,0.5,0.5
1,subjective_randomness_run2_20260617_232938_p1,32,HTHTH,TTHTHTTT,1,0,,5,3,4,1,8,2,4,3,0.6,1.0,0.0,0.19999999999999996,1.0,0.25,0.5714285714285714,0.2857142857142857,0.5,0.5
1,subjective_randomness_run2_20260617_232938_p1,34,HHTHHTHH,HTHTTHTH,1,0,,8,6,4,2,8,4,6,2,0.75,0.5714285714285714,0.14285714285714285,0.5,1.0,0.5,0.8571428571428571,0.14285714285714285,0.0,0.25
1,subjective_randomness_run2_20260617_232938_p1,36,HTHHHHHT,TTTTTTTT,1,0,,8,6,3,5,8,0,0,8,0.75,0.42857142857142855,0.5714285714285714,0.5,0.75,0.0,0.0,1.0,1.0,1.0
1,subjective_randomness_run2_20260617_232938_p1,38,THHTHTH,HHT,1,0,,7,4,5,2,3,2,1,2,0.5714285714285714,0.8333333333333334,0.16666666666666666,0.1428571428571428,0.4285714285714286,0.6666666666666666,0.5,0.5,0.33333333333333326,0.33333333333333326
1,subjective_randomness_run2_20260617_232938_p1,40,HHHTHTTH,THH,1,0,,8,5,4,3,3,2,1,2,0.625,0.5714285714285714,0.2857142857142857,0.25,0.25,0.6666666666666666,0.5,0.5,0.33333333333333326,0.0
1,subjective_randomness_run2_20260617_232938_p1,42,TTHTTTTH,HHH,1,0,,8,2,3,4,3,3,0,3,0.25,0.42857142857142855,0.42857142857142855,0.5,0.5,1.0,0.0,1.0,1.0,1.0
1,subjective_randomness_run2_20260617_232938_p1,44,TTTHTHTH,THT,1,0,,8,3,5,3,3,1,2,1,0.375,0.7142857142857143,0.2857142857142857,0.25,0.75,0.3333333333333333,1.0,0.0,0.33333333333333337,0.33333333333333326
1,subjective_randomness_run2_20260617_232938_p1,46,HTHTHHT,THTHTHT,1,0,,7,4,5,2,7,3,6,1,0.5714285714285714,0.8333333333333334,0.16666666666666666,0.1428571428571428,0.4285714285714286,0.42857142857142855,1.0,0.0,0.1428571428571429,1.0
1,subjective_randomness_run2_20260617_232938_p1,48,TTTHT,TTTHTHHH,1,0,,5,1,2,3,8,4,3,3,0.2,0.5,0.5,0.6,0.6000000000000001,0.5,0.42857142857142855,0.2857142857142857,0.0,0.5
1,subjective_randomness_run2_20260617_232938_p1,50,THTHTH,THTHHT,1,0,,6,3,5,1,6,3,4,2,0.5,1.0,0.0,0.0,1.0,0.5,0.8,0.2,0.0,0.6666666666666667
1,subjective_randomness_run2_20260617_232938_p1,52,HHHHTTTT,HHHHHHT,1,0,,8,4,1,4,7,6,1,6,0.5,0.14285714285714285,0.42857142857142855,0.0,0.0,0.8571428571428571,0.16666666666666666,0.8333333333333334,0.7142857142857142,0.7142857142857142
1,subjective_randomness_run2_20260617_232938_p1,54,HHTH,HHTTHTHT,1,0,,4,3,2,2,8,4,5,2,0.75,0.6666666666666666,0.3333333333333333,0.5,0.5,0.5,0.7142857142857143,0.14285714285714285,0.0,0.5
1,subjective_randomness_run2_20260617_232938_p1,56,HHHHHTH,HHHTTTT,1,0,,7,6,2,5,7,3,1,4,0.8571428571428571,0.3333333333333333,0.6666666666666666,0.7142857142857142,0.7142857142857142,0.42857142857142855,0.16666666666666666,0.5,0.1428571428571429,0.0
1,subjective_randomness_run2_20260617_232938_p1,58,THTHTHT,TTHTHTTH,1,0,,7,3,6,1,8,3,5,2,0.42857142857142855,1.0,0.0,0.1428571428571429,1.0,0.375,0.7142857142857143,0.14285714285714285,0.25,0.25
1,subjective_randomness_run2_20260617_232938_p1,60,HHTHHTTT,THH,1,0,,8,4,3,3,3,2,1,2,0.5,0.42857142857142855,0.2857142857142857,0.0,0.5,0.6666666666666666,0.5,0.5,0.33333333333333326,0.0
2,subjective_randomness_run2_20260617_232938_p2,2,HHTHHTTT,THH,1,0,,8,4,3,3,3,2,1,2,0.5,0.42857142857142855,0.2857142857142857,0.0,0.5,0.6666666666666666,0.5,0.5,0.33333333333333326,0.0
2,subjective_randomness_run2_20260617_232938_p2,4,TTTHTHTH,THT,1,0,,8,3,5,3,3,1,2,1,0.375,0.7142857142857143,0.2857142857142857,0.25,0.75,0.3333333333333333,1.0,0.0,0.33333333333333337,0.33333333333333326
2,subjective_randomness_run2_20260617_232938_p2,6,HHTHHTHH,HTHTTHTH,1,0,,8,6,4,2,8,4,6,2,0.75,0.5714285714285714,0.14285714285714285,0.5,1.0,0.5,0.8571428571428571,0.14285714285714285,0.0,0.25
2,subjective_randomness_run2_20260617_232938_p2,8,TTHTTTTH,HHH,1,0,,8,2,3,4,3,3,0,3,0.25,0.42857142857142855,0.42857142857142855,0.5,0.5,1.0,0.0,1.0,1.0,1.0
2,subjective_randomness_run2_20260617_232938_p2,10,THTHTH,THTHHT,1,0,,6,3,5,1,6,3,4,2,0.5,1.0,0.0,0.0,1.0,0.5,0.8,0.2,0.0,0.6666666666666667
2,subjective_randomness_run2_20260617_232938_p2,12,HHHHHHHH,TTTTTTH,1,0,,8,8,0,8,7,1,1,6,1.0,0.0,1.0,1.0,1.0,0.14285714285714285,0.16666666666666666,0.8333333333333334,0.7142857142857143,0.7142857142857142
2,subjective_randomness_run2_20260617_232938_p2,14,HTHHHHHT,TTTTTTTT,1,0,,8,6,3,5,8,0,0,8,0.75,0.42857142857142855,0.5714285714285714,0.5,0.75,0.0,0.0,1.0,1.0,1.0
2,subjective_randomness_run2_20260617_232938_p2,16,THHTTTT,HHHTTTT,1,0,,7,2,2,4,7,3,1,4,0.2857142857142857,0.3333333333333333,0.5,0.4285714285714286,0.4285714285714286,0.42857142857142855,0.16666666666666666,0.5,0.1428571428571429,0.0
2,subjective_randomness_run2_20260617_232938_p2,18,HTHTHHT,THTHTHT,1,0,,7,4,5,2,7,3,6,1,0.5714285714285714,0.8333333333333334,0.16666666666666666,0.1428571428571428,0.4285714285714286,0.42857142857142855,1.0,0.0,0.1428571428571429,1.0
2,subjective_randomness_run2_20260617_232938_p2,20,HHTH,HHTTHTHT,1,0,,4,3,2,2,8,4,5,2,0.75,0.6666666666666666,0.3333333333333333,0.5,0.5,0.5,0.7142857142857143,0.14285714285714285,0.0,0.5
2,subjective_randomness_run2_20260617_232938_p2,22,HHT,TTTTHHHH,1,0,,3,2,1,2,8,4,1,4,0.6666666666666666,0.5,0.5,0.33333333333333326,0.33333333333333326,0.5,0.14285714285714285,0.42857142857142855,0.0,0.0
2,subjective_randomness_run2_20260617_232938_p2,24,THTHTHT,TTHTHTTH,1,0,,7,3,6,1,8,3,5,2,0.42857142857142855,1.0,0.0,0.1428571428571429,1.0,0.375,0.7142857142857143,0.14285714285714285,0.25,0.25
2,subjective_randomness_run2_20260617_232938_p2,26,THTHHTHT,TTTH,1,0,,8,4,6,2,4,1,1,3,0.5,0.8571428571428571,0.14285714285714285,0.0,0.25,0.25,0.3333333333333333,0.6666666666666666,0.5,0.5
2,subjective_randomness_run2_20260617_232938_p2,28,TTHHHHH,THHH,1,0,,7,5,1,5,4,3,1,3,0.7142857142857143,0.16666666666666666,0.6666666666666666,0.4285714285714286,0.1428571428571428,0.75,0.3333333333333333,0.6666666666666666,0.5,0.5
2,subjective_randomness_run2_20260617_232938_p2,30,TTTHT,TTTHTHHH,1,0,,5,1,2,3,8,4,3,3,0.2,0.5,0.5,0.6,0.6000000000000001,0.5,0.42857142857142855,0.2857142857142857,0.0,0.5
2,subjective_randomness_run2_20260617_232938_p2,32,HHHHTTTT,HHHHHHT,1,0,,8,4,1,4,7,6,1,6,0.5,0.14285714285714285,0.42857142857142855,0.0,0.0,0.8571428571428571,0.16666666666666666,0.8333333333333334,0.7142857142857142,0.7142857142857142
2,subjective_randomness_run2_20260617_232938_p2,34,HHHHH,TTHHHHHH,1,0,,5,5,0,5,8,6,1,6,1.0,0.0,1.0,1.0,1.0,0.75,0.14285714285714285,0.7142857142857143,0.5,0.5
2,subjective_randomness_run2_20260617_232938_p2,36,HTT,THHHTTHH,1,0,,3,1,1,2,8,5,3,3,0.3333333333333333,0.5,0.5,0.33333333333333337,0.0,0.625,0.42857142857142855,0.2857142857142857,0.25,0.75
2,subjective_randomness_run2_20260617_232938_p2,38,THHTHTHT,HHTHH,1,0,,8,4,6,2,5,4,2,2,0.5,0.8571428571428571,0.14285714285714285,0.0,0.5,0.8,0.5,0.25,0.6000000000000001,0.6000000000000001
2,subjective_randomness_run2_20260617_232938_p2,40,HHTHHHTT,TTTTHT,1,0,,8,5,3,3,6,1,2,4,0.625,0.42857142857142855,0.2857142857142857,0.25,0.75,0.16666666666666666,0.4,0.6,0.6666666666666667,0.6666666666666667
2,subjective_randomness_run2_20260617_232938_p2,42,TTTTTHHH,THTTT,1,0,,8,3,1,5,5,1,2,3,0.375,0.14285714285714285,0.5714285714285714,0.25,0.25,0.2,0.5,0.5,0.6,0.6000000000000001
2,subjective_randomness_run2_20260617_232938_p2,44,HTHHH,HTTHTHT,1,0,,5,4,2,3,7,3,5,2,0.8,0.5,0.5,0.6000000000000001,0.6000000000000001,0.42857142857142855,0.8333333333333334,0.16666666666666666,0.1428571428571429,0.4285714285714286
2,subjective_randomness_run2_20260617_232938_p2,46,THTTT,THHTHTH,1,0,,5,1,2,3,7,4,5,2,0.2,0.5,0.5,0.6,0.6000000000000001,0.5714285714285714,0.8333333333333334,0.16666666666666666,0.1428571428571428,0.4285714285714286
2,subjective_randomness_run2_20260617_232938_p2,48,HHHTHTTH,THH,1,0,,8,5,4,3,3,2,1,2,0.625,0.5714285714285714,0.2857142857142857,0.25,0.25,0.6666666666666666,0.5,0.5,0.33333333333333326,0.0
2,subjective_randomness_run2_20260617_232938_p2,50,HTHTTTHT,THTHTHTH,1,0,,8,3,5,3,8,4,7,1,0.375,0.7142857142857143,0.2857142857142857,0.25,0.75,0.5,1.0,0.0,0.0,1.0
2,subjective_randomness_run2_20260617_232938_p2,52,THHTHTH,HHT,1,0,,7,4,5,2,3,2,1,2,0.5714285714285714,0.8333333333333334,0.16666666666666666,0.1428571428571428,0.4285714285714286,0.6666666666666666,0.5,0.5,0.33333333333333326,0.33333333333333326
2,subjective_randomness_run2_20260617_232938_p2,54,TTTTT,HHHHTTT,1,0,,5,0,0,5,7,4,1,4,0.0,0.0,1.0,1.0,1.0,0.5714285714285714,0.16666666666666666,0.5,0.1428571428571428,0.1428571428571428
2,subjective_randomness_run2_20260617_232938_p2,56,HHHHHTH,HHHTTTT,1,0,,7,6,2,5,7,3,1,4,0.8571428571428571,0.3333333333333333,0.6666666666666666,0.7142857142857142,0.7142857142857142,0.42857142857142855,0.16666666666666666,0.5,0.1428571428571429,0.0
2,subjective_randomness_run2_20260617_232938_p2,58,TTHT,HTHHTHT,1,0,,4,1,2,2,7,4,5,2,0.25,0.6666666666666666,0.3333333333333333,0.5,0.5,0.5714285714285714,0.8333333333333334,0.16666666666666666,0.1428571428571428,0.7142857142857142
2,subjective_randomness_run2_20260617_232938_p2,60,HTHTH,TTHTHTTT,1,0,,5,3,4,1,8,2,4,3,0.6,1.0,0.0,0.19999999999999996,1.0,0.25,0.5714285714285714,0.2857142857142857,0.5,0.5
3,subjective_randomness_run2_20260617_232938_p3,2,HHHTHTTH,THH,1,0,,8,5,4,3,3,2,1,2,0.625,0.5714285714285714,0.2857142857142857,0.25,0.25,0.6666666666666666,0.5,0.5,0.33333333333333326,0.0
3,subjective_randomness_run2_20260617_232938_p3,4,TTHT,HTHHTHT,1,0,,4,1,2,2,7,4,5,2,0.25,0.6666666666666666,0.3333333333333333,0.5,0.5,0.5714285714285714,0.8333333333333334,0.16666666666666666,0.1428571428571428,0.7142857142857142
3,subjective_randomness_run2_20260617_232938_p3,6,THTTT,THHTHTH,1,0,,5,1,2,3,7,4,5,2,0.2,0.5,0.5,0.6,0.6000000000000001,0.5714285714285714,0.8333333333333334,0.16666666666666666,0.1428571428571428,0.4285714285714286
3,subjective_randomness_run2_20260617_232938_p3,8,TTHTTTTH,HHH,1,0,,8,2,3,4,3,3,0,3,0.25,0.42857142857142855,0.42857142857142855,0.5,0.5,1.0,0.0,1.0,1.0,1.0
3,subjective_randomness_run2_20260617_232938_p3,10,HTHTHHT,THTHTHT,1,0,,7,4,5,2,7,3,6,1,0.5714285714285714,0.8333333333333334,0.16666666666666666,0.1428571428571428,0.4285714285714286,0.42857142857142855,1.0,0.0,0.1428571428571429,1.0
3,subjective_randomness_run2_20260617_232938_p3,12,HTT,THHHTTHH,1,0,,3,1,1,2,8,5,3,3,0.3333333333333333,0.5,0.5,0.33333333333333337,0.0,0.625,0.42857142857142855,0.2857142857142857,0.25,0.75
3,subjective_randomness_run2_20260617_232938_p3,14,THHTHTH,HHT,1,0,,7,4,5,2,3,2,1,2,0.5714285714285714,0.8333333333333334,0.16666666666666666,0.1428571428571428,0.4285714285714286,0.6666666666666666,0.5,0.5,0.33333333333333326,0.33333333333333326
3,subjective_randomness_run2_20260617_232938_p3,16,THHTTTT,HHHTTTT,1,0,,7,2,2,4,7,3,1,4,0.2857142857142857,0.3333333333333333,0.5,0.4285714285714286,0.4285714285714286,0.42857142857142855,0.16666666666666666,0.5,0.1428571428571429,0.0
3,subjective_randomness_run2_20260617_232938_p3,18,TTTHTHTH,THT,1,0,,8,3,5,3,3,1,2,1,0.375,0.7142857142857143,0.2857142857142857,0.25,0.75,0.3333333333333333,1.0,0.0,0.33333333333333337,0.33333333333333326
3,subjective_randomness_run2_20260617_232938_p3,20,TTHHHHH,THHH,1,0,,7,5,1,5,4,3,1,3,0.7142857142857143,0.16666666666666666,0.6666666666666666,0.4285714285714286,0.1428571428571428,0.75,0.3333333333333333,0.6666666666666666,0.5,0.5
3,subjective_randomness_run2_20260617_232938_p3,22,HHHHH,TTHHHHHH,1,0,,5,5,0,5,8,6,1,6,1.0,0.0,1.0,1.0,1.0,0.75,0.14285714285714285,0.7142857142857143,0.5,0.5
3,subjective_randomness_run2_20260617_232938_p3,24,THTHTH,THTHHT,1,0,,6,3,5,1,6,3,4,2,0.5,1.0,0.0,0.0,1.0,0.5,0.8,0.2,0.0,0.6666666666666667
3,subjective_randomness_run2_20260617_232938_p3,26,HHTHHTHH,HTHTTHTH,1,0,,8,6,4,2,8,4,6,2,0.75,0.5714285714285714,0.14285714285714285,0.5,1.0,0.5,0.8571428571428571,0.14285714285714285,0.0,0.25
3,subjective_randomness_run2_20260617_232938_p3,28,TTTTT,HHHHTTT,1,0,,5,0,0,5,7,4,1,4,0.0,0.0,1.0,1.0,1.0,0.5714285714285714,0.16666666666666666,0.5,0.1428571428571428,0.1428571428571428
3,subjective_randomness_run2_20260617_232938_p3,30,TTTTTHHH,THTTT,1,0,,8,3,1,5,5,1,2,3,0.375,0.14285714285714285,0.5714285714285714,0.25,0.25,0.2,0.5,0.5,0.6,0.6000000000000001
3,subjective_randomness_run2_20260617_232938_p3,32,HHHHHTH,HHHTTTT,1,0,,7,6,2,5,7,3,1,4,0.8571428571428571,0.3333333333333333,0.6666666666666666,0.7142857142857142,0.7142857142857142,0.42857142857142855,0.16666666666666666,0.5,0.1428571428571429,0.0
3,subjective_randomness_run2_20260617_232938_p3,34,TTTHT,TTTHTHHH,1,0,,5,1,2,3,8,4,3,3,0.2,0.5,0.5,0.6,0.6000000000000001,0.5,0.42857142857142855,0.2857142857142857,0.0,0.5
3,subjective_randomness_run2_20260617_232938_p3,36,HHTH,HHTTHTHT,1,0,,4,3,2,2,8,4,5,2,0.75,0.6666666666666666,0.3333333333333333,0.5,0.5,0.5,0.7142857142857143,0.14285714285714285,0.0,0.5
3,subjective_randomness_run2_20260617_232938_p3,38,THTHHTHT,TTTH,1,0,,8,4,6,2,4,1,1,3,0.5,0.8571428571428571,0.14285714285714285,0.0,0.25,0.25,0.3333333333333333,0.6666666666666666,0.5,0.5
3,subjective_randomness_run2_20260617_232938_p3,40,HTHHHHHT,TTTTTTTT,1,0,,8,6,3,5,8,0,0,8,0.75,0.42857142857142855,0.5714285714285714,0.5,0.75,0.0,0.0,1.0,1.0,1.0
3,subjective_randomness_run2_20260617_232938_p3,42,HHHHHHHH,TTTTTTH,1,0,,8,8,0,8,7,1,1,6,1.0,0.0,1.0,1.0,1.0,0.14285714285714285,0.16666666666666666,0.8333333333333334,0.7142857142857143,0.7142857142857142
3,subjective_randomness_run2_20260617_232938_p3,44,HTHTH,TTHTHTTT,1,0,,5,3,4,1,8,2,4,3,0.6,1.0,0.0,0.19999999999999996,1.0,0.25,0.5714285714285714,0.2857142857142857,0.5,0.5
3,subjective_randomness_run2_20260617_232938_p3,46,HHT,TTTTHHHH,1,0,,3,2,1,2,8,4,1,4,0.6666666666666666,0.5,0.5,0.33333333333333326,0.33333333333333326,0.5,0.14285714285714285,0.42857142857142855,0.0,0.0
3,subjective_randomness_run2_20260617_232938_p3,48,THTHTHT,TTHTHTTH,1,0,,7,3,6,1,8,3,5,2,0.42857142857142855,1.0,0.0,0.1428571428571429,1.0,0.375,0.7142857142857143,0.14285714285714285,0.25,0.25
3,subjective_randomness_run2_20260617_232938_p3,50,HHTHHTTT,THH,1,0,,8,4,3,3,3,2,1,2,0.5,0.42857142857142855,0.2857142857142857,0.0,0.5,0.6666666666666666,0.5,0.5,0.33333333333333326,0.0
3,subjective_randomness_run2_20260617_232938_p3,52,HTHTTTHT,THTHTHTH,1,0,,8,3,5,3,8,4,7,1,0.375,0.7142857142857143,0.2857142857142857,0.25,0.75,0.5,1.0,0.0,0.0,1.0
3,subjective_randomness_run2_20260617_232938_p3,54,HTHHH,HTTHTHT,1,0,,5,4,2,3,7,3,5,2,0.8,0.5,0.5,0.6000000000000001,0.6000000000000001,0.42857142857142855,0.8333333333333334,0.16666666666666666,0.1428571428571429,0.4285714285714286
3,subjective_randomness_run2_20260617_232938_p3,56,HHHHTTTT,HHHHHHT,1,0,,8,4,1,4,7,6,1,6,0.5,0.14285714285714285,0.42857142857142855,0.0,0.0,0.8571428571428571,0.16666666666666666,0.8333333333333334,0.7142857142857142,0.7142857142857142
3,subjective_randomness_run2_20260617_232938_p3,58,THHTHTHT,HHTHH,1,0,,8,4,6,2,5,4,2,2,0.5,0.8571428571428571,0.14285714285714285,0.0,0.5,0.8,0.5,0.25,0.6000000000000001,0.6000000000000001
3,subjective_randomness_run2_20260617_232938_p3,60,HHTHHHTT,TTTTHT,1,0,,8,5,3,3,6,1,2,4,0.625,0.42857142857142855,0.2857142857142857,0.25,0.75,0.16666666666666666,0.4,0.6,0.6666666666666667,0.6666666666666667
4,subjective_randomness_run2_20260617_232938_p4,2,THHTTTT,HHHTTTT,1,0,,7,2,2,4,7,3,1,4,0.2857142857142857,0.3333333333333333,0.5,0.4285714285714286,0.4285714285714286,0.42857142857142855,0.16666666666666666,0.5,0.1428571428571429,0.0
4,subjective_randomness_run2_20260617_232938_p4,4,TTTHT,TTTHTHHH,1,0,,5,1,2,3,8,4,3,3,0.2,0.5,0.5,0.6,0.6000000000000001,0.5,0.42857142857142855,0.2857142857142857,0.0,0.5
4,subjective_randomness_run2_20260617_232938_p4,6,HHTHHTHH,HTHTTHTH,1,0,,8,6,4,2,8,4,6,2,0.75,0.5714285714285714,0.14285714285714285,0.5,1.0,0.5,0.8571428571428571,0.14285714285714285,0.0,0.25
4,subjective_randomness_run2_20260617_232938_p4,8,TTTTTHHH,THTTT,1,0,,8,3,1,5,5,1,2,3,0.375,0.14285714285714285,0.5714285714285714,0.25,0.25,0.2,0.5,0.5,0.6,0.6000000000000001
4,subjective_randomness_run2_20260617_232938_p4,10,HHHHHTH,HHHTTTT,1,0,,7,6,2,5,7,3,1,4,0.8571428571428571,0.3333333333333333,0.6666666666666666,0.7142857142857142,0.7142857142857142,0.42857142857142855,0.16666666666666666,0.5,0.1428571428571429,0.0
4,subjective_randomness_run2_20260617_232938_p4,12,HTHTHHT,THTHTHT,1,0,,7,4,5,2,7,3,6,1,0.5714285714285714,0.8333333333333334,0.16666666666666666,0.1428571428571428,0.4285714285714286,0.42857142857142855,1.0,0.0,0.1428571428571429,1.0
4,subjective_randomness_run2_20260617_232938_p4,14,THTHTH,THTHHT,1,0,,6,3,5,1,6,3,4,2,0.5,1.0,0.0,0.0,1.0,0.5,0.8,0.2,0.0,0.6666666666666667
4,subjective_randomness_run2_20260617_232938_p4,16,TTTTT,HHHHTTT,1,0,,5,0,0,5,7,4,1,4,0.0,0.0,1.0,1.0,1.0,0.5714285714285714,0.16666666666666666,0.5,0.1428571428571428,0.1428571428571428
4,subjective_randomness_run2_20260617_232938_p4,18,HHTHHHTT,TTTTHT,1,0,,8,5,3,3,6,1,2,4,0.625,0.42857142857142855,0.2857142857142857,0.25,0.75,0.16666666666666666,0.4,0.6,0.6666666666666667,0.6666666666666667
4,subjective_randomness_run2_20260617_232938_p4,20,THHTHTH,HHT,1,0,,7,4,5,2,3,2,1,2,0.5714285714285714,0.8333333333333334,0.16666666666666666,0.1428571428571428,0.4285714285714286,0.6666666666666666,0.5,0.5,0.33333333333333326,0.33333333333333326
4,subjective_randomness_run2_20260617_232938_p4,22,HHT,TTTTHHHH,1,0,,3,2,1,2,8,4,1,4,0.6666666666666666,0.5,0.5,0.33333333333333326,0.33333333333333326,0.5,0.14285714285714285,0.42857142857142855,0.0,0.0
4,subjective_randomness_run2_20260617_232938_p4,24,HHHHTTTT,HHHHHHT,1,0,,8,4,1,4,7,6,1,6,0.5,0.14285714285714285,0.42857142857142855,0.0,0.0,0.8571428571428571,0.16666666666666666,0.8333333333333334,0.7142857142857142,0.7142857142857142
4,subjective_randomness_run2_20260617_232938_p4,26,HTHTH,TTHTHTTT,1,0,,5,3,4,1,8,2,4,3,0.6,1.0,0.0,0.19999999999999996,1.0,0.25,0.5714285714285714,0.2857142857142857,0.5,0.5
4,subjective_randomness_run2_20260617_232938_p4,28,HHTH,HHTTHTHT,1,0,,4,3,2,2,8,4,5,2,0.75,0.6666666666666666,0.3333333333333333,0.5,0.5,0.5,0.7142857142857143,0.14285714285714285,0.0,0.5
4,subjective_randomness_run2_20260617_232938_p4,30,HHHHHHHH,TTTTTTH,1,0,,8,8,0,8,7,1,1,6,1.0,0.0,1.0,1.0,1.0,0.14285714285714285,0.16666666666666666,0.8333333333333334,0.7142857142857143,0.7142857142857142
4,subjective_randomness_run2_20260617_232938_p4,32,TTHTTTTH,HHH,1,0,,8,2,3,4,3,3,0,3,0.25,0.42857142857142855,0.42857142857142855,0.5,0.5,1.0,0.0,1.0,1.0,1.0
4,subjective_randomness_run2_20260617_232938_p4,34,THTHTHT,TTHTHTTH,1,0,,7,3,6,1,8,3,5,2,0.42857142857142855,1.0,0.0,0.1428571428571429,1.0,0.375,0.7142857142857143,0.14285714285714285,0.25,0.25
4,subjective_randomness_run2_20260617_232938_p4,36,TTTHTHTH,THT,1,0,,8,3,5,3,3,1,2,1,0.375,0.7142857142857143,0.2857142857142857,0.25,0.75,0.3333333333333333,1.0,0.0,0.33333333333333337,0.33333333333333326
4,subjective_randomness_run2_20260617_232938_p4,38,HTT,THHHTTHH,1,0,,3,1,1,2,8,5,3,3,0.3333333333333333,0.5,0.5,0.33333333333333337,0.0,0.625,0.42857142857142855,0.2857142857142857,0.25,0.75
4,subjective_randomness_run2_20260617_232938_p4,40,HTHTTTHT,THTHTHTH,1,0,,8,3,5,3,8,4,7,1,0.375,0.7142857142857143,0.2857142857142857,0.25,0.75,0.5,1.0,0.0,0.0,1.0
4,subjective_randomness_run2_20260617_232938_p4,42,HTHHH,HTTHTHT,1,0,,5,4,2,3,7,3,5,2,0.8,0.5,0.5,0.6000000000000001,0.6000000000000001,0.42857142857142855,0.8333333333333334,0.16666666666666666,0.1428571428571429,0.4285714285714286
4,subjective_randomness_run2_20260617_232938_p4,44,HHHTHTTH,THH,1,0,,8,5,4,3,3,2,1,2,0.625,0.5714285714285714,0.2857142857142857,0.25,0.25,0.6666666666666666,0.5,0.5,0.33333333333333326,0.0
4,subjective_randomness_run2_20260617_232938_p4,46,HTHHHHHT,TTTTTTTT,1,0,,8,6,3,5,8,0,0,8,0.75,0.42857142857142855,0.5714285714285714,0.5,0.75,0.0,0.0,1.0,1.0,1.0
4,subjective_randomness_run2_20260617_232938_p4,48,THHTHTHT,HHTHH,1,0,,8,4,6,2,5,4,2,2,0.5,0.8571428571428571,0.14285714285714285,0.0,0.5,0.8,0.5,0.25,0.6000000000000001,0.6000000000000001
4,subjective_randomness_run2_20260617_232938_p4,50,HHHHH,TTHHHHHH,1,0,,5,5,0,5,8,6,1,6,1.0,0.0,1.0,1.0,1.0,0.75,0.14285714285714285,0.7142857142857143,0.5,0.5
4,subjective_randomness_run2_20260617_232938_p4,52,TTHT,HTHHTHT,1,0,,4,1,2,2,7,4,5,2,0.25,0.6666666666666666,0.3333333333333333,0.5,0.5,0.5714285714285714,0.8333333333333334,0.16666666666666666,0.1428571428571428,0.7142857142857142
4,subjective_randomness_run2_20260617_232938_p4,54,HHTHHTTT,THH,1,0,,8,4,3,3,3,2,1,2,0.5,0.42857142857142855,0.2857142857142857,0.0,0.5,0.6666666666666666,0.5,0.5,0.33333333333333326,0.0
4,subjective_randomness_run2_20260617_232938_p4,56,THTTT,THHTHTH,1,0,,5,1,2,3,7,4,5,2,0.2,0.5,0.5,0.6,0.6000000000000001,0.5714285714285714,0.8333333333333334,0.16666666666666666,0.1428571428571428,0.4285714285714286
4,subjective_randomness_run2_20260617_232938_p4,58,THTHHTHT,TTTH,1,0,,8,4,6,2,4,1,1,3,0.5,0.8571428571428571,0.14285714285714285,0.0,0.25,0.25,0.3333333333333333,0.6666666666666666,0.5,0.5
4,subjective_randomness_run2_20260617_232938_p4,60,TTHHHHH,THHH,1,0,,7,5,1,5,4,3,1,3,0.7142857142857143,0.16666666666666666,0.6666666666666666,0.4285714285714286,0.1428571428571428,0.75,0.3333333333333333,0.6666666666666666,0.5,0.5
