participant_id,trial_index,sequence_a,sequence_b,chose_left,chose_right,model
78,1,HHHTTHTT,TTHHTTHH,1,0,
78,2,HTHTH,TTHTH,0,1,
78,3,HHTTHHTH,HTTHTTHH,1,0,
78,4,HTTTHTTT,HHHTTTHH,0,1,
78,5,HTHHTHTH,HTHTHTHT,1,0,
78,6,HHTTHHTT,HTTTTHHH,0,1,
78,7,HTHTHTHT,HTHTTHTH,0,1,
78,8,HTTTHTTT,THTTHTHT,0,1,
78,9,TTHHTTHT,HHTTHTTH,0,1,
78,10,HHTT,HTTH,0,1,
78,11,TTHTH,THTHT,1,0,
78,12,TTHHTTTH,HTTTHTTT,1,0,
78,13,HTHTHTHT,THTHHTHT,0,1,
78,14,HHTTHTTT,HTHTHHTH,0,1,
78,15,HHTTHTTT,HHTTHHTT,1,0,
78,16,HTTTH,THHTH,0,1,
78,17,THTHTHTH,HTHTTHTH,0,1,
78,18,THHT,HHTT,1,0,
78,19,HTHTH,HTHTT,0,1,
78,20,THTHTHHT,HHTTHHTT,1,0,
78,21,HHHTTTHH,THHHTHHH,1,0,
78,22,THTHTHTH,HTHHTHTH,0,1,
78,23,HT,TT,0,1,
78,24,HTHTHTTH,HHTTHHTT,1,0,
78,25,THTTH,HTTTH,1,0,
78,26,HTTTHHTT,HTTTHTTT,1,0,
78,27,HTHTHTHT,HHTTHHTT,1,0,
78,28,THHT,TTHH,1,0,
78,29,HHTTHTTT,HTHHTHTH,0,1,
78,30,THTHHTHT,HTHTTTTH,1,0,
78,31,HTHTHTHT,HTHTHHTH,0,1,
78,32,HHHHHTH,HHHTHHH,1,0,
78,33,THHHHHHT,TTTTHHHH,1,0,
78,34,TH,TT,0,1,
78,35,HTTTTTTH,TTTTHHHH,1,0,
78,36,HTTHTHTH,HHTTHHTT,0,1,
78,37,HTTH,TTHH,1,0,
78,38,HTTTHHTT,THHHTHHH,1,0,
78,39,HHHHTTTT,HHHHTHHH,0,1,
78,40,HHHHTTTT,HTHHHHTH,0,1,
78,41,HTTH,TTHT,0,1,
78,42,THTHHTHT,THTHTHTH,1,0,
78,43,HTHTTTHH,HTHTHHTH,1,0,
78,44,HHTHH,HHTHT,0,1,
78,45,HTTTTTTH,HHHTTHHH,0,1,
78,46,TTHTTHHH,HHTHTHTH,1,0,
78,47,HHTTHHTT,THHTHTHT,0,1,
78,48,HHHHTTTT,THTTTTHT,0,1,
78,49,HHTHHTHH,HHHTTTTH,0,1,
78,50,THHHHHTH,HHHTHHHH,1,0,
78,51,HTHTHTHT,HHTHTHTH,0,1,
78,52,HT,HH,0,1,
78,53,HTHTHTHT,HHTHHTHH,0,1,
78,54,THHT,TTHT,0,1,
78,55,HTHHHHTH,TTTTHHHH,1,0,
78,56,HHHT,HTHH,0,1,
78,57,HTHTH,THTHH,0,1,
78,58,THTHTHHT,TTHHTTHH,1,0,
78,59,TTTHHHHT,HTHHHHHH,1,0,
78,60,TTTHTTTT,HHTTHHTT,1,0,
78,61,HTTTTTTH,HHHHTTTT,1,0,
78,62,HTHTHTHT,HTHHHHTH,0,1,
78,63,TTTTHHHH,HHHHTHHH,0,1,
78,64,HHTHTTTT,HHHTHHHT,1,0,
79,1,TTHHTTHH,HHHTTHTT,0,1,
79,2,HTHTH,TTHTH,0,1,
79,3,HHTTHHTH,HTTHTTHH,0,1,
79,4,HHHTTTHH,HTTTHTTT,1,0,
79,5,HTHTHTHT,HTHHTHTH,0,1,
79,6,HTTTTHHH,HHTTHHTT,1,0,
79,7,HTHTHTHT,HTHTTHTH,0,1,
79,8,HTTTHTTT,THTTHTHT,0,1,
79,9,TTHHTTHT,HHTTHTTH,1,0,
79,10,HTTH,HHTT,1,0,
79,11,TTHTH,THTHT,1,0,
79,12,HTTTHTTT,TTHHTTTH,0,1,
79,13,THTHHTHT,HTHTHTHT,1,0,
79,14,HTHTHHTH,HHTTHTTT,1,0,
79,15,HHTTHHTT,HHTTHTTT,0,1,
79,16,THHTH,HTTTH,1,0,
79,17,HTHTTHTH,THTHTHTH,1,0,
79,18,THHT,HHTT,1,0,
79,19,HTHTH,HTHTT,0,1,
79,20,HHTTHHTT,THTHTHHT,0,1,
79,21,THHHTHHH,HHHTTTHH,0,1,
79,22,THTHTHTH,HTHHTHTH,0,1,
79,23,HT,TT,1,0,
79,24,HTHTHTTH,HHTTHHTT,1,0,
79,25,HTTTH,THTTH,0,1,
79,26,HTTTHHTT,HTTTHTTT,1,0,
79,27,HHTTHHTT,HTHTHTHT,1,0,
79,28,TTHH,THHT,0,1,
79,29,HHTTHTTT,HTHHTHTH,0,1,
79,30,THTHHTHT,HTHTTTTH,1,0,
79,31,HTHTHHTH,HTHTHTHT,1,0,
79,32,HHHHHTH,HHHTHHH,0,1,
79,33,THHHHHHT,TTTTHHHH,1,0,
79,34,TH,TT,1,0,
79,35,TTTTHHHH,HTTTTTTH,1,0,
79,36,HHTTHHTT,HTTHTHTH,0,1,
79,37,HTTH,TTHH,1,0,
79,38,HTTTHHTT,THHHTHHH,1,0,
79,39,HHHHTTTT,HHHHTHHH,1,0,
79,40,HHHHTTTT,HTHHHHTH,0,1,
79,41,TTHT,HTTH,0,1,
79,42,THTHTHTH,THTHHTHT,0,1,
79,43,HTHTTTHH,HTHTHHTH,1,0,
79,44,HHTHT,HHTHH,1,0,
79,45,HHHTTHHH,HTTTTTTH,1,0,
79,46,TTHTTHHH,HHTHTHTH,1,0,
79,47,THHTHTHT,HHTTHHTT,1,0,
79,48,THTTTTHT,HHHHTTTT,1,0,
79,49,HHHTTTTH,HHTHHTHH,1,0,
79,50,HHHTHHHH,THHHHHTH,0,1,
79,51,HTHTHTHT,HHTHTHTH,0,1,
79,52,HT,HH,1,0,
79,53,HHTHHTHH,HTHTHTHT,1,0,
79,54,THHT,TTHT,1,0,
79,55,TTTTHHHH,HTHHHHTH,0,1,
79,56,HHHT,HTHH,0,1,
79,57,THTHH,HTHTH,1,0,
79,58,THTHTHHT,TTHHTTHH,1,0,
79,59,HTHHHHHH,TTTHHHHT,0,1,
79,60,TTTHTTTT,HHTTHHTT,1,0,
79,61,HHHHTTTT,HTTTTTTH,0,1,
79,62,HTHHHHTH,HTHTHTHT,1,0,
79,63,HHHHTHHH,TTTTHHHH,1,0,
79,64,HHHTHHHT,HHTHTTTT,0,1,
80,1,TTHHTTHH,HHHTTHTT,0,1,
80,2,HTHTH,TTHTH,0,1,
80,3,HHTTHHTH,HTTHTTHH,1,0,
80,4,HHHTTTHH,HTTTHTTT,1,0,
80,5,HTHTHTHT,HTHHTHTH,0,1,
80,6,HHTTHHTT,HTTTTHHH,0,1,
80,7,HTHTHTHT,HTHTTHTH,0,1,
80,8,HTTTHTTT,THTTHTHT,0,1,
80,9,HHTTHTTH,TTHHTTHT,1,0,
80,10,HTTH,HHTT,1,0,
80,11,THTHT,TTHTH,0,1,
80,12,HTTTHTTT,TTHHTTTH,0,1,
80,13,HTHTHTHT,THTHHTHT,0,1,
80,14,HHTTHTTT,HTHTHHTH,0,1,
80,15,HHTTHHTT,HHTTHTTT,0,1,
80,16,HTTTH,THHTH,0,1,
80,17,THTHTHTH,HTHTTHTH,0,1,
80,18,HHTT,THHT,0,1,
80,19,HTHTT,HTHTH,1,0,
80,20,THTHTHHT,HHTTHHTT,1,0,
80,21,HHHTTTHH,THHHTHHH,1,0,
80,22,THTHTHTH,HTHHTHTH,0,1,
80,23,HT,TT,1,0,
80,24,HTHTHTTH,HHTTHHTT,1,0,
80,25,THTTH,HTTTH,1,0,
80,26,HTTTHTTT,HTTTHHTT,0,1,
80,27,HTHTHTHT,HHTTHHTT,0,1,
80,28,THHT,TTHH,1,0,
80,29,HHTTHTTT,HTHHTHTH,1,0,
80,30,HTHTTTTH,THTHHTHT,1,0,
80,31,HTHTHHTH,HTHTHTHT,1,0,
80,32,HHHHHTH,HHHTHHH,1,0,
80,33,TTTTHHHH,THHHHHHT,0,1,
80,34,TT,TH,0,1,
80,35,HTTTTTTH,TTTTHHHH,1,0,
80,36,HHTTHHTT,HTTHTHTH,0,1,
80,37,TTHH,HTTH,0,1,
80,38,THHHTHHH,HTTTHHTT,0,1,
80,39,HHHHTTTT,HHHHTHHH,0,1,
80,40,HTHHHHTH,HHHHTTTT,1,0,
80,41,TTHT,HTTH,1,0,
80,42,THTHTHTH,THTHHTHT,0,1,
80,43,HTHTTTHH,HTHTHHTH,1,0,
80,44,HHTHT,HHTHH,1,0,
80,45,HTTTTTTH,HHHTTHHH,0,1,
80,46,TTHTTHHH,HHTHTHTH,1,0,
80,47,HHTTHHTT,THHTHTHT,0,1,
80,48,HHHHTTTT,THTTTTHT,0,1,
80,49,HHHTTTTH,HHTHHTHH,1,0,
80,50,THHHHHTH,HHHTHHHH,1,0,
80,51,HTHTHTHT,HHTHTHTH,0,1,
80,52,HT,HH,1,0,
80,53,HTHTHTHT,HHTHHTHH,0,1,
80,54,TTHT,THHT,1,0,
80,55,TTTTHHHH,HTHHHHTH,0,1,
80,56,HTHH,HHHT,1,0,
80,57,HTHTH,THTHH,0,1,
80,58,TTHHTTHH,THTHTHHT,0,1,
80,59,TTTHHHHT,HTHHHHHH,0,1,
80,60,HHTTHHTT,TTTHTTTT,1,0,
80,61,HTTTTTTH,HHHHTTTT,1,0,
80,62,HTHTHTHT,HTHHHHTH,0,1,
80,63,TTTTHHHH,HHHHTHHH,0,1,
80,64,HHTHTTTT,HHHTHHHT,1,0,
81,1,TTHHTTHH,HHHTTHTT,0,1,
81,2,HTHTH,TTHTH,0,1,
81,3,HTTHTTHH,HHTTHHTH,0,1,
81,4,HHHTTTHH,HTTTHTTT,0,1,
81,5,HTHTHTHT,HTHHTHTH,0,1,
81,6,HHTTHHTT,HTTTTHHH,0,1,
81,7,HTHTTHTH,HTHTHTHT,1,0,
81,8,HTTTHTTT,THTTHTHT,0,1,
81,9,TTHHTTHT,HHTTHTTH,1,0,
81,10,HTTH,HHTT,0,1,
81,11,TTHTH,THTHT,1,0,
81,12,TTHHTTTH,HTTTHTTT,0,1,
81,13,HTHTHTHT,THTHHTHT,0,1,
81,14,HHTTHTTT,HTHTHHTH,1,0,
81,15,HHTTHTTT,HHTTHHTT,0,1,
81,16,THHTH,HTTTH,0,1,
81,17,THTHTHTH,HTHTTHTH,0,1,
81,18,THHT,HHTT,1,0,
81,19,HTHTH,HTHTT,1,0,
81,20,THTHTHHT,HHTTHHTT,1,0,
81,21,THHHTHHH,HHHTTTHH,1,0,
81,22,HTHHTHTH,THTHTHTH,0,1,
81,23,HT,TT,0,1,
81,24,HHTTHHTT,HTHTHTTH,0,1,
81,25,THTTH,HTTTH,0,1,
81,26,HTTTHTTT,HTTTHHTT,0,1,
81,27,HHTTHHTT,HTHTHTHT,0,1,
81,28,TTHH,THHT,0,1,
81,29,HTHHTHTH,HHTTHTTT,1,0,
81,30,HTHTTTTH,THTHHTHT,1,0,
81,31,HTHTHHTH,HTHTHTHT,1,0,
81,32,HHHTHHH,HHHHHTH,0,1,
81,33,TTTTHHHH,THHHHHHT,0,1,
81,34,TT,TH,0,1,
81,35,TTTTHHHH,HTTTTTTH,1,0,
81,36,HTTHTHTH,HHTTHHTT,1,0,
81,37,HTTH,TTHH,1,0,
81,38,THHHTHHH,HTTTHHTT,0,1,
81,39,HHHHTTTT,HHHHTHHH,0,1,
81,40,HHHHTTTT,HTHHHHTH,1,0,
81,41,HTTH,TTHT,0,1,
81,42,THTHTHTH,THTHHTHT,0,1,
81,43,HTHTHHTH,HTHTTTHH,1,0,
81,44,HHTHT,HHTHH,1,0,
81,45,HHHTTHHH,HTTTTTTH,0,1,
81,46,TTHTTHHH,HHTHTHTH,1,0,
81,47,THHTHTHT,HHTTHHTT,1,0,
81,48,THTTTTHT,HHHHTTTT,0,1,
81,49,HHHTTTTH,HHTHHTHH,1,0,
81,50,THHHHHTH,HHHTHHHH,0,1,
81,51,HHTHTHTH,HTHTHTHT,1,0,
81,52,HT,HH,0,1,
81,53,HHTHHTHH,HTHTHTHT,1,0,
81,54,THHT,TTHT,1,0,
81,55,TTTTHHHH,HTHHHHTH,1,0,
81,56,HHHT,HTHH,0,1,
81,57,HTHTH,THTHH,0,1,
81,58,THTHTHHT,TTHHTTHH,1,0,
81,59,TTTHHHHT,HTHHHHHH,1,0,
81,60,TTTHTTTT,HHTTHHTT,0,1,
81,61,HHHHTTTT,HTTTTTTH,1,0,
81,62,HTHHHHTH,HTHTHTHT,1,0,
81,63,HHHHTHHH,TTTTHHHH,1,0,
81,64,HHTHTTTT,HHHTHHHT,0,1,
82,1,TTHHTTHH,HHHTTHTT,0,1,
82,2,HTHTH,TTHTH,0,1,
82,3,HTTHTTHH,HHTTHHTH,0,1,
82,4,HTTTHTTT,HHHTTTHH,0,1,
82,5,HTHTHTHT,HTHHTHTH,0,1,
82,6,HHTTHHTT,HTTTTHHH,0,1,
82,7,HTHTHTHT,HTHTTHTH,0,1,
82,8,THTTHTHT,HTTTHTTT,1,0,
82,9,TTHHTTHT,HHTTHTTH,0,1,
82,10,HHTT,HTTH,0,1,
82,11,THTHT,TTHTH,0,1,
82,12,HTTTHTTT,TTHHTTTH,0,1,
82,13,HTHTHTHT,THTHHTHT,0,1,
82,14,HTHTHHTH,HHTTHTTT,0,1,
82,15,HHTTHHTT,HHTTHTTT,0,1,
82,16,HTTTH,THHTH,0,1,
82,17,THTHTHTH,HTHTTHTH,0,1,
82,18,THHT,HHTT,1,0,
82,19,HTHTT,HTHTH,1,0,
82,20,THTHTHHT,HHTTHHTT,1,0,
82,21,THHHTHHH,HHHTTTHH,1,0,
82,22,HTHHTHTH,THTHTHTH,1,0,
82,23,HT,TT,1,0,
82,24,HHTTHHTT,HTHTHTTH,0,1,
82,25,HTTTH,THTTH,0,1,
82,26,HTTTHTTT,HTTTHHTT,0,1,
82,27,HHTTHHTT,HTHTHTHT,1,0,
82,28,TTHH,THHT,0,1,
82,29,HHTTHTTT,HTHHTHTH,0,1,
82,30,HTHTTTTH,THTHHTHT,0,1,
82,31,HTHTHTHT,HTHTHHTH,0,1,
82,32,HHHHHTH,HHHTHHH,0,1,
82,33,TTTTHHHH,THHHHHHT,0,1,
82,34,TT,TH,0,1,
82,35,HTTTTTTH,TTTTHHHH,1,0,
82,36,HHTTHHTT,HTTHTHTH,0,1,
82,37,HTTH,TTHH,1,0,
82,38,HTTTHHTT,THHHTHHH,0,1,
82,39,HHHHTTTT,HHHHTHHH,0,1,
82,40,HHHHTTTT,HTHHHHTH,0,1,
82,41,TTHT,HTTH,1,0,
82,42,THTHTHTH,THTHHTHT,0,1,
82,43,HTHTHHTH,HTHTTTHH,1,0,
82,44,HHTHT,HHTHH,1,0,
82,45,HTTTTTTH,HHHTTHHH,0,1,
82,46,TTHTTHHH,HHTHTHTH,0,1,
82,47,HHTTHHTT,THHTHTHT,0,1,
82,48,THTTTTHT,HHHHTTTT,1,0,
82,49,HHTHHTHH,HHHTTTTH,1,0,
82,50,HHHTHHHH,THHHHHTH,0,1,
82,51,HTHTHTHT,HHTHTHTH,0,1,
82,52,HT,HH,1,0,
82,53,HTHTHTHT,HHTHHTHH,0,1,
82,54,THHT,TTHT,0,1,
82,55,TTTTHHHH,HTHHHHTH,0,1,
82,56,HHHT,HTHH,0,1,
82,57,HTHTH,THTHH,0,1,
82,58,THTHTHHT,TTHHTTHH,1,0,
82,59,HTHHHHHH,TTTHHHHT,0,1,
82,60,HHTTHHTT,TTTHTTTT,1,0,
82,61,HTTTTTTH,HHHHTTTT,1,0,
82,62,HTHHHHTH,HTHTHTHT,1,0,
82,63,HHHHTHHH,TTTTHHHH,1,0,
82,64,HHHTHHHT,HHTHTTTT,0,1,
83,1,TTHHTTHH,HHHTTHTT,1,0,
83,2,HTHTH,TTHTH,0,1,
83,3,HTTHTTHH,HHTTHHTH,1,0,
83,4,HTTTHTTT,HHHTTTHH,0,1,
83,5,HTHTHTHT,HTHHTHTH,0,1,
83,6,HHTTHHTT,HTTTTHHH,0,1,
83,7,HTHTTHTH,HTHTHTHT,1,0,
83,8,THTTHTHT,HTTTHTTT,0,1,
83,9,HHTTHTTH,TTHHTTHT,0,1,
83,10,HHTT,HTTH,0,1,
83,11,TTHTH,THTHT,1,0,
83,12,TTHHTTTH,HTTTHTTT,1,0,
83,13,THTHHTHT,HTHTHTHT,1,0,
83,14,HHTTHTTT,HTHTHHTH,1,0,
83,15,HHTTHHTT,HHTTHTTT,0,1,
83,16,HTTTH,THHTH,0,1,
83,17,HTHTTHTH,THTHTHTH,1,0,
83,18,THHT,HHTT,1,0,
83,19,HTHTT,HTHTH,1,0,
83,20,THTHTHHT,HHTTHHTT,0,1,
83,21,HHHTTTHH,THHHTHHH,0,1,
83,22,THTHTHTH,HTHHTHTH,1,0,
83,23,TT,HT,1,0,
83,24,HTHTHTTH,HHTTHHTT,0,1,
83,25,THTTH,HTTTH,1,0,
83,26,HTTTHHTT,HTTTHTTT,1,0,
83,27,HTHTHTHT,HHTTHHTT,1,0,
83,28,TTHH,THHT,0,1,
83,29,HHTTHTTT,HTHHTHTH,0,1,
83,30,THTHHTHT,HTHTTTTH,0,1,
83,31,HTHTHHTH,HTHTHTHT,1,0,
83,32,HHHTHHH,HHHHHTH,0,1,
83,33,THHHHHHT,TTTTHHHH,1,0,
83,34,TT,TH,0,1,
83,35,HTTTTTTH,TTTTHHHH,1,0,
83,36,HTTHTHTH,HHTTHHTT,1,0,
83,37,TTHH,HTTH,0,1,
83,38,HTTTHHTT,THHHTHHH,0,1,
83,39,HHHHTHHH,HHHHTTTT,0,1,
83,40,HTHHHHTH,HHHHTTTT,1,0,
83,41,HTTH,TTHT,0,1,
83,42,THTHHTHT,THTHTHTH,0,1,
83,43,HTHTTTHH,HTHTHHTH,0,1,
83,44,HHTHT,HHTHH,1,0,
83,45,HHHTTHHH,HTTTTTTH,1,0,
83,46,TTHTTHHH,HHTHTHTH,1,0,
83,47,THHTHTHT,HHTTHHTT,1,0,
83,48,THTTTTHT,HHHHTTTT,1,0,
83,49,HHTHHTHH,HHHTTTTH,1,0,
83,50,THHHHHTH,HHHTHHHH,1,0,
83,51,HHTHTHTH,HTHTHTHT,1,0,
83,52,HH,HT,0,1,
83,53,HTHTHTHT,HHTHHTHH,0,1,
83,54,TTHT,THHT,1,0,
83,55,HTHHHHTH,TTTTHHHH,1,0,
83,56,HHHT,HTHH,0,1,
83,57,HTHTH,THTHH,0,1,
83,58,THTHTHHT,TTHHTTHH,0,1,
83,59,TTTHHHHT,HTHHHHHH,1,0,
83,60,TTTHTTTT,HHTTHHTT,1,0,
83,61,HHHHTTTT,HTTTTTTH,0,1,
83,62,HTHHHHTH,HTHTHTHT,0,1,
83,63,TTTTHHHH,HHHHTHHH,0,1,
83,64,HHHTHHHT,HHTHTTTT,0,1,
84,1,HHHTTHTT,TTHHTTHH,0,1,
84,2,TTHTH,HTHTH,1,0,
84,3,HHTTHHTH,HTTHTTHH,0,1,
84,4,HHHTTTHH,HTTTHTTT,1,0,
84,5,HTHHTHTH,HTHTHTHT,1,0,
84,6,HHTTHHTT,HTTTTHHH,0,1,
84,7,HTHTHTHT,HTHTTHTH,0,1,
84,8,HTTTHTTT,THTTHTHT,0,1,
84,9,TTHHTTHT,HHTTHTTH,1,0,
84,10,HHTT,HTTH,0,1,
84,11,TTHTH,THTHT,1,0,
84,12,HTTTHTTT,TTHHTTTH,0,1,
84,13,HTHTHTHT,THTHHTHT,0,1,
84,14,HTHTHHTH,HHTTHTTT,1,0,
84,15,HHTTHTTT,HHTTHHTT,1,0,
84,16,THHTH,HTTTH,0,1,
84,17,HTHTTHTH,THTHTHTH,1,0,
84,18,HHTT,THHT,0,1,
84,19,HTHTH,HTHTT,1,0,
84,20,HHTTHHTT,THTHTHHT,0,1,
84,21,THHHTHHH,HHHTTTHH,0,1,
84,22,HTHHTHTH,THTHTHTH,1,0,
84,23,HT,TT,1,0,
84,24,HHTTHHTT,HTHTHTTH,0,1,
84,25,THTTH,HTTTH,1,0,
84,26,HTTTHTTT,HTTTHHTT,0,1,
84,27,HHTTHHTT,HTHTHTHT,1,0,
84,28,THHT,TTHH,1,0,
84,29,HHTTHTTT,HTHHTHTH,0,1,
84,30,HTHTTTTH,THTHHTHT,0,1,
84,31,HTHTHHTH,HTHTHTHT,1,0,
84,32,HHHTHHH,HHHHHTH,0,1,
84,33,THHHHHHT,TTTTHHHH,1,0,
84,34,TH,TT,1,0,
84,35,TTTTHHHH,HTTTTTTH,0,1,
84,36,HHTTHHTT,HTTHTHTH,0,1,
84,37,TTHH,HTTH,0,1,
84,38,THHHTHHH,HTTTHHTT,0,1,
84,39,HHHHTHHH,HHHHTTTT,1,0,
84,40,HHHHTTTT,HTHHHHTH,0,1,
84,41,HTTH,TTHT,1,0,
84,42,THTHTHTH,THTHHTHT,0,1,
84,43,HTHTTTHH,HTHTHHTH,0,1,
84,44,HHTHT,HHTHH,1,0,
84,45,HTTTTTTH,HHHTTHHH,1,0,
84,46,HHTHTHTH,TTHTTHHH,0,1,
84,47,HHTTHHTT,THHTHTHT,0,1,
84,48,THTTTTHT,HHHHTTTT,1,0,
84,49,HHTHHTHH,HHHTTTTH,0,1,
84,50,HHHTHHHH,THHHHHTH,0,1,
84,51,HHTHTHTH,HTHTHTHT,1,0,
84,52,HH,HT,0,1,
84,53,HHTHHTHH,HTHTHTHT,1,0,
84,54,THHT,TTHT,0,1,
84,55,HTHHHHTH,TTTTHHHH,1,0,
84,56,HHHT,HTHH,0,1,
84,57,HTHTH,THTHH,0,1,
84,58,THTHTHHT,TTHHTTHH,1,0,
84,59,HTHHHHHH,TTTHHHHT,1,0,
84,60,TTTHTTTT,HHTTHHTT,1,0,
84,61,HTTTTTTH,HHHHTTTT,1,0,
84,62,HTHHHHTH,HTHTHTHT,1,0,
84,63,TTTTHHHH,HHHHTHHH,1,0,
84,64,HHHTHHHT,HHTHTTTT,0,1,
85,1,HHHTTHTT,TTHHTTHH,0,1,
85,2,TTHTH,HTHTH,0,1,
85,3,HTTHTTHH,HHTTHHTH,1,0,
85,4,HHHTTTHH,HTTTHTTT,1,0,
85,5,HTHHTHTH,HTHTHTHT,1,0,
85,6,HHTTHHTT,HTTTTHHH,1,0,
85,7,HTHTHTHT,HTHTTHTH,0,1,
85,8,THTTHTHT,HTTTHTTT,1,0,
85,9,HHTTHTTH,TTHHTTHT,0,1,
85,10,HHTT,HTTH,0,1,
85,11,TTHTH,THTHT,1,0,
85,12,HTTTHTTT,TTHHTTTH,0,1,
85,13,THTHHTHT,HTHTHTHT,1,0,
85,14,HTHTHHTH,HHTTHTTT,1,0,
85,15,HHTTHHTT,HHTTHTTT,0,1,
85,16,THHTH,HTTTH,1,0,
85,17,THTHTHTH,HTHTTHTH,0,1,
85,18,THHT,HHTT,1,0,
85,19,HTHTT,HTHTH,1,0,
85,20,THTHTHHT,HHTTHHTT,1,0,
85,21,THHHTHHH,HHHTTTHH,1,0,
85,22,THTHTHTH,HTHHTHTH,0,1,
85,23,HT,TT,1,0,
85,24,HTHTHTTH,HHTTHHTT,1,0,
85,25,HTTTH,THTTH,0,1,
85,26,HTTTHHTT,HTTTHTTT,1,0,
85,27,HHTTHHTT,HTHTHTHT,1,0,
85,28,THHT,TTHH,1,0,
85,29,HHTTHTTT,HTHHTHTH,0,1,
85,30,HTHTTTTH,THTHHTHT,0,1,
85,31,HTHTHHTH,HTHTHTHT,1,0,
85,32,HHHTHHH,HHHHHTH,0,1,
85,33,THHHHHHT,TTTTHHHH,1,0,
85,34,TT,TH,0,1,
85,35,HTTTTTTH,TTTTHHHH,1,0,
85,36,HHTTHHTT,HTTHTHTH,0,1,
85,37,HTTH,TTHH,1,0,
85,38,HTTTHHTT,THHHTHHH,1,0,
85,39,HHHHTHHH,HHHHTTTT,0,1,
85,40,HTHHHHTH,HHHHTTTT,1,0,
85,41,HTTH,TTHT,0,1,
85,42,THTHHTHT,THTHTHTH,1,0,
85,43,HTHTHHTH,HTHTTTHH,1,0,
85,44,HHTHT,HHTHH,1,0,
85,45,HHHTTHHH,HTTTTTTH,1,0,
85,46,TTHTTHHH,HHTHTHTH,0,1,
85,47,HHTTHHTT,THHTHTHT,0,1,
85,48,HHHHTTTT,THTTTTHT,0,1,
85,49,HHHTTTTH,HHTHHTHH,0,1,
85,50,HHHTHHHH,THHHHHTH,0,1,
85,51,HHTHTHTH,HTHTHTHT,1,0,
85,52,HT,HH,1,0,
85,53,HHTHHTHH,HTHTHTHT,1,0,
85,54,TTHT,THHT,1,0,
85,55,TTTTHHHH,HTHHHHTH,0,1,
85,56,HHHT,HTHH,0,1,
85,57,HTHTH,THTHH,0,1,
85,58,THTHTHHT,TTHHTTHH,1,0,
85,59,HTHHHHHH,TTTHHHHT,0,1,
85,60,TTTHTTTT,HHTTHHTT,0,1,
85,61,HTTTTTTH,HHHHTTTT,1,0,
85,62,HTHHHHTH,HTHTHTHT,0,1,
85,63,TTTTHHHH,HHHHTHHH,0,1,
85,64,HHTHTTTT,HHHTHHHT,1,0,
86,1,HHHTTHTT,TTHHTTHH,1,0,
86,2,HTHTH,TTHTH,0,1,
86,3,HHTTHHTH,HTTHTTHH,1,0,
86,4,HTTTHTTT,HHHTTTHH,0,1,
86,5,HTHHTHTH,HTHTHTHT,1,0,
86,6,HHTTHHTT,HTTTTHHH,0,1,
86,7,HTHTHTHT,HTHTTHTH,0,1,
86,8,THTTHTHT,HTTTHTTT,1,0,
86,9,HHTTHTTH,TTHHTTHT,1,0,
86,10,HTTH,HHTT,1,0,
86,11,THTHT,TTHTH,0,1,
86,12,TTHHTTTH,HTTTHTTT,1,0,
86,13,HTHTHTHT,THTHHTHT,0,1,
86,14,HHTTHTTT,HTHTHHTH,1,0,
86,15,HHTTHTTT,HHTTHHTT,1,0,
86,16,THHTH,HTTTH,0,1,
86,17,HTHTTHTH,THTHTHTH,1,0,
86,18,HHTT,THHT,0,1,
86,19,HTHTH,HTHTT,0,1,
86,20,THTHTHHT,HHTTHHTT,1,0,
86,21,HHHTTTHH,THHHTHHH,0,1,
86,22,HTHHTHTH,THTHTHTH,1,0,
86,23,TT,HT,1,0,
86,24,HTHTHTTH,HHTTHHTT,1,0,
86,25,THTTH,HTTTH,0,1,
86,26,HTTTHHTT,HTTTHTTT,1,0,
86,27,HTHTHTHT,HHTTHHTT,0,1,
86,28,TTHH,THHT,0,1,
86,29,HTHHTHTH,HHTTHTTT,0,1,
86,30,HTHTTTTH,THTHHTHT,1,0,
86,31,HTHTHTHT,HTHTHHTH,0,1,
86,32,HHHTHHH,HHHHHTH,0,1,
86,33,THHHHHHT,TTTTHHHH,1,0,
86,34,TT,TH,1,0,
86,35,TTTTHHHH,HTTTTTTH,0,1,
86,36,HTTHTHTH,HHTTHHTT,1,0,
86,37,HTTH,TTHH,1,0,
86,38,THHHTHHH,HTTTHHTT,0,1,
86,39,HHHHTHHH,HHHHTTTT,1,0,
86,40,HTHHHHTH,HHHHTTTT,1,0,
86,41,TTHT,HTTH,1,0,
86,42,THTHTHTH,THTHHTHT,0,1,
86,43,HTHTHHTH,HTHTTTHH,0,1,
86,44,HHTHH,HHTHT,0,1,
86,45,HHHTTHHH,HTTTTTTH,1,0,
86,46,HHTHTHTH,TTHTTHHH,0,1,
86,47,HHTTHHTT,THHTHTHT,0,1,
86,48,THTTTTHT,HHHHTTTT,1,0,
86,49,HHTHHTHH,HHHTTTTH,0,1,
86,50,THHHHHTH,HHHTHHHH,1,0,
86,51,HHTHTHTH,HTHTHTHT,1,0,
86,52,HH,HT,1,0,
86,53,HHTHHTHH,HTHTHTHT,0,1,
86,54,THHT,TTHT,0,1,
86,55,HTHHHHTH,TTTTHHHH,1,0,
86,56,HHHT,HTHH,0,1,
86,57,HTHTH,THTHH,0,1,
86,58,TTHHTTHH,THTHTHHT,0,1,
86,59,HTHHHHHH,TTTHHHHT,0,1,
86,60,TTTHTTTT,HHTTHHTT,1,0,
86,61,HTTTTTTH,HHHHTTTT,1,0,
86,62,HTHHHHTH,HTHTHTHT,1,0,
86,63,HHHHTHHH,TTTTHHHH,1,0,
86,64,HHHTHHHT,HHTHTTTT,0,1,
87,1,HHHTTHTT,TTHHTTHH,0,1,
87,2,TTHTH,HTHTH,1,0,
87,3,HHTTHHTH,HTTHTTHH,0,1,
87,4,HTTTHTTT,HHHTTTHH,0,1,
87,5,HTHHTHTH,HTHTHTHT,0,1,
87,6,HTTTTHHH,HHTTHHTT,0,1,
87,7,HTHTHTHT,HTHTTHTH,1,0,
87,8,THTTHTHT,HTTTHTTT,1,0,
87,9,TTHHTTHT,HHTTHTTH,0,1,
87,10,HTTH,HHTT,1,0,
87,11,THTHT,TTHTH,0,1,
87,12,HTTTHTTT,TTHHTTTH,0,1,
87,13,THTHHTHT,HTHTHTHT,1,0,
87,14,HHTTHTTT,HTHTHHTH,1,0,
87,15,HHTTHTTT,HHTTHHTT,1,0,
87,16,THHTH,HTTTH,1,0,
87,17,HTHTTHTH,THTHTHTH,1,0,
87,18,THHT,HHTT,1,0,
87,19,HTHTT,HTHTH,1,0,
87,20,THTHTHHT,HHTTHHTT,1,0,
87,21,THHHTHHH,HHHTTTHH,0,1,
87,22,HTHHTHTH,THTHTHTH,1,0,
87,23,TT,HT,1,0,
87,24,HTHTHTTH,HHTTHHTT,1,0,
87,25,HTTTH,THTTH,0,1,
87,26,HTTTHTTT,HTTTHHTT,0,1,
87,27,HTHTHTHT,HHTTHHTT,0,1,
87,28,TTHH,THHT,0,1,
87,29,HHTTHTTT,HTHHTHTH,1,0,
87,30,HTHTTTTH,THTHHTHT,0,1,
87,31,HTHTHHTH,HTHTHTHT,1,0,
87,32,HHHTHHH,HHHHHTH,0,1,
87,33,TTTTHHHH,THHHHHHT,0,1,
87,34,TT,TH,1,0,
87,35,TTTTHHHH,HTTTTTTH,0,1,
87,36,HTTHTHTH,HHTTHHTT,1,0,
87,37,TTHH,HTTH,0,1,
87,38,THHHTHHH,HTTTHHTT,0,1,
87,39,HHHHTTTT,HHHHTHHH,0,1,
87,40,HHHHTTTT,HTHHHHTH,0,1,
87,41,HTTH,TTHT,0,1,
87,42,THTHTHTH,THTHHTHT,0,1,
87,43,HTHTHHTH,HTHTTTHH,0,1,
87,44,HHTHT,HHTHH,1,0,
87,45,HTTTTTTH,HHHTTHHH,1,0,
87,46,TTHTTHHH,HHTHTHTH,1,0,
87,47,HHTTHHTT,THHTHTHT,0,1,
87,48,HHHHTTTT,THTTTTHT,0,1,
87,49,HHHTTTTH,HHTHHTHH,0,1,
87,50,THHHHHTH,HHHTHHHH,1,0,
87,51,HHTHTHTH,HTHTHTHT,1,0,
87,52,HH,HT,1,0,
87,53,HHTHHTHH,HTHTHTHT,1,0,
87,54,TTHT,THHT,1,0,
87,55,HTHHHHTH,TTTTHHHH,1,0,
87,56,HHHT,HTHH,0,1,
87,57,HTHTH,THTHH,0,1,
87,58,TTHHTTHH,THTHTHHT,0,1,
87,59,TTTHHHHT,HTHHHHHH,1,0,
87,60,HHTTHHTT,TTTHTTTT,0,1,
87,61,HTTTTTTH,HHHHTTTT,1,0,
87,62,HTHTHTHT,HTHHHHTH,0,1,
87,63,TTTTHHHH,HHHHTHHH,0,1,
87,64,HHTHTTTT,HHHTHHHT,1,0,
88,1,HHHTTHTT,TTHHTTHH,1,0,
88,2,HTHTH,TTHTH,0,1,
88,3,HHTTHHTH,HTTHTTHH,0,1,
88,4,HHHTTTHH,HTTTHTTT,0,1,
88,5,HTHHTHTH,HTHTHTHT,1,0,
88,6,HHTTHHTT,HTTTTHHH,0,1,
88,7,HTHTTHTH,HTHTHTHT,1,0,
88,8,THTTHTHT,HTTTHTTT,1,0,
88,9,TTHHTTHT,HHTTHTTH,0,1,
88,10,HTTH,HHTT,0,1,
88,11,TTHTH,THTHT,1,0,
88,12,TTHHTTTH,HTTTHTTT,0,1,
88,13,THTHHTHT,HTHTHTHT,1,0,
88,14,HHTTHTTT,HTHTHHTH,0,1,
88,15,HHTTHTTT,HHTTHHTT,1,0,
88,16,THHTH,HTTTH,1,0,
88,17,THTHTHTH,HTHTTHTH,0,1,
88,18,HHTT,THHT,0,1,
88,19,HTHTT,HTHTH,1,0,
88,20,THTHTHHT,HHTTHHTT,1,0,
88,21,THHHTHHH,HHHTTTHH,1,0,
88,22,THTHTHTH,HTHHTHTH,0,1,
88,23,HT,TT,1,0,
88,24,HHTTHHTT,HTHTHTTH,0,1,
88,25,THTTH,HTTTH,0,1,
88,26,HTTTHHTT,HTTTHTTT,1,0,
88,27,HHTTHHTT,HTHTHTHT,1,0,
88,28,THHT,TTHH,1,0,
88,29,HHTTHTTT,HTHHTHTH,1,0,
88,30,HTHTTTTH,THTHHTHT,0,1,
88,31,HTHTHTHT,HTHTHHTH,0,1,
88,32,HHHHHTH,HHHTHHH,0,1,
88,33,THHHHHHT,TTTTHHHH,1,0,
88,34,TT,TH,1,0,
88,35,HTTTTTTH,TTTTHHHH,1,0,
88,36,HTTHTHTH,HHTTHHTT,1,0,
88,37,TTHH,HTTH,1,0,
88,38,THHHTHHH,HTTTHHTT,0,1,
88,39,HHHHTTTT,HHHHTHHH,0,1,
88,40,HHHHTTTT,HTHHHHTH,0,1,
88,41,HTTH,TTHT,0,1,
88,42,THTHTHTH,THTHHTHT,0,1,
88,43,HTHTTTHH,HTHTHHTH,1,0,
88,44,HHTHT,HHTHH,1,0,
88,45,HTTTTTTH,HHHTTHHH,0,1,
88,46,HHTHTHTH,TTHTTHHH,0,1,
88,47,THHTHTHT,HHTTHHTT,1,0,
88,48,HHHHTTTT,THTTTTHT,0,1,
88,49,HHHTTTTH,HHTHHTHH,1,0,
88,50,THHHHHTH,HHHTHHHH,1,0,
88,51,HTHTHTHT,HHTHTHTH,0,1,
88,52,HH,HT,0,1,
88,53,HTHTHTHT,HHTHHTHH,1,0,
88,54,TTHT,THHT,0,1,
88,55,HTHHHHTH,TTTTHHHH,1,0,
88,56,HTHH,HHHT,1,0,
88,57,HTHTH,THTHH,0,1,
88,58,THTHTHHT,TTHHTTHH,1,0,
88,59,HTHHHHHH,TTTHHHHT,0,1,
88,60,HHTTHHTT,TTTHTTTT,0,1,
88,61,HTTTTTTH,HHHHTTTT,1,0,
88,62,HTHTHTHT,HTHHHHTH,0,1,
88,63,TTTTHHHH,HHHHTHHH,1,0,
88,64,HHHTHHHT,HHTHTTTT,0,1,
89,1,HHHTTHTT,TTHHTTHH,1,0,
89,2,TTHTH,HTHTH,1,0,
89,3,HHTTHHTH,HTTHTTHH,0,1,
89,4,HHHTTTHH,HTTTHTTT,1,0,
89,5,HTHTHTHT,HTHHTHTH,0,1,
89,6,HHTTHHTT,HTTTTHHH,0,1,
89,7,HTHTHTHT,HTHTTHTH,0,1,
89,8,HTTTHTTT,THTTHTHT,0,1,
89,9,TTHHTTHT,HHTTHTTH,0,1,
89,10,HTTH,HHTT,1,0,
89,11,THTHT,TTHTH,0,1,
89,12,HTTTHTTT,TTHHTTTH,0,1,
89,13,THTHHTHT,HTHTHTHT,1,0,
89,14,HTHTHHTH,HHTTHTTT,1,0,
89,15,HHTTHHTT,HHTTHTTT,0,1,
89,16,HTTTH,THHTH,0,1,
89,17,HTHTTHTH,THTHTHTH,1,0,
89,18,HHTT,THHT,0,1,
89,19,HTHTH,HTHTT,0,1,
89,20,THTHTHHT,HHTTHHTT,1,0,
89,21,THHHTHHH,HHHTTTHH,1,0,
89,22,THTHTHTH,HTHHTHTH,0,1,
89,23,HT,TT,1,0,
89,24,HHTTHHTT,HTHTHTTH,0,1,
89,25,HTTTH,THTTH,0,1,
89,26,HTTTHHTT,HTTTHTTT,1,0,
89,27,HTHTHTHT,HHTTHHTT,1,0,
89,28,TTHH,THHT,0,1,
89,29,HHTTHTTT,HTHHTHTH,0,1,
89,30,THTHHTHT,HTHTTTTH,1,0,
89,31,HTHTHHTH,HTHTHTHT,1,0,
89,32,HHHTHHH,HHHHHTH,1,0,
89,33,THHHHHHT,TTTTHHHH,1,0,
89,34,TH,TT,1,0,
89,35,TTTTHHHH,HTTTTTTH,0,1,
89,36,HHTTHHTT,HTTHTHTH,0,1,
89,37,TTHH,HTTH,0,1,
89,38,HTTTHHTT,THHHTHHH,1,0,
89,39,HHHHTHHH,HHHHTTTT,1,0,
89,40,HHHHTTTT,HTHHHHTH,0,1,
89,41,HTTH,TTHT,1,0,
89,42,THTHTHTH,THTHHTHT,0,1,
89,43,HTHTTTHH,HTHTHHTH,0,1,
89,44,HHTHH,HHTHT,0,1,
89,45,HHHTTHHH,HTTTTTTH,1,0,
89,46,TTHTTHHH,HHTHTHTH,0,1,
89,47,HHTTHHTT,THHTHTHT,0,1,
89,48,THTTTTHT,HHHHTTTT,1,0,
89,49,HHHTTTTH,HHTHHTHH,0,1,
89,50,HHHTHHHH,THHHHHTH,0,1,
89,51,HHTHTHTH,HTHTHTHT,1,0,
89,52,HT,HH,1,0,
89,53,HHTHHTHH,HTHTHTHT,1,0,
89,54,TTHT,THHT,0,1,
89,55,TTTTHHHH,HTHHHHTH,0,1,
89,56,HTHH,HHHT,1,0,
89,57,HTHTH,THTHH,0,1,
89,58,TTHHTTHH,THTHTHHT,0,1,
89,59,HTHHHHHH,TTTHHHHT,0,1,
89,60,TTTHTTTT,HHTTHHTT,0,1,
89,61,HTTTTTTH,HHHHTTTT,1,0,
89,62,HTHTHTHT,HTHHHHTH,0,1,
89,63,TTTTHHHH,HHHHTHHH,0,1,
89,64,HHTHTTTT,HHHTHHHT,1,0,
90,1,TTHHTTHH,HHHTTHTT,0,1,
90,2,TTHTH,HTHTH,1,0,
90,3,HTTHTTHH,HHTTHHTH,0,1,
90,4,HHHTTTHH,HTTTHTTT,0,1,
90,5,HTHHTHTH,HTHTHTHT,1,0,
90,6,HTTTTHHH,HHTTHHTT,0,1,
90,7,HTHTHTHT,HTHTTHTH,0,1,
90,8,THTTHTHT,HTTTHTTT,1,0,
90,9,HHTTHTTH,TTHHTTHT,1,0,
90,10,HTTH,HHTT,1,0,
90,11,TTHTH,THTHT,1,0,
90,12,TTHHTTTH,HTTTHTTT,0,1,
90,13,HTHTHTHT,THTHHTHT,0,1,
90,14,HTHTHHTH,HHTTHTTT,0,1,
90,15,HHTTHTTT,HHTTHHTT,0,1,
90,16,THHTH,HTTTH,0,1,
90,17,HTHTTHTH,THTHTHTH,1,0,
90,18,THHT,HHTT,1,0,
90,19,HTHTH,HTHTT,0,1,
90,20,HHTTHHTT,THTHTHHT,1,0,
90,21,THHHTHHH,HHHTTTHH,1,0,
90,22,HTHHTHTH,THTHTHTH,1,0,
90,23,TT,HT,0,1,
90,24,HTHTHTTH,HHTTHHTT,0,1,
90,25,HTTTH,THTTH,1,0,
90,26,HTTTHTTT,HTTTHHTT,0,1,
90,27,HHTTHHTT,HTHTHTHT,1,0,
90,28,THHT,TTHH,1,0,
90,29,HHTTHTTT,HTHHTHTH,1,0,
90,30,THTHHTHT,HTHTTTTH,0,1,
90,31,HTHTHHTH,HTHTHTHT,1,0,
90,32,HHHTHHH,HHHHHTH,1,0,
90,33,TTTTHHHH,THHHHHHT,1,0,
90,34,TT,TH,0,1,
90,35,TTTTHHHH,HTTTTTTH,0,1,
90,36,HTTHTHTH,HHTTHHTT,0,1,
90,37,HTTH,TTHH,1,0,
90,38,HTTTHHTT,THHHTHHH,0,1,
90,39,HHHHTHHH,HHHHTTTT,0,1,
90,40,HHHHTTTT,HTHHHHTH,1,0,
90,41,TTHT,HTTH,0,1,
90,42,THTHTHTH,THTHHTHT,0,1,
90,43,HTHTHHTH,HTHTTTHH,0,1,
90,44,HHTHT,HHTHH,1,0,
90,45,HTTTTTTH,HHHTTHHH,0,1,
90,46,HHTHTHTH,TTHTTHHH,1,0,
90,47,HHTTHHTT,THHTHTHT,0,1,
90,48,HHHHTTTT,THTTTTHT,0,1,
90,49,HHHTTTTH,HHTHHTHH,0,1,
90,50,THHHHHTH,HHHTHHHH,1,0,
90,51,HTHTHTHT,HHTHTHTH,0,1,
90,52,HH,HT,0,1,
90,53,HTHTHTHT,HHTHHTHH,0,1,
90,54,TTHT,THHT,1,0,
90,55,HTHHHHTH,TTTTHHHH,0,1,
90,56,HTHH,HHHT,0,1,
90,57,HTHTH,THTHH,1,0,
90,58,TTHHTTHH,THTHTHHT,1,0,
90,59,HTHHHHHH,TTTHHHHT,0,1,
90,60,HHTTHHTT,TTTHTTTT,1,0,
90,61,HHHHTTTT,HTTTTTTH,1,0,
90,62,HTHHHHTH,HTHTHTHT,0,1,
90,63,TTTTHHHH,HHHHTHHH,0,1,
90,64,HHTHTTTT,HHHTHHHT,1,0,
91,1,TTHHTTHH,HHHTTHTT,1,0,
91,2,TTHTH,HTHTH,1,0,
91,3,HTTHTTHH,HHTTHHTH,0,1,
91,4,HHHTTTHH,HTTTHTTT,0,1,
91,5,HTHTHTHT,HTHHTHTH,1,0,
91,6,HHTTHHTT,HTTTTHHH,0,1,
91,7,HTHTTHTH,HTHTHTHT,1,0,
91,8,THTTHTHT,HTTTHTTT,1,0,
91,9,HHTTHTTH,TTHHTTHT,0,1,
91,10,HTTH,HHTT,1,0,
91,11,TTHTH,THTHT,0,1,
91,12,TTHHTTTH,HTTTHTTT,1,0,
91,13,THTHHTHT,HTHTHTHT,0,1,
91,14,HTHTHHTH,HHTTHTTT,0,1,
91,15,HHTTHHTT,HHTTHTTT,1,0,
91,16,HTTTH,THHTH,0,1,
91,17,HTHTTHTH,THTHTHTH,1,0,
91,18,HHTT,THHT,0,1,
91,19,HTHTH,HTHTT,1,0,
91,20,HHTTHHTT,THTHTHHT,0,1,
91,21,HHHTTTHH,THHHTHHH,1,0,
91,22,HTHHTHTH,THTHTHTH,0,1,
91,23,TT,HT,0,1,
91,24,HHTTHHTT,HTHTHTTH,1,0,
91,25,HTTTH,THTTH,0,1,
91,26,HTTTHTTT,HTTTHHTT,1,0,
91,27,HHTTHHTT,HTHTHTHT,0,1,
91,28,THHT,TTHH,1,0,
91,29,HHTTHTTT,HTHHTHTH,1,0,
91,30,HTHTTTTH,THTHHTHT,0,1,
91,31,HTHTHTHT,HTHTHHTH,1,0,
91,32,HHHTHHH,HHHHHTH,0,1,
91,33,THHHHHHT,TTTTHHHH,1,0,
91,34,TT,TH,0,1,
91,35,TTTTHHHH,HTTTTTTH,1,0,
91,36,HTTHTHTH,HHTTHHTT,1,0,
91,37,TTHH,HTTH,1,0,
91,38,THHHTHHH,HTTTHHTT,0,1,
91,39,HHHHTTTT,HHHHTHHH,1,0,
91,40,HTHHHHTH,HHHHTTTT,0,1,
91,41,TTHT,HTTH,1,0,
91,42,THTHHTHT,THTHTHTH,1,0,
91,43,HTHTTTHH,HTHTHHTH,1,0,
91,44,HHTHT,HHTHH,1,0,
91,45,HTTTTTTH,HHHTTHHH,0,1,
91,46,HHTHTHTH,TTHTTHHH,1,0,
91,47,THHTHTHT,HHTTHHTT,0,1,
91,48,THTTTTHT,HHHHTTTT,1,0,
91,49,HHTHHTHH,HHHTTTTH,1,0,
91,50,THHHHHTH,HHHTHHHH,0,1,
91,51,HTHTHTHT,HHTHTHTH,1,0,
91,52,HT,HH,1,0,
91,53,HTHTHTHT,HHTHHTHH,0,1,
91,54,TTHT,THHT,1,0,
91,55,TTTTHHHH,HTHHHHTH,0,1,
91,56,HTHH,HHHT,1,0,
91,57,THTHH,HTHTH,1,0,
91,58,THTHTHHT,TTHHTTHH,1,0,
91,59,HTHHHHHH,TTTHHHHT,0,1,
91,60,TTTHTTTT,HHTTHHTT,1,0,
91,61,HTTTTTTH,HHHHTTTT,0,1,
91,62,HTHHHHTH,HTHTHTHT,1,0,
91,63,HHHHTHHH,TTTTHHHH,1,0,
91,64,HHHTHHHT,HHTHTTTT,0,1,
92,1,HHHTTHTT,TTHHTTHH,0,1,
92,2,TTHTH,HTHTH,1,0,
92,3,HTTHTTHH,HHTTHHTH,0,1,
92,4,HTTTHTTT,HHHTTTHH,0,1,
92,5,HTHHTHTH,HTHTHTHT,0,1,
92,6,HTTTTHHH,HHTTHHTT,0,1,
92,7,HTHTHTHT,HTHTTHTH,0,1,
92,8,THTTHTHT,HTTTHTTT,1,0,
92,9,HHTTHTTH,TTHHTTHT,0,1,
92,10,HHTT,HTTH,0,1,
92,11,THTHT,TTHTH,1,0,
92,12,HTTTHTTT,TTHHTTTH,0,1,
92,13,HTHTHTHT,THTHHTHT,0,1,
92,14,HHTTHTTT,HTHTHHTH,1,0,
92,15,HHTTHTTT,HHTTHHTT,1,0,
92,16,THHTH,HTTTH,0,1,
92,17,HTHTTHTH,THTHTHTH,1,0,
92,18,THHT,HHTT,1,0,
92,19,HTHTT,HTHTH,1,0,
92,20,THTHTHHT,HHTTHHTT,0,1,
92,21,THHHTHHH,HHHTTTHH,1,0,
92,22,HTHHTHTH,THTHTHTH,1,0,
92,23,TT,HT,0,1,
92,24,HHTTHHTT,HTHTHTTH,1,0,
92,25,THTTH,HTTTH,1,0,
92,26,HTTTHHTT,HTTTHTTT,0,1,
92,27,HTHTHTHT,HHTTHHTT,1,0,
92,28,TTHH,THHT,0,1,
92,29,HTHHTHTH,HHTTHTTT,1,0,
92,30,THTHHTHT,HTHTTTTH,0,1,
92,31,HTHTHHTH,HTHTHTHT,0,1,
92,32,HHHHHTH,HHHTHHH,0,1,
92,33,TTTTHHHH,THHHHHHT,0,1,
92,34,TT,TH,0,1,
92,35,TTTTHHHH,HTTTTTTH,1,0,
92,36,HTTHTHTH,HHTTHHTT,0,1,
92,37,HTTH,TTHH,1,0,
92,38,HTTTHHTT,THHHTHHH,1,0,
92,39,HHHHTHHH,HHHHTTTT,0,1,
92,40,HTHHHHTH,HHHHTTTT,1,0,
92,41,TTHT,HTTH,1,0,
92,42,THTHHTHT,THTHTHTH,1,0,
92,43,HTHTTTHH,HTHTHHTH,1,0,
92,44,HHTHT,HHTHH,1,0,
92,45,HHHTTHHH,HTTTTTTH,1,0,
92,46,TTHTTHHH,HHTHTHTH,1,0,
92,47,HHTTHHTT,THHTHTHT,1,0,
92,48,THTTTTHT,HHHHTTTT,1,0,
92,49,HHTHHTHH,HHHTTTTH,1,0,
92,50,HHHTHHHH,THHHHHTH,1,0,
92,51,HHTHTHTH,HTHTHTHT,1,0,
92,52,HT,HH,1,0,
92,53,HHTHHTHH,HTHTHTHT,0,1,
92,54,THHT,TTHT,0,1,
92,55,HTHHHHTH,TTTTHHHH,1,0,
92,56,HHHT,HTHH,0,1,
92,57,HTHTH,THTHH,0,1,
92,58,TTHHTTHH,THTHTHHT,0,1,
92,59,HTHHHHHH,TTTHHHHT,0,1,
92,60,HHTTHHTT,TTTHTTTT,1,0,
92,61,HTTTTTTH,HHHHTTTT,0,1,
92,62,HTHHHHTH,HTHTHTHT,1,0,
92,63,TTTTHHHH,HHHHTHHH,0,1,
92,64,HHHTHHHT,HHTHTTTT,0,1,
93,1,HHHTTHTT,TTHHTTHH,0,1,
93,2,HTHTH,TTHTH,1,0,
93,3,HHTTHHTH,HTTHTTHH,1,0,
93,4,HTTTHTTT,HHHTTTHH,0,1,
93,5,HTHHTHTH,HTHTHTHT,1,0,
93,6,HTTTTHHH,HHTTHHTT,0,1,
93,7,HTHTTHTH,HTHTHTHT,0,1,
93,8,HTTTHTTT,THTTHTHT,1,0,
93,9,TTHHTTHT,HHTTHTTH,0,1,
93,10,HTTH,HHTT,1,0,
93,11,THTHT,TTHTH,0,1,
93,12,TTHHTTTH,HTTTHTTT,0,1,
93,13,HTHTHTHT,THTHHTHT,0,1,
93,14,HHTTHTTT,HTHTHHTH,0,1,
93,15,HHTTHHTT,HHTTHTTT,0,1,
93,16,THHTH,HTTTH,1,0,
93,17,HTHTTHTH,THTHTHTH,0,1,
93,18,THHT,HHTT,0,1,
93,19,HTHTH,HTHTT,0,1,
93,20,HHTTHHTT,THTHTHHT,0,1,
93,21,HHHTTTHH,THHHTHHH,0,1,
93,22,THTHTHTH,HTHHTHTH,0,1,
93,23,TT,HT,0,1,
93,24,HHTTHHTT,HTHTHTTH,0,1,
93,25,HTTTH,THTTH,0,1,
93,26,HTTTHTTT,HTTTHHTT,1,0,
93,27,HTHTHTHT,HHTTHHTT,1,0,
93,28,THHT,TTHH,0,1,
93,29,HTHHTHTH,HHTTHTTT,1,0,
93,30,HTHTTTTH,THTHHTHT,1,0,
93,31,HTHTHHTH,HTHTHTHT,0,1,
93,32,HHHHHTH,HHHTHHH,0,1,
93,33,THHHHHHT,TTTTHHHH,1,0,
93,34,TT,TH,0,1,
93,35,TTTTHHHH,HTTTTTTH,0,1,
93,36,HHTTHHTT,HTTHTHTH,0,1,
93,37,TTHH,HTTH,1,0,
93,38,HTTTHHTT,THHHTHHH,0,1,
93,39,HHHHTHHH,HHHHTTTT,1,0,
93,40,HHHHTTTT,HTHHHHTH,0,1,
93,41,HTTH,TTHT,0,1,
93,42,THTHTHTH,THTHHTHT,0,1,
93,43,HTHTHHTH,HTHTTTHH,1,0,
93,44,HHTHH,HHTHT,0,1,
93,45,HHHTTHHH,HTTTTTTH,1,0,
93,46,TTHTTHHH,HHTHTHTH,0,1,
93,47,HHTTHHTT,THHTHTHT,1,0,
93,48,THTTTTHT,HHHHTTTT,1,0,
93,49,HHTHHTHH,HHHTTTTH,1,0,
93,50,HHHTHHHH,THHHHHTH,1,0,
93,51,HHTHTHTH,HTHTHTHT,1,0,
93,52,HH,HT,0,1,
93,53,HHTHHTHH,HTHTHTHT,1,0,
93,54,TTHT,THHT,1,0,
93,55,HTHHHHTH,TTTTHHHH,1,0,
93,56,HHHT,HTHH,0,1,
93,57,THTHH,HTHTH,0,1,
93,58,TTHHTTHH,THTHTHHT,1,0,
93,59,TTTHHHHT,HTHHHHHH,1,0,
93,60,HHTTHHTT,TTTHTTTT,1,0,
93,61,HHHHTTTT,HTTTTTTH,1,0,
93,62,HTHTHTHT,HTHHHHTH,1,0,
93,63,HHHHTHHH,TTTTHHHH,1,0,
93,64,HHTHTTTT,HHHTHHHT,1,0,
94,1,HHHTTHTT,TTHHTTHH,0,1,
94,2,HTHTH,TTHTH,0,1,
94,3,HHTTHHTH,HTTHTTHH,1,0,
94,4,HTTTHTTT,HHHTTTHH,0,1,
94,5,HTHTHTHT,HTHHTHTH,0,1,
94,6,HHTTHHTT,HTTTTHHH,1,0,
94,7,HTHTHTHT,HTHTTHTH,0,1,
94,8,THTTHTHT,HTTTHTTT,1,0,
94,9,HHTTHTTH,TTHHTTHT,1,0,
94,10,HHTT,HTTH,0,1,
94,11,TTHTH,THTHT,1,0,
94,12,TTHHTTTH,HTTTHTTT,1,0,
94,13,HTHTHTHT,THTHHTHT,0,1,
94,14,HHTTHTTT,HTHTHHTH,0,1,
94,15,HHTTHTTT,HHTTHHTT,0,1,
94,16,HTTTH,THHTH,0,1,
94,17,THTHTHTH,HTHTTHTH,0,1,
94,18,THHT,HHTT,1,0,
94,19,HTHTT,HTHTH,0,1,
94,20,HHTTHHTT,THTHTHHT,0,1,
94,21,HHHTTTHH,THHHTHHH,1,0,
94,22,THTHTHTH,HTHHTHTH,0,1,
94,23,TT,HT,0,1,
94,24,HTHTHTTH,HHTTHHTT,1,0,
94,25,HTTTH,THTTH,0,1,
94,26,HTTTHHTT,HTTTHTTT,1,0,
94,27,HTHTHTHT,HHTTHHTT,0,1,
94,28,TTHH,THHT,0,1,
94,29,HTHHTHTH,HHTTHTTT,1,0,
94,30,HTHTTTTH,THTHHTHT,0,1,
94,31,HTHTHTHT,HTHTHHTH,0,1,
94,32,HHHHHTH,HHHTHHH,1,0,
94,33,THHHHHHT,TTTTHHHH,1,0,
94,34,TH,TT,1,0,
94,35,TTTTHHHH,HTTTTTTH,0,1,
94,36,HTTHTHTH,HHTTHHTT,1,0,
94,37,HTTH,TTHH,1,0,
94,38,HTTTHHTT,THHHTHHH,1,0,
94,39,HHHHTHHH,HHHHTTTT,1,0,
94,40,HHHHTTTT,HTHHHHTH,0,1,
94,41,TTHT,HTTH,1,0,
94,42,THTHTHTH,THTHHTHT,0,1,
94,43,HTHTHHTH,HTHTTTHH,1,0,
94,44,HHTHT,HHTHH,1,0,
94,45,HHHTTHHH,HTTTTTTH,1,0,
94,46,TTHTTHHH,HHTHTHTH,0,1,
94,47,THHTHTHT,HHTTHHTT,1,0,
94,48,THTTTTHT,HHHHTTTT,1,0,
94,49,HHHTTTTH,HHTHHTHH,0,1,
94,50,HHHTHHHH,THHHHHTH,0,1,
94,51,HTHTHTHT,HHTHTHTH,0,1,
94,52,HT,HH,1,0,
94,53,HHTHHTHH,HTHTHTHT,1,0,
94,54,TTHT,THHT,1,0,
94,55,TTTTHHHH,HTHHHHTH,0,1,
94,56,HTHH,HHHT,1,0,
94,57,THTHH,HTHTH,1,0,
94,58,THTHTHHT,TTHHTTHH,1,0,
94,59,HTHHHHHH,TTTHHHHT,0,1,
94,60,TTTHTTTT,HHTTHHTT,0,1,
94,61,HTTTTTTH,HHHHTTTT,1,0,
94,62,HTHTHTHT,HTHHHHTH,1,0,
94,63,TTTTHHHH,HHHHTHHH,0,1,
94,64,HHHTHHHT,HHTHTTTT,1,0,
95,1,TTHHTTHH,HHHTTHTT,0,1,
95,2,HTHTH,TTHTH,0,1,
95,3,HHTTHHTH,HTTHTTHH,0,1,
95,4,HHHTTTHH,HTTTHTTT,1,0,
95,5,HTHHTHTH,HTHTHTHT,1,0,
95,6,HHTTHHTT,HTTTTHHH,0,1,
95,7,HTHTHTHT,HTHTTHTH,0,1,
95,8,HTTTHTTT,THTTHTHT,0,1,
95,9,TTHHTTHT,HHTTHTTH,1,0,
95,10,HTTH,HHTT,1,0,
95,11,THTHT,TTHTH,0,1,
95,12,TTHHTTTH,HTTTHTTT,1,0,
95,13,HTHTHTHT,THTHHTHT,0,1,
95,14,HHTTHTTT,HTHTHHTH,1,0,
95,15,HHTTHTTT,HHTTHHTT,1,0,
95,16,THHTH,HTTTH,1,0,
95,17,HTHTTHTH,THTHTHTH,1,0,
95,18,THHT,HHTT,1,0,
95,19,HTHTH,HTHTT,0,1,
95,20,THTHTHHT,HHTTHHTT,1,0,
95,21,THHHTHHH,HHHTTTHH,0,1,
95,22,THTHTHTH,HTHHTHTH,0,1,
95,23,HT,TT,0,1,
95,24,HHTTHHTT,HTHTHTTH,0,1,
95,25,THTTH,HTTTH,1,0,
95,26,HTTTHHTT,HTTTHTTT,1,0,
95,27,HHTTHHTT,HTHTHTHT,1,0,
95,28,THHT,TTHH,1,0,
95,29,HHTTHTTT,HTHHTHTH,0,1,
95,30,HTHTTTTH,THTHHTHT,1,0,
95,31,HTHTHHTH,HTHTHTHT,1,0,
95,32,HHHTHHH,HHHHHTH,1,0,
95,33,THHHHHHT,TTTTHHHH,1,0,
95,34,TT,TH,1,0,
95,35,HTTTTTTH,TTTTHHHH,1,0,
95,36,HTTHTHTH,HHTTHHTT,1,0,
95,37,HTTH,TTHH,1,0,
95,38,HTTTHHTT,THHHTHHH,1,0,
95,39,HHHHTTTT,HHHHTHHH,1,0,
95,40,HHHHTTTT,HTHHHHTH,0,1,
95,41,HTTH,TTHT,0,1,
95,42,THTHTHTH,THTHHTHT,0,1,
95,43,HTHTHHTH,HTHTTTHH,0,1,
95,44,HHTHT,HHTHH,1,0,
95,45,HHHTTHHH,HTTTTTTH,1,0,
95,46,TTHTTHHH,HHTHTHTH,1,0,
95,47,HHTTHHTT,THHTHTHT,0,1,
95,48,THTTTTHT,HHHHTTTT,1,0,
95,49,HHHTTTTH,HHTHHTHH,1,0,
95,50,THHHHHTH,HHHTHHHH,1,0,
95,51,HTHTHTHT,HHTHTHTH,0,1,
95,52,HT,HH,0,1,
95,53,HTHTHTHT,HHTHHTHH,0,1,
95,54,THHT,TTHT,0,1,
95,55,TTTTHHHH,HTHHHHTH,0,1,
95,56,HHHT,HTHH,0,1,
95,57,HTHTH,THTHH,0,1,
95,58,THTHTHHT,TTHHTTHH,1,0,
95,59,HTHHHHHH,TTTHHHHT,0,1,
95,60,HHTTHHTT,TTTHTTTT,0,1,
95,61,HHHHTTTT,HTTTTTTH,0,1,
95,62,HTHTHTHT,HTHHHHTH,0,1,
95,63,TTTTHHHH,HHHHTHHH,0,1,
95,64,HHTHTTTT,HHHTHHHT,1,0,
96,1,HHHTTHTT,TTHHTTHH,1,0,
96,2,HTHTH,TTHTH,0,1,
96,3,HHTTHHTH,HTTHTTHH,1,0,
96,4,HHHTTTHH,HTTTHTTT,0,1,
96,5,HTHTHTHT,HTHHTHTH,0,1,
96,6,HHTTHHTT,HTTTTHHH,0,1,
96,7,HTHTHTHT,HTHTTHTH,0,1,
96,8,THTTHTHT,HTTTHTTT,1,0,
96,9,HHTTHTTH,TTHHTTHT,1,0,
96,10,HHTT,HTTH,0,1,
96,11,THTHT,TTHTH,0,1,
96,12,HTTTHTTT,TTHHTTTH,0,1,
96,13,HTHTHTHT,THTHHTHT,0,1,
96,14,HHTTHTTT,HTHTHHTH,0,1,
96,15,HHTTHHTT,HHTTHTTT,0,1,
96,16,THHTH,HTTTH,1,0,
96,17,THTHTHTH,HTHTTHTH,0,1,
96,18,HHTT,THHT,0,1,
96,19,HTHTT,HTHTH,1,0,
96,20,HHTTHHTT,THTHTHHT,0,1,
96,21,THHHTHHH,HHHTTTHH,1,0,
96,22,HTHHTHTH,THTHTHTH,1,0,
96,23,HT,TT,0,1,
96,24,HHTTHHTT,HTHTHTTH,1,0,
96,25,HTTTH,THTTH,0,1,
96,26,HTTTHTTT,HTTTHHTT,0,1,
96,27,HHTTHHTT,HTHTHTHT,1,0,
96,28,TTHH,THHT,0,1,
96,29,HHTTHTTT,HTHHTHTH,0,1,
96,30,HTHTTTTH,THTHHTHT,0,1,
96,31,HTHTHTHT,HTHTHHTH,0,1,
96,32,HHHHHTH,HHHTHHH,0,1,
96,33,TTTTHHHH,THHHHHHT,1,0,
96,34,TT,TH,0,1,
96,35,HTTTTTTH,TTTTHHHH,1,0,
96,36,HTTHTHTH,HHTTHHTT,0,1,
96,37,HTTH,TTHH,1,0,
96,38,THHHTHHH,HTTTHHTT,0,1,
96,39,HHHHTHHH,HHHHTTTT,1,0,
96,40,HHHHTTTT,HTHHHHTH,0,1,
96,41,HTTH,TTHT,0,1,
96,42,THTHHTHT,THTHTHTH,1,0,
96,43,HTHTHHTH,HTHTTTHH,1,0,
96,44,HHTHH,HHTHT,0,1,
96,45,HHHTTHHH,HTTTTTTH,1,0,
96,46,HHTHTHTH,TTHTTHHH,0,1,
96,47,THHTHTHT,HHTTHHTT,0,1,
96,48,HHHHTTTT,THTTTTHT,0,1,
96,49,HHHTTTTH,HHTHHTHH,0,1,
96,50,THHHHHTH,HHHTHHHH,1,0,
96,51,HHTHTHTH,HTHTHTHT,0,1,
96,52,HT,HH,1,0,
96,53,HTHTHTHT,HHTHHTHH,0,1,
96,54,THHT,TTHT,0,1,
96,55,TTTTHHHH,HTHHHHTH,0,1,
96,56,HHHT,HTHH,0,1,
96,57,HTHTH,THTHH,0,1,
96,58,TTHHTTHH,THTHTHHT,0,1,
96,59,TTTHHHHT,HTHHHHHH,1,0,
96,60,TTTHTTTT,HHTTHHTT,0,1,
96,61,HTTTTTTH,HHHHTTTT,1,0,
96,62,HTHHHHTH,HTHTHTHT,1,0,
96,63,HHHHTHHH,TTTTHHHH,1,0,
96,64,HHTHTTTT,HHHTHHHT,1,0,
97,1,TTHHTTHH,HHHTTHTT,0,1,
97,2,HTHTH,TTHTH,0,1,
97,3,HHTTHHTH,HTTHTTHH,1,0,
97,4,HTTTHTTT,HHHTTTHH,1,0,
97,5,HTHHTHTH,HTHTHTHT,1,0,
97,6,HHTTHHTT,HTTTTHHH,0,1,
97,7,HTHTHTHT,HTHTTHTH,0,1,
97,8,THTTHTHT,HTTTHTTT,1,0,
97,9,HHTTHTTH,TTHHTTHT,1,0,
97,10,HTTH,HHTT,1,0,
97,11,TTHTH,THTHT,1,0,
97,12,TTHHTTTH,HTTTHTTT,0,1,
97,13,THTHHTHT,HTHTHTHT,1,0,
97,14,HTHTHHTH,HHTTHTTT,0,1,
97,15,HHTTHTTT,HHTTHHTT,0,1,
97,16,HTTTH,THHTH,0,1,
97,17,HTHTTHTH,THTHTHTH,1,0,
97,18,THHT,HHTT,1,0,
97,19,HTHTH,HTHTT,0,1,
97,20,THTHTHHT,HHTTHHTT,1,0,
97,21,HHHTTTHH,THHHTHHH,1,0,
97,22,THTHTHTH,HTHHTHTH,0,1,
97,23,TT,HT,0,1,
97,24,HTHTHTTH,HHTTHHTT,1,0,
97,25,HTTTH,THTTH,0,1,
97,26,HTTTHHTT,HTTTHTTT,1,0,
97,27,HTHTHTHT,HHTTHHTT,0,1,
97,28,THHT,TTHH,1,0,
97,29,HTHHTHTH,HHTTHTTT,0,1,
97,30,HTHTTTTH,THTHHTHT,1,0,
97,31,HTHTHHTH,HTHTHTHT,1,0,
97,32,HHHHHTH,HHHTHHH,1,0,
97,33,THHHHHHT,TTTTHHHH,1,0,
97,34,TT,TH,0,1,
97,35,HTTTTTTH,TTTTHHHH,1,0,
97,36,HTTHTHTH,HHTTHHTT,1,0,
97,37,TTHH,HTTH,1,0,
97,38,HTTTHHTT,THHHTHHH,1,0,
97,39,HHHHTTTT,HHHHTHHH,0,1,
97,40,HHHHTTTT,HTHHHHTH,0,1,
97,41,HTTH,TTHT,0,1,
97,42,THTHHTHT,THTHTHTH,1,0,
97,43,HTHTHHTH,HTHTTTHH,1,0,
97,44,HHTHH,HHTHT,0,1,
97,45,HTTTTTTH,HHHTTHHH,1,0,
97,46,TTHTTHHH,HHTHTHTH,1,0,
97,47,THHTHTHT,HHTTHHTT,0,1,
97,48,HHHHTTTT,THTTTTHT,0,1,
97,49,HHHTTTTH,HHTHHTHH,1,0,
97,50,THHHHHTH,HHHTHHHH,1,0,
97,51,HHTHTHTH,HTHTHTHT,1,0,
97,52,HH,HT,0,1,
97,53,HTHTHTHT,HHTHHTHH,1,0,
97,54,THHT,TTHT,0,1,
97,55,TTTTHHHH,HTHHHHTH,0,1,
97,56,HTHH,HHHT,0,1,
97,57,THTHH,HTHTH,1,0,
97,58,THTHTHHT,TTHHTTHH,1,0,
97,59,TTTHHHHT,HTHHHHHH,0,1,
97,60,HHTTHHTT,TTTHTTTT,0,1,
97,61,HTTTTTTH,HHHHTTTT,1,0,
97,62,HTHHHHTH,HTHTHTHT,1,0,
97,63,HHHHTHHH,TTTTHHHH,1,0,
97,64,HHTHTTTT,HHHTHHHT,1,0,
98,1,TTHHTTHH,HHHTTHTT,1,0,
98,2,TTHTH,HTHTH,1,0,
98,3,HTTHTTHH,HHTTHHTH,0,1,
98,4,HHHTTTHH,HTTTHTTT,0,1,
98,5,HTHTHTHT,HTHHTHTH,0,1,
98,6,HTTTTHHH,HHTTHHTT,1,0,
98,7,HTHTTHTH,HTHTHTHT,1,0,
98,8,HTTTHTTT,THTTHTHT,0,1,
98,9,TTHHTTHT,HHTTHTTH,1,0,
98,10,HHTT,HTTH,0,1,
98,11,TTHTH,THTHT,1,0,
98,12,TTHHTTTH,HTTTHTTT,1,0,
98,13,HTHTHTHT,THTHHTHT,0,1,
98,14,HTHTHHTH,HHTTHTTT,0,1,
98,15,HHTTHHTT,HHTTHTTT,0,1,
98,16,THHTH,HTTTH,1,0,
98,17,THTHTHTH,HTHTTHTH,0,1,
98,18,HHTT,THHT,0,1,
98,19,HTHTT,HTHTH,1,0,
98,20,HHTTHHTT,THTHTHHT,0,1,
98,21,THHHTHHH,HHHTTTHH,0,1,
98,22,THTHTHTH,HTHHTHTH,0,1,
98,23,TT,HT,0,1,
98,24,HHTTHHTT,HTHTHTTH,0,1,
98,25,HTTTH,THTTH,0,1,
98,26,HTTTHHTT,HTTTHTTT,1,0,
98,27,HTHTHTHT,HHTTHHTT,0,1,
98,28,TTHH,THHT,0,1,
98,29,HHTTHTTT,HTHHTHTH,1,0,
98,30,THTHHTHT,HTHTTTTH,0,1,
98,31,HTHTHTHT,HTHTHHTH,0,1,
98,32,HHHHHTH,HHHTHHH,1,0,
98,33,THHHHHHT,TTTTHHHH,1,0,
98,34,TH,TT,1,0,
98,35,TTTTHHHH,HTTTTTTH,0,1,
98,36,HHTTHHTT,HTTHTHTH,0,1,
98,37,TTHH,HTTH,0,1,
98,38,HTTTHHTT,THHHTHHH,1,0,
98,39,HHHHTTTT,HHHHTHHH,0,1,
98,40,HTHHHHTH,HHHHTTTT,1,0,
98,41,HTTH,TTHT,0,1,
98,42,THTHHTHT,THTHTHTH,1,0,
98,43,HTHTHHTH,HTHTTTHH,0,1,
98,44,HHTHT,HHTHH,1,0,
98,45,HHHTTHHH,HTTTTTTH,1,0,
98,46,TTHTTHHH,HHTHTHTH,1,0,
98,47,HHTTHHTT,THHTHTHT,0,1,
98,48,HHHHTTTT,THTTTTHT,0,1,
98,49,HHHTTTTH,HHTHHTHH,0,1,
98,50,HHHTHHHH,THHHHHTH,0,1,
98,51,HHTHTHTH,HTHTHTHT,1,0,
98,52,HT,HH,1,0,
98,53,HHTHHTHH,HTHTHTHT,1,0,
98,54,TTHT,THHT,0,1,
98,55,TTTTHHHH,HTHHHHTH,0,1,
98,56,HHHT,HTHH,1,0,
98,57,HTHTH,THTHH,0,1,
98,58,THTHTHHT,TTHHTTHH,1,0,
98,59,TTTHHHHT,HTHHHHHH,0,1,
98,60,TTTHTTTT,HHTTHHTT,0,1,
98,61,HHHHTTTT,HTTTTTTH,0,1,
98,62,HTHHHHTH,HTHTHTHT,1,0,
98,63,HHHHTHHH,TTTTHHHH,1,0,
98,64,HHHTHHHT,HHTHTTTT,0,1,
99,1,TTHHTTHH,HHHTTHTT,0,1,
99,2,HTHTH,TTHTH,0,1,
99,3,HTTHTTHH,HHTTHHTH,0,1,
99,4,HHHTTTHH,HTTTHTTT,1,0,
99,5,HTHTHTHT,HTHHTHTH,0,1,
99,6,HHTTHHTT,HTTTTHHH,0,1,
99,7,HTHTTHTH,HTHTHTHT,0,1,
99,8,HTTTHTTT,THTTHTHT,0,1,
99,9,TTHHTTHT,HHTTHTTH,1,0,
99,10,HHTT,HTTH,0,1,
99,11,TTHTH,THTHT,1,0,
99,12,HTTTHTTT,TTHHTTTH,0,1,
99,13,THTHHTHT,HTHTHTHT,1,0,
99,14,HTHTHHTH,HHTTHTTT,1,0,
99,15,HHTTHTTT,HHTTHHTT,1,0,
99,16,THHTH,HTTTH,1,0,
99,17,THTHTHTH,HTHTTHTH,0,1,
99,18,HHTT,THHT,0,1,
99,19,HTHTT,HTHTH,1,0,
99,20,HHTTHHTT,THTHTHHT,0,1,
99,21,HHHTTTHH,THHHTHHH,0,1,
99,22,HTHHTHTH,THTHTHTH,1,0,
99,23,HT,TT,1,0,
99,24,HTHTHTTH,HHTTHHTT,1,0,
99,25,HTTTH,THTTH,0,1,
99,26,HTTTHHTT,HTTTHTTT,1,0,
99,27,HHTTHHTT,HTHTHTHT,1,0,
99,28,TTHH,THHT,0,1,
99,29,HTHHTHTH,HHTTHTTT,1,0,
99,30,HTHTTTTH,THTHHTHT,1,0,
99,31,HTHTHHTH,HTHTHTHT,1,0,
99,32,HHHTHHH,HHHHHTH,1,0,
99,33,TTTTHHHH,THHHHHHT,0,1,
99,34,TH,TT,1,0,
99,35,TTTTHHHH,HTTTTTTH,1,0,
99,36,HHTTHHTT,HTTHTHTH,0,1,
99,37,TTHH,HTTH,0,1,
99,38,THHHTHHH,HTTTHHTT,0,1,
99,39,HHHHTHHH,HHHHTTTT,1,0,
99,40,HHHHTTTT,HTHHHHTH,0,1,
99,41,HTTH,TTHT,0,1,
99,42,THTHTHTH,THTHHTHT,0,1,
99,43,HTHTTTHH,HTHTHHTH,0,1,
99,44,HHTHH,HHTHT,0,1,
99,45,HHHTTHHH,HTTTTTTH,0,1,
99,46,HHTHTHTH,TTHTTHHH,0,1,
99,47,HHTTHHTT,THHTHTHT,0,1,
99,48,THTTTTHT,HHHHTTTT,1,0,
99,49,HHTHHTHH,HHHTTTTH,0,1,
99,50,HHHTHHHH,THHHHHTH,0,1,
99,51,HHTHTHTH,HTHTHTHT,1,0,
99,52,HT,HH,1,0,
99,53,HHTHHTHH,HTHTHTHT,1,0,
99,54,THHT,TTHT,0,1,
99,55,HTHHHHTH,TTTTHHHH,1,0,
99,56,HHHT,HTHH,0,1,
99,57,THTHH,HTHTH,1,0,
99,58,THTHTHHT,TTHHTTHH,1,0,
99,59,HTHHHHHH,TTTHHHHT,0,1,
99,60,HHTTHHTT,TTTHTTTT,1,0,
99,61,HHHHTTTT,HTTTTTTH,0,1,
99,62,HTHHHHTH,HTHTHTHT,1,0,
99,63,TTTTHHHH,HHHHTHHH,0,1,
99,64,HHHTHHHT,HHTHTTTT,0,1,
100,1,TTHHTTHH,HHHTTHTT,0,1,
100,2,TTHTH,HTHTH,1,0,
100,3,HTTHTTHH,HHTTHHTH,1,0,
100,4,HTTTHTTT,HHHTTTHH,0,1,
100,5,HTHTHTHT,HTHHTHTH,1,0,
100,6,HTTTTHHH,HHTTHHTT,1,0,
100,7,HTHTHTHT,HTHTTHTH,1,0,
100,8,THTTHTHT,HTTTHTTT,1,0,
100,9,HHTTHTTH,TTHHTTHT,0,1,
100,10,HTTH,HHTT,1,0,
100,11,TTHTH,THTHT,1,0,
100,12,TTHHTTTH,HTTTHTTT,1,0,
100,13,HTHTHTHT,THTHHTHT,0,1,
100,14,HTHTHHTH,HHTTHTTT,1,0,
100,15,HHTTHHTT,HHTTHTTT,1,0,
100,16,THHTH,HTTTH,1,0,
100,17,THTHTHTH,HTHTTHTH,1,0,
100,18,HHTT,THHT,0,1,
100,19,HTHTT,HTHTH,1,0,
100,20,THTHTHHT,HHTTHHTT,0,1,
100,21,HHHTTTHH,THHHTHHH,0,1,
100,22,HTHHTHTH,THTHTHTH,1,0,
100,23,TT,HT,1,0,
100,24,HHTTHHTT,HTHTHTTH,1,0,
100,25,HTTTH,THTTH,1,0,
100,26,HTTTHHTT,HTTTHTTT,1,0,
100,27,HHTTHHTT,HTHTHTHT,0,1,
100,28,TTHH,THHT,0,1,
100,29,HTHHTHTH,HHTTHTTT,1,0,
100,30,HTHTTTTH,THTHHTHT,0,1,
100,31,HTHTHHTH,HTHTHTHT,1,0,
100,32,HHHHHTH,HHHTHHH,1,0,
100,33,TTTTHHHH,THHHHHHT,0,1,
100,34,TH,TT,1,0,
100,35,HTTTTTTH,TTTTHHHH,1,0,
100,36,HHTTHHTT,HTTHTHTH,1,0,
100,37,HTTH,TTHH,0,1,
100,38,THHHTHHH,HTTTHHTT,1,0,
100,39,HHHHTTTT,HHHHTHHH,1,0,
100,40,HTHHHHTH,HHHHTTTT,1,0,
100,41,TTHT,HTTH,1,0,
100,42,THTHTHTH,THTHHTHT,1,0,
100,43,HTHTHHTH,HTHTTTHH,1,0,
100,44,HHTHT,HHTHH,0,1,
100,45,HHHTTHHH,HTTTTTTH,1,0,
100,46,TTHTTHHH,HHTHTHTH,0,1,
100,47,THHTHTHT,HHTTHHTT,0,1,
100,48,THTTTTHT,HHHHTTTT,1,0,
100,49,HHTHHTHH,HHHTTTTH,1,0,
100,50,HHHTHHHH,THHHHHTH,1,0,
100,51,HHTHTHTH,HTHTHTHT,1,0,
100,52,HH,HT,1,0,
100,53,HHTHHTHH,HTHTHTHT,1,0,
100,54,THHT,TTHT,1,0,
100,55,HTHHHHTH,TTTTHHHH,0,1,
100,56,HHHT,HTHH,1,0,
100,57,HTHTH,THTHH,1,0,
100,58,TTHHTTHH,THTHTHHT,1,0,
100,59,HTHHHHHH,TTTHHHHT,1,0,
100,60,TTTHTTTT,HHTTHHTT,0,1,
100,61,HHHHTTTT,HTTTTTTH,1,0,
100,62,HTHHHHTH,HTHTHTHT,1,0,
100,63,HHHHTHHH,TTTTHHHH,0,1,
100,64,HHHTHHHT,HHTHTTTT,1,0,
101,1,TTHHTTHH,HHHTTHTT,0,1,
101,2,HTHTH,TTHTH,1,0,
101,3,HHTTHHTH,HTTHTTHH,0,1,
101,4,HHHTTTHH,HTTTHTTT,0,1,
101,5,HTHHTHTH,HTHTHTHT,1,0,
101,6,HTTTTHHH,HHTTHHTT,0,1,
101,7,HTHTHTHT,HTHTTHTH,0,1,
101,8,HTTTHTTT,THTTHTHT,0,1,
101,9,TTHHTTHT,HHTTHTTH,1,0,
101,10,HTTH,HHTT,1,0,
101,11,TTHTH,THTHT,1,0,
101,12,HTTTHTTT,TTHHTTTH,1,0,
101,13,HTHTHTHT,THTHHTHT,0,1,
101,14,HTHTHHTH,HHTTHTTT,1,0,
101,15,HHTTHHTT,HHTTHTTT,1,0,
101,16,HTTTH,THHTH,1,0,
101,17,HTHTTHTH,THTHTHTH,1,0,
101,18,HHTT,THHT,0,1,
101,19,HTHTH,HTHTT,0,1,
101,20,HHTTHHTT,THTHTHHT,1,0,
101,21,THHHTHHH,HHHTTTHH,0,1,
101,22,THTHTHTH,HTHHTHTH,0,1,
101,23,HT,TT,1,0,
101,24,HHTTHHTT,HTHTHTTH,1,0,
101,25,THTTH,HTTTH,0,1,
101,26,HTTTHTTT,HTTTHHTT,0,1,
101,27,HHTTHHTT,HTHTHTHT,1,0,
101,28,TTHH,THHT,0,1,
101,29,HTHHTHTH,HHTTHTTT,1,0,
101,30,HTHTTTTH,THTHHTHT,1,0,
101,31,HTHTHTHT,HTHTHHTH,0,1,
101,32,HHHTHHH,HHHHHTH,1,0,
101,33,TTTTHHHH,THHHHHHT,0,1,
101,34,TT,TH,0,1,
101,35,HTTTTTTH,TTTTHHHH,1,0,
101,36,HHTTHHTT,HTTHTHTH,0,1,
101,37,HTTH,TTHH,1,0,
101,38,THHHTHHH,HTTTHHTT,0,1,
101,39,HHHHTHHH,HHHHTTTT,1,0,
101,40,HHHHTTTT,HTHHHHTH,0,1,
101,41,TTHT,HTTH,0,1,
101,42,THTHHTHT,THTHTHTH,1,0,
101,43,HTHTHHTH,HTHTTTHH,0,1,
101,44,HHTHH,HHTHT,0,1,
101,45,HHHTTHHH,HTTTTTTH,1,0,
101,46,HHTHTHTH,TTHTTHHH,0,1,
101,47,HHTTHHTT,THHTHTHT,1,0,
101,48,THTTTTHT,HHHHTTTT,1,0,
101,49,HHTHHTHH,HHHTTTTH,1,0,
101,50,THHHHHTH,HHHTHHHH,1,0,
101,51,HHTHTHTH,HTHTHTHT,1,0,
101,52,HH,HT,0,1,
101,53,HHTHHTHH,HTHTHTHT,1,0,
101,54,THHT,TTHT,1,0,
101,55,TTTTHHHH,HTHHHHTH,0,1,
101,56,HHHT,HTHH,1,0,
101,57,THTHH,HTHTH,1,0,
101,58,TTHHTTHH,THTHTHHT,1,0,
101,59,TTTHHHHT,HTHHHHHH,1,0,
101,60,TTTHTTTT,HHTTHHTT,0,1,
101,61,HHHHTTTT,HTTTTTTH,1,0,
101,62,HTHTHTHT,HTHHHHTH,0,1,
101,63,TTTTHHHH,HHHHTHHH,0,1,
101,64,HHTHTTTT,HHHTHHHT,1,0,
102,1,HHHTTHTT,TTHHTTHH,0,1,
102,2,HTHTH,TTHTH,0,1,
102,3,HTTHTTHH,HHTTHHTH,1,0,
102,4,HTTTHTTT,HHHTTTHH,0,1,
102,5,HTHHTHTH,HTHTHTHT,1,0,
102,6,HTTTTHHH,HHTTHHTT,0,1,
102,7,HTHTTHTH,HTHTHTHT,1,0,
102,8,HTTTHTTT,THTTHTHT,0,1,
102,9,TTHHTTHT,HHTTHTTH,1,0,
102,10,HHTT,HTTH,1,0,
102,11,THTHT,TTHTH,0,1,
102,12,TTHHTTTH,HTTTHTTT,1,0,
102,13,HTHTHTHT,THTHHTHT,0,1,
102,14,HHTTHTTT,HTHTHHTH,0,1,
102,15,HHTTHTTT,HHTTHHTT,1,0,
102,16,HTTTH,THHTH,0,1,
102,17,THTHTHTH,HTHTTHTH,0,1,
102,18,HHTT,THHT,0,1,
102,19,HTHTT,HTHTH,1,0,
102,20,HHTTHHTT,THTHTHHT,0,1,
102,21,HHHTTTHH,THHHTHHH,1,0,
102,22,THTHTHTH,HTHHTHTH,0,1,
102,23,TT,HT,0,1,
102,24,HHTTHHTT,HTHTHTTH,0,1,
102,25,THTTH,HTTTH,1,0,
102,26,HTTTHTTT,HTTTHHTT,0,1,
102,27,HHTTHHTT,HTHTHTHT,1,0,
102,28,TTHH,THHT,0,1,
102,29,HTHHTHTH,HHTTHTTT,1,0,
102,30,THTHHTHT,HTHTTTTH,1,0,
102,31,HTHTHTHT,HTHTHHTH,0,1,
102,32,HHHHHTH,HHHTHHH,0,1,
102,33,TTTTHHHH,THHHHHHT,1,0,
102,34,TT,TH,0,1,
102,35,HTTTTTTH,TTTTHHHH,0,1,
102,36,HTTHTHTH,HHTTHHTT,1,0,
102,37,HTTH,TTHH,1,0,
102,38,HTTTHHTT,THHHTHHH,1,0,
102,39,HHHHTTTT,HHHHTHHH,1,0,
102,40,HTHHHHTH,HHHHTTTT,1,0,
102,41,TTHT,HTTH,1,0,
102,42,THTHTHTH,THTHHTHT,0,1,
102,43,HTHTHHTH,HTHTTTHH,1,0,
102,44,HHTHT,HHTHH,1,0,
102,45,HTTTTTTH,HHHTTHHH,0,1,
102,46,TTHTTHHH,HHTHTHTH,0,1,
102,47,HHTTHHTT,THHTHTHT,0,1,
102,48,THTTTTHT,HHHHTTTT,1,0,
102,49,HHTHHTHH,HHHTTTTH,1,0,
102,50,THHHHHTH,HHHTHHHH,1,0,
102,51,HTHTHTHT,HHTHTHTH,0,1,
102,52,HT,HH,1,0,
102,53,HHTHHTHH,HTHTHTHT,1,0,
102,54,TTHT,THHT,0,1,
102,55,TTTTHHHH,HTHHHHTH,0,1,
102,56,HTHH,HHHT,1,0,
102,57,HTHTH,THTHH,0,1,
102,58,THTHTHHT,TTHHTTHH,1,0,
102,59,HTHHHHHH,TTTHHHHT,0,1,
102,60,HHTTHHTT,TTTHTTTT,0,1,
102,61,HTTTTTTH,HHHHTTTT,1,0,
102,62,HTHHHHTH,HTHTHTHT,1,0,
102,63,HHHHTHHH,TTTTHHHH,1,0,
102,64,HHTHTTTT,HHHTHHHT,1,0,
103,1,TTHHTTHH,HHHTTHTT,0,1,
103,2,TTHTH,HTHTH,1,0,
103,3,HHTTHHTH,HTTHTTHH,1,0,
103,4,HTTTHTTT,HHHTTTHH,0,1,
103,5,HTHTHTHT,HTHHTHTH,0,1,
103,6,HTTTTHHH,HHTTHHTT,1,0,
103,7,HTHTTHTH,HTHTHTHT,1,0,
103,8,HTTTHTTT,THTTHTHT,0,1,
103,9,HHTTHTTH,TTHHTTHT,1,0,
103,10,HTTH,HHTT,1,0,
103,11,TTHTH,THTHT,1,0,
103,12,TTHHTTTH,HTTTHTTT,1,0,
103,13,THTHHTHT,HTHTHTHT,1,0,
103,14,HTHTHHTH,HHTTHTTT,1,0,
103,15,HHTTHTTT,HHTTHHTT,1,0,
103,16,HTTTH,THHTH,0,1,
103,17,HTHTTHTH,THTHTHTH,1,0,
103,18,HHTT,THHT,0,1,
103,19,HTHTT,HTHTH,1,0,
103,20,HHTTHHTT,THTHTHHT,0,1,
103,21,THHHTHHH,HHHTTTHH,0,1,
103,22,HTHHTHTH,THTHTHTH,1,0,
103,23,TT,HT,1,0,
103,24,HTHTHTTH,HHTTHHTT,1,0,
103,25,THTTH,HTTTH,0,1,
103,26,HTTTHHTT,HTTTHTTT,1,0,
103,27,HTHTHTHT,HHTTHHTT,0,1,
103,28,TTHH,THHT,1,0,
103,29,HTHHTHTH,HHTTHTTT,0,1,
103,30,HTHTTTTH,THTHHTHT,1,0,
103,31,HTHTHHTH,HTHTHTHT,1,0,
103,32,HHHTHHH,HHHHHTH,0,1,
103,33,TTTTHHHH,THHHHHHT,0,1,
103,34,TH,TT,0,1,
103,35,TTTTHHHH,HTTTTTTH,0,1,
103,36,HHTTHHTT,HTTHTHTH,0,1,
103,37,HTTH,TTHH,1,0,
103,38,THHHTHHH,HTTTHHTT,0,1,
103,39,HHHHTTTT,HHHHTHHH,1,0,
103,40,HHHHTTTT,HTHHHHTH,1,0,
103,41,TTHT,HTTH,1,0,
103,42,THTHTHTH,THTHHTHT,0,1,
103,43,HTHTTTHH,HTHTHHTH,1,0,
103,44,HHTHH,HHTHT,0,1,
103,45,HHHTTHHH,HTTTTTTH,0,1,
103,46,TTHTTHHH,HHTHTHTH,1,0,
103,47,HHTTHHTT,THHTHTHT,0,1,
103,48,HHHHTTTT,THTTTTHT,0,1,
103,49,HHTHHTHH,HHHTTTTH,0,1,
103,50,HHHTHHHH,THHHHHTH,0,1,
103,51,HTHTHTHT,HHTHTHTH,0,1,
103,52,HH,HT,1,0,
103,53,HHTHHTHH,HTHTHTHT,1,0,
103,54,THHT,TTHT,0,1,
103,55,HTHHHHTH,TTTTHHHH,1,0,
103,56,HTHH,HHHT,0,1,
103,57,HTHTH,THTHH,0,1,
103,58,TTHHTTHH,THTHTHHT,0,1,
103,59,HTHHHHHH,TTTHHHHT,1,0,
103,60,HHTTHHTT,TTTHTTTT,0,1,
103,61,HTTTTTTH,HHHHTTTT,1,0,
103,62,HTHHHHTH,HTHTHTHT,1,0,
103,63,TTTTHHHH,HHHHTHHH,0,1,
103,64,HHHTHHHT,HHTHTTTT,0,1,
104,1,HHHTTHTT,TTHHTTHH,1,0,
104,2,HTHTH,TTHTH,0,1,
104,3,HHTTHHTH,HTTHTTHH,1,0,
104,4,HHHTTTHH,HTTTHTTT,1,0,
104,5,HTHTHTHT,HTHHTHTH,0,1,
104,6,HHTTHHTT,HTTTTHHH,0,1,
104,7,HTHTHTHT,HTHTTHTH,0,1,
104,8,THTTHTHT,HTTTHTTT,1,0,
104,9,TTHHTTHT,HHTTHTTH,0,1,
104,10,HHTT,HTTH,0,1,
104,11,TTHTH,THTHT,1,0,
104,12,HTTTHTTT,TTHHTTTH,0,1,
104,13,THTHHTHT,HTHTHTHT,1,0,
104,14,HTHTHHTH,HHTTHTTT,1,0,
104,15,HHTTHTTT,HHTTHHTT,1,0,
104,16,THHTH,HTTTH,1,0,
104,17,THTHTHTH,HTHTTHTH,0,1,
104,18,THHT,HHTT,1,0,
104,19,HTHTT,HTHTH,1,0,
104,20,THTHTHHT,HHTTHHTT,1,0,
104,21,THHHTHHH,HHHTTTHH,0,1,
104,22,THTHTHTH,HTHHTHTH,0,1,
104,23,HT,TT,0,1,
104,24,HHTTHHTT,HTHTHTTH,0,1,
104,25,THTTH,HTTTH,0,1,
104,26,HTTTHHTT,HTTTHTTT,1,0,
104,27,HTHTHTHT,HHTTHHTT,0,1,
104,28,TTHH,THHT,0,1,
104,29,HTHHTHTH,HHTTHTTT,1,0,
104,30,THTHHTHT,HTHTTTTH,0,1,
104,31,HTHTHHTH,HTHTHTHT,1,0,
104,32,HHHTHHH,HHHHHTH,0,1,
104,33,TTTTHHHH,THHHHHHT,0,1,
104,34,TH,TT,0,1,
104,35,TTTTHHHH,HTTTTTTH,0,1,
104,36,HHTTHHTT,HTTHTHTH,0,1,
104,37,TTHH,HTTH,0,1,
104,38,THHHTHHH,HTTTHHTT,0,1,
104,39,HHHHTTTT,HHHHTHHH,0,1,
104,40,HTHHHHTH,HHHHTTTT,1,0,
104,41,TTHT,HTTH,1,0,
104,42,THTHHTHT,THTHTHTH,1,0,
104,43,HTHTHHTH,HTHTTTHH,0,1,
104,44,HHTHH,HHTHT,0,1,
104,45,HTTTTTTH,HHHTTHHH,1,0,
104,46,HHTHTHTH,TTHTTHHH,0,1,
104,47,HHTTHHTT,THHTHTHT,0,1,
104,48,HHHHTTTT,THTTTTHT,0,1,
104,49,HHTHHTHH,HHHTTTTH,0,1,
104,50,HHHTHHHH,THHHHHTH,0,1,
104,51,HHTHTHTH,HTHTHTHT,1,0,
104,52,HH,HT,1,0,
104,53,HTHTHTHT,HHTHHTHH,0,1,
104,54,TTHT,THHT,1,0,
104,55,HTHHHHTH,TTTTHHHH,1,0,
104,56,HTHH,HHHT,1,0,
104,57,THTHH,HTHTH,1,0,
104,58,TTHHTTHH,THTHTHHT,0,1,
104,59,HTHHHHHH,TTTHHHHT,0,1,
104,60,TTTHTTTT,HHTTHHTT,1,0,
104,61,HHHHTTTT,HTTTTTTH,0,1,
104,62,HTHHHHTH,HTHTHTHT,1,0,
104,63,TTTTHHHH,HHHHTHHH,0,1,
104,64,HHTHTTTT,HHHTHHHT,1,0,
105,1,TTHHTTHH,HHHTTHTT,0,1,
105,2,HTHTH,TTHTH,0,1,
105,3,HTTHTTHH,HHTTHHTH,1,0,
105,4,HHHTTTHH,HTTTHTTT,1,0,
105,5,HTHTHTHT,HTHHTHTH,0,1,
105,6,HTTTTHHH,HHTTHHTT,1,0,
105,7,HTHTHTHT,HTHTTHTH,0,1,
105,8,THTTHTHT,HTTTHTTT,1,0,
105,9,HHTTHTTH,TTHHTTHT,0,1,
105,10,HHTT,HTTH,0,1,
105,11,TTHTH,THTHT,1,0,
105,12,HTTTHTTT,TTHHTTTH,1,0,
105,13,THTHHTHT,HTHTHTHT,1,0,
105,14,HTHTHHTH,HHTTHTTT,0,1,
105,15,HHTTHHTT,HHTTHTTT,0,1,
105,16,HTTTH,THHTH,1,0,
105,17,HTHTTHTH,THTHTHTH,1,0,
105,18,HHTT,THHT,0,1,
105,19,HTHTT,HTHTH,1,0,
105,20,HHTTHHTT,THTHTHHT,1,0,
105,21,THHHTHHH,HHHTTTHH,1,0,
105,22,HTHHTHTH,THTHTHTH,1,0,
105,23,HT,TT,0,1,
105,24,HHTTHHTT,HTHTHTTH,1,0,
105,25,THTTH,HTTTH,0,1,
105,26,HTTTHHTT,HTTTHTTT,0,1,
105,27,HTHTHTHT,HHTTHHTT,1,0,
105,28,TTHH,THHT,0,1,
105,29,HTHHTHTH,HHTTHTTT,0,1,
105,30,HTHTTTTH,THTHHTHT,1,0,
105,31,HTHTHHTH,HTHTHTHT,1,0,
105,32,HHHHHTH,HHHTHHH,1,0,
105,33,TTTTHHHH,THHHHHHT,0,1,
105,34,TH,TT,0,1,
105,35,TTTTHHHH,HTTTTTTH,0,1,
105,36,HTTHTHTH,HHTTHHTT,1,0,
105,37,HTTH,TTHH,1,0,
105,38,HTTTHHTT,THHHTHHH,1,0,
105,39,HHHHTHHH,HHHHTTTT,1,0,
105,40,HHHHTTTT,HTHHHHTH,0,1,
105,41,TTHT,HTTH,0,1,
105,42,THTHTHTH,THTHHTHT,1,0,
105,43,HTHTHHTH,HTHTTTHH,0,1,
105,44,HHTHT,HHTHH,1,0,
105,45,HTTTTTTH,HHHTTHHH,1,0,
105,46,HHTHTHTH,TTHTTHHH,0,1,
105,47,THHTHTHT,HHTTHHTT,1,0,
105,48,HHHHTTTT,THTTTTHT,1,0,
105,49,HHHTTTTH,HHTHHTHH,1,0,
105,50,THHHHHTH,HHHTHHHH,1,0,
105,51,HHTHTHTH,HTHTHTHT,1,0,
105,52,HH,HT,0,1,
105,53,HHTHHTHH,HTHTHTHT,1,0,
105,54,THHT,TTHT,1,0,
105,55,HTHHHHTH,TTTTHHHH,0,1,
105,56,HHHT,HTHH,0,1,
105,57,THTHH,HTHTH,1,0,
105,58,THTHTHHT,TTHHTTHH,1,0,
105,59,HTHHHHHH,TTTHHHHT,1,0,
105,60,HHTTHHTT,TTTHTTTT,1,0,
105,61,HTTTTTTH,HHHHTTTT,1,0,
105,62,HTHHHHTH,HTHTHTHT,0,1,
105,63,HHHHTHHH,TTTTHHHH,1,0,
105,64,HHTHTTTT,HHHTHHHT,1,0,
106,1,TTHHTTHH,HHHTTHTT,1,0,
106,2,TTHTH,HTHTH,1,0,
106,3,HHTTHHTH,HTTHTTHH,0,1,
106,4,HTTTHTTT,HHHTTTHH,0,1,
106,5,HTHHTHTH,HTHTHTHT,1,0,
106,6,HHTTHHTT,HTTTTHHH,1,0,
106,7,HTHTHTHT,HTHTTHTH,0,1,
106,8,HTTTHTTT,THTTHTHT,0,1,
106,9,TTHHTTHT,HHTTHTTH,0,1,
106,10,HTTH,HHTT,1,0,
106,11,TTHTH,THTHT,1,0,
106,12,TTHHTTTH,HTTTHTTT,1,0,
106,13,THTHHTHT,HTHTHTHT,1,0,
106,14,HTHTHHTH,HHTTHTTT,1,0,
106,15,HHTTHTTT,HHTTHHTT,1,0,
106,16,THHTH,HTTTH,1,0,
106,17,THTHTHTH,HTHTTHTH,0,1,
106,18,HHTT,THHT,0,1,
106,19,HTHTT,HTHTH,1,0,
106,20,HHTTHHTT,THTHTHHT,0,1,
106,21,THHHTHHH,HHHTTTHH,0,1,
106,22,HTHHTHTH,THTHTHTH,1,0,
106,23,TT,HT,0,1,
106,24,HHTTHHTT,HTHTHTTH,0,1,
106,25,HTTTH,THTTH,0,1,
106,26,HTTTHHTT,HTTTHTTT,1,0,
106,27,HHTTHHTT,HTHTHTHT,0,1,
106,28,THHT,TTHH,1,0,
106,29,HHTTHTTT,HTHHTHTH,0,1,
106,30,THTHHTHT,HTHTTTTH,1,0,
106,31,HTHTHHTH,HTHTHTHT,1,0,
106,32,HHHTHHH,HHHHHTH,0,1,
106,33,TTTTHHHH,THHHHHHT,1,0,
106,34,TT,TH,0,1,
106,35,TTTTHHHH,HTTTTTTH,1,0,
106,36,HTTHTHTH,HHTTHHTT,0,1,
106,37,HTTH,TTHH,1,0,
106,38,HTTTHHTT,THHHTHHH,1,0,
106,39,HHHHTTTT,HHHHTHHH,1,0,
106,40,HHHHTTTT,HTHHHHTH,0,1,
106,41,TTHT,HTTH,0,1,
106,42,THTHTHTH,THTHHTHT,0,1,
106,43,HTHTHHTH,HTHTTTHH,1,0,
106,44,HHTHH,HHTHT,1,0,
106,45,HHHTTHHH,HTTTTTTH,1,0,
106,46,TTHTTHHH,HHTHTHTH,1,0,
106,47,THHTHTHT,HHTTHHTT,1,0,
106,48,THTTTTHT,HHHHTTTT,1,0,
106,49,HHHTTTTH,HHTHHTHH,0,1,
106,50,THHHHHTH,HHHTHHHH,1,0,
106,51,HHTHTHTH,HTHTHTHT,0,1,
106,52,HT,HH,0,1,
106,53,HHTHHTHH,HTHTHTHT,0,1,
106,54,THHT,TTHT,0,1,
106,55,TTTTHHHH,HTHHHHTH,0,1,
106,56,HTHH,HHHT,1,0,
106,57,THTHH,HTHTH,1,0,
106,58,THTHTHHT,TTHHTTHH,1,0,
106,59,TTTHHHHT,HTHHHHHH,1,0,
106,60,HHTTHHTT,TTTHTTTT,0,1,
106,61,HHHHTTTT,HTTTTTTH,0,1,
106,62,HTHHHHTH,HTHTHTHT,1,0,
106,63,TTTTHHHH,HHHHTHHH,0,1,
106,64,HHTHTTTT,HHHTHHHT,0,1,
107,1,HHHTTHTT,TTHHTTHH,1,0,
107,2,TTHTH,HTHTH,1,0,
107,3,HHTTHHTH,HTTHTTHH,0,1,
107,4,HHHTTTHH,HTTTHTTT,1,0,
107,5,HTHTHTHT,HTHHTHTH,0,1,
107,6,HHTTHHTT,HTTTTHHH,0,1,
107,7,HTHTHTHT,HTHTTHTH,1,0,
107,8,HTTTHTTT,THTTHTHT,0,1,
107,9,TTHHTTHT,HHTTHTTH,1,0,
107,10,HHTT,HTTH,0,1,
107,11,THTHT,TTHTH,1,0,
107,12,HTTTHTTT,TTHHTTTH,0,1,
107,13,THTHHTHT,HTHTHTHT,1,0,
107,14,HHTTHTTT,HTHTHHTH,0,1,
107,15,HHTTHHTT,HHTTHTTT,1,0,
107,16,HTTTH,THHTH,0,1,
107,17,HTHTTHTH,THTHTHTH,1,0,
107,18,HHTT,THHT,0,1,
107,19,HTHTH,HTHTT,1,0,
107,20,HHTTHHTT,THTHTHHT,0,1,
107,21,THHHTHHH,HHHTTTHH,0,1,
107,22,THTHTHTH,HTHHTHTH,1,0,
107,23,HT,TT,0,1,
107,24,HHTTHHTT,HTHTHTTH,1,0,
107,25,HTTTH,THTTH,0,1,
107,26,HTTTHHTT,HTTTHTTT,1,0,
107,27,HHTTHHTT,HTHTHTHT,0,1,
107,28,TTHH,THHT,0,1,
107,29,HHTTHTTT,HTHHTHTH,1,0,
107,30,HTHTTTTH,THTHHTHT,1,0,
107,31,HTHTHTHT,HTHTHHTH,0,1,
107,32,HHHTHHH,HHHHHTH,1,0,
107,33,TTTTHHHH,THHHHHHT,0,1,
107,34,TT,TH,1,0,
107,35,HTTTTTTH,TTTTHHHH,0,1,
107,36,HTTHTHTH,HHTTHHTT,1,0,
107,37,HTTH,TTHH,0,1,
107,38,THHHTHHH,HTTTHHTT,1,0,
107,39,HHHHTTTT,HHHHTHHH,0,1,
107,40,HTHHHHTH,HHHHTTTT,0,1,
107,41,HTTH,TTHT,0,1,
107,42,THTHHTHT,THTHTHTH,0,1,
107,43,HTHTTTHH,HTHTHHTH,1,0,
107,44,HHTHT,HHTHH,0,1,
107,45,HTTTTTTH,HHHTTHHH,1,0,
107,46,TTHTTHHH,HHTHTHTH,0,1,
107,47,HHTTHHTT,THHTHTHT,0,1,
107,48,THTTTTHT,HHHHTTTT,0,1,
107,49,HHTHHTHH,HHHTTTTH,1,0,
107,50,THHHHHTH,HHHTHHHH,0,1,
107,51,HHTHTHTH,HTHTHTHT,1,0,
107,52,HH,HT,0,1,
107,53,HHTHHTHH,HTHTHTHT,1,0,
107,54,THHT,TTHT,0,1,
107,55,TTTTHHHH,HTHHHHTH,1,0,
107,56,HTHH,HHHT,0,1,
107,57,THTHH,HTHTH,1,0,
107,58,TTHHTTHH,THTHTHHT,0,1,
107,59,TTTHHHHT,HTHHHHHH,1,0,
107,60,HHTTHHTT,TTTHTTTT,0,1,
107,61,HTTTTTTH,HHHHTTTT,1,0,
107,62,HTHHHHTH,HTHTHTHT,0,1,
107,63,TTTTHHHH,HHHHTHHH,0,1,
107,64,HHTHTTTT,HHHTHHHT,0,1,
108,1,TTHHTTHH,HHHTTHTT,0,1,
108,2,HTHTH,TTHTH,0,1,
108,3,HTTHTTHH,HHTTHHTH,0,1,
108,4,HHHTTTHH,HTTTHTTT,0,1,
108,5,HTHTHTHT,HTHHTHTH,0,1,
108,6,HTTTTHHH,HHTTHHTT,0,1,
108,7,HTHTHTHT,HTHTTHTH,0,1,
108,8,THTTHTHT,HTTTHTTT,1,0,
108,9,HHTTHTTH,TTHHTTHT,1,0,
108,10,HTTH,HHTT,1,0,
108,11,THTHT,TTHTH,0,1,
108,12,TTHHTTTH,HTTTHTTT,1,0,
108,13,HTHTHTHT,THTHHTHT,0,1,
108,14,HTHTHHTH,HHTTHTTT,0,1,
108,15,HHTTHHTT,HHTTHTTT,0,1,
108,16,THHTH,HTTTH,1,0,
108,17,THTHTHTH,HTHTTHTH,0,1,
108,18,THHT,HHTT,1,0,
108,19,HTHTT,HTHTH,1,0,
108,20,HHTTHHTT,THTHTHHT,1,0,
108,21,HHHTTTHH,THHHTHHH,1,0,
108,22,THTHTHTH,HTHHTHTH,0,1,
108,23,HT,TT,1,0,
108,24,HHTTHHTT,HTHTHTTH,1,0,
108,25,THTTH,HTTTH,1,0,
108,26,HTTTHHTT,HTTTHTTT,1,0,
108,27,HHTTHHTT,HTHTHTHT,1,0,
108,28,THHT,TTHH,1,0,
108,29,HTHHTHTH,HHTTHTTT,1,0,
108,30,THTHHTHT,HTHTTTTH,0,1,
108,31,HTHTHTHT,HTHTHHTH,0,1,
108,32,HHHHHTH,HHHTHHH,1,0,
108,33,TTTTHHHH,THHHHHHT,0,1,
108,34,TT,TH,0,1,
108,35,TTTTHHHH,HTTTTTTH,0,1,
108,36,HTTHTHTH,HHTTHHTT,0,1,
108,37,TTHH,HTTH,0,1,
108,38,THHHTHHH,HTTTHHTT,0,1,
108,39,HHHHTHHH,HHHHTTTT,1,0,
108,40,HHHHTTTT,HTHHHHTH,0,1,
108,41,TTHT,HTTH,1,0,
108,42,THTHTHTH,THTHHTHT,0,1,
108,43,HTHTTTHH,HTHTHHTH,1,0,
108,44,HHTHT,HHTHH,0,1,
108,45,HTTTTTTH,HHHTTHHH,0,1,
108,46,TTHTTHHH,HHTHTHTH,1,0,
108,47,HHTTHHTT,THHTHTHT,0,1,
108,48,HHHHTTTT,THTTTTHT,0,1,
108,49,HHHTTTTH,HHTHHTHH,0,1,
108,50,HHHTHHHH,THHHHHTH,0,1,
108,51,HHTHTHTH,HTHTHTHT,1,0,
108,52,HH,HT,0,1,
108,53,HTHTHTHT,HHTHHTHH,0,1,
108,54,THHT,TTHT,0,1,
108,55,TTTTHHHH,HTHHHHTH,0,1,
108,56,HTHH,HHHT,1,0,
108,57,THTHH,HTHTH,1,0,
108,58,TTHHTTHH,THTHTHHT,1,0,
108,59,TTTHHHHT,HTHHHHHH,1,0,
108,60,HHTTHHTT,TTTHTTTT,1,0,
108,61,HHHHTTTT,HTTTTTTH,1,0,
108,62,HTHHHHTH,HTHTHTHT,1,0,
108,63,TTTTHHHH,HHHHTHHH,0,1,
108,64,HHHTHHHT,HHTHTTTT,0,1,
109,1,TTHHTTHH,HHHTTHTT,1,0,
109,2,HTHTH,TTHTH,0,1,
109,3,HHTTHHTH,HTTHTTHH,1,0,
109,4,HHHTTTHH,HTTTHTTT,1,0,
109,5,HTHHTHTH,HTHTHTHT,1,0,
109,6,HTTTTHHH,HHTTHHTT,0,1,
109,7,HTHTTHTH,HTHTHTHT,1,0,
109,8,HTTTHTTT,THTTHTHT,0,1,
109,9,TTHHTTHT,HHTTHTTH,1,0,
109,10,HTTH,HHTT,1,0,
109,11,TTHTH,THTHT,1,0,
109,12,HTTTHTTT,TTHHTTTH,0,1,
109,13,HTHTHTHT,THTHHTHT,0,1,
109,14,HHTTHTTT,HTHTHHTH,1,0,
109,15,HHTTHTTT,HHTTHHTT,1,0,
109,16,HTTTH,THHTH,0,1,
109,17,THTHTHTH,HTHTTHTH,0,1,
109,18,HHTT,THHT,0,1,
109,19,HTHTH,HTHTT,0,1,
109,20,THTHTHHT,HHTTHHTT,1,0,
109,21,HHHTTTHH,THHHTHHH,1,0,
109,22,THTHTHTH,HTHHTHTH,0,1,
109,23,HT,TT,1,0,
109,24,HTHTHTTH,HHTTHHTT,0,1,
109,25,HTTTH,THTTH,0,1,
109,26,HTTTHTTT,HTTTHHTT,0,1,
109,27,HHTTHHTT,HTHTHTHT,1,0,
109,28,THHT,TTHH,1,0,
109,29,HTHHTHTH,HHTTHTTT,0,1,
109,30,HTHTTTTH,THTHHTHT,1,0,
109,31,HTHTHHTH,HTHTHTHT,1,0,
109,32,HHHHHTH,HHHTHHH,1,0,
109,33,TTTTHHHH,THHHHHHT,0,1,
109,34,TT,TH,0,1,
109,35,HTTTTTTH,TTTTHHHH,1,0,
109,36,HHTTHHTT,HTTHTHTH,0,1,
109,37,HTTH,TTHH,0,1,
109,38,THHHTHHH,HTTTHHTT,1,0,
109,39,HHHHTTTT,HHHHTHHH,0,1,
109,40,HTHHHHTH,HHHHTTTT,1,0,
109,41,HTTH,TTHT,0,1,
109,42,THTHHTHT,THTHTHTH,0,1,
109,43,HTHTTTHH,HTHTHHTH,1,0,
109,44,HHTHT,HHTHH,1,0,
109,45,HTTTTTTH,HHHTTHHH,0,1,
109,46,HHTHTHTH,TTHTTHHH,1,0,
109,47,HHTTHHTT,THHTHTHT,1,0,
109,48,THTTTTHT,HHHHTTTT,1,0,
109,49,HHHTTTTH,HHTHHTHH,1,0,
109,50,HHHTHHHH,THHHHHTH,0,1,
109,51,HHTHTHTH,HTHTHTHT,1,0,
109,52,HT,HH,1,0,
109,53,HTHTHTHT,HHTHHTHH,0,1,
109,54,THHT,TTHT,1,0,
109,55,TTTTHHHH,HTHHHHTH,0,1,
109,56,HTHH,HHHT,1,0,
109,57,HTHTH,THTHH,0,1,
109,58,TTHHTTHH,THTHTHHT,1,0,
109,59,HTHHHHHH,TTTHHHHT,0,1,
109,60,TTTHTTTT,HHTTHHTT,1,0,
109,61,HTTTTTTH,HHHHTTTT,1,0,
109,62,HTHHHHTH,HTHTHTHT,1,0,
109,63,HHHHTHHH,TTTTHHHH,1,0,
109,64,HHTHTTTT,HHHTHHHT,1,0,
110,1,HHHTTHTT,TTHHTTHH,1,0,
110,2,HTHTH,TTHTH,0,1,
110,3,HHTTHHTH,HTTHTTHH,0,1,
110,4,HHHTTTHH,HTTTHTTT,0,1,
110,5,HTHHTHTH,HTHTHTHT,1,0,
110,6,HHTTHHTT,HTTTTHHH,0,1,
110,7,HTHTTHTH,HTHTHTHT,1,0,
110,8,THTTHTHT,HTTTHTTT,1,0,
110,9,HHTTHTTH,TTHHTTHT,1,0,
110,10,HTTH,HHTT,1,0,
110,11,THTHT,TTHTH,0,1,
110,12,HTTTHTTT,TTHHTTTH,0,1,
110,13,HTHTHTHT,THTHHTHT,0,1,
110,14,HTHTHHTH,HHTTHTTT,0,1,
110,15,HHTTHTTT,HHTTHHTT,1,0,
110,16,THHTH,HTTTH,1,0,
110,17,HTHTTHTH,THTHTHTH,0,1,
110,18,THHT,HHTT,1,0,
110,19,HTHTT,HTHTH,1,0,
110,20,HHTTHHTT,THTHTHHT,1,0,
110,21,HHHTTTHH,THHHTHHH,1,0,
110,22,HTHHTHTH,THTHTHTH,0,1,
110,23,HT,TT,1,0,
110,24,HTHTHTTH,HHTTHHTT,1,0,
110,25,HTTTH,THTTH,1,0,
110,26,HTTTHTTT,HTTTHHTT,0,1,
110,27,HHTTHHTT,HTHTHTHT,1,0,
110,28,THHT,TTHH,1,0,
110,29,HTHHTHTH,HHTTHTTT,1,0,
110,30,THTHHTHT,HTHTTTTH,1,0,
110,31,HTHTHHTH,HTHTHTHT,1,0,
110,32,HHHTHHH,HHHHHTH,1,0,
110,33,THHHHHHT,TTTTHHHH,1,0,
110,34,TH,TT,1,0,
110,35,TTTTHHHH,HTTTTTTH,0,1,
110,36,HHTTHHTT,HTTHTHTH,1,0,
110,37,HTTH,TTHH,1,0,
110,38,HTTTHHTT,THHHTHHH,1,0,
110,39,HHHHTHHH,HHHHTTTT,1,0,
110,40,HTHHHHTH,HHHHTTTT,1,0,
110,41,TTHT,HTTH,1,0,
110,42,THTHTHTH,THTHHTHT,0,1,
110,43,HTHTTTHH,HTHTHHTH,0,1,
110,44,HHTHT,HHTHH,1,0,
110,45,HTTTTTTH,HHHTTHHH,0,1,
110,46,HHTHTHTH,TTHTTHHH,0,1,
110,47,THHTHTHT,HHTTHHTT,0,1,
110,48,THTTTTHT,HHHHTTTT,1,0,
110,49,HHHTTTTH,HHTHHTHH,0,1,
110,50,HHHTHHHH,THHHHHTH,0,1,
110,51,HTHTHTHT,HHTHTHTH,0,1,
110,52,HH,HT,1,0,
110,53,HTHTHTHT,HHTHHTHH,0,1,
110,54,TTHT,THHT,0,1,
110,55,TTTTHHHH,HTHHHHTH,0,1,
110,56,HTHH,HHHT,1,0,
110,57,THTHH,HTHTH,1,0,
110,58,THTHTHHT,TTHHTTHH,0,1,
110,59,TTTHHHHT,HTHHHHHH,1,0,
110,60,HHTTHHTT,TTTHTTTT,1,0,
110,61,HTTTTTTH,HHHHTTTT,1,0,
110,62,HTHHHHTH,HTHTHTHT,0,1,
110,63,HHHHTHHH,TTTTHHHH,1,0,
110,64,HHHTHHHT,HHTHTTTT,1,0,
111,1,TTHHTTHH,HHHTTHTT,0,1,
111,2,HTHTH,TTHTH,0,1,
111,3,HHTTHHTH,HTTHTTHH,1,0,
111,4,HTTTHTTT,HHHTTTHH,0,1,
111,5,HTHHTHTH,HTHTHTHT,1,0,
111,6,HTTTTHHH,HHTTHHTT,1,0,
111,7,HTHTTHTH,HTHTHTHT,1,0,
111,8,THTTHTHT,HTTTHTTT,1,0,
111,9,TTHHTTHT,HHTTHTTH,1,0,
111,10,HTTH,HHTT,1,0,
111,11,TTHTH,THTHT,1,0,
111,12,HTTTHTTT,TTHHTTTH,0,1,
111,13,THTHHTHT,HTHTHTHT,1,0,
111,14,HHTTHTTT,HTHTHHTH,1,0,
111,15,HHTTHHTT,HHTTHTTT,0,1,
111,16,HTTTH,THHTH,0,1,
111,17,HTHTTHTH,THTHTHTH,1,0,
111,18,THHT,HHTT,1,0,
111,19,HTHTT,HTHTH,1,0,
111,20,HHTTHHTT,THTHTHHT,0,1,
111,21,THHHTHHH,HHHTTTHH,0,1,
111,22,THTHTHTH,HTHHTHTH,0,1,
111,23,HT,TT,1,0,
111,24,HHTTHHTT,HTHTHTTH,0,1,
111,25,THTTH,HTTTH,1,0,
111,26,HTTTHHTT,HTTTHTTT,1,0,
111,27,HHTTHHTT,HTHTHTHT,1,0,
111,28,THHT,TTHH,1,0,
111,29,HHTTHTTT,HTHHTHTH,0,1,
111,30,THTHHTHT,HTHTTTTH,0,1,
111,31,HTHTHTHT,HTHTHHTH,0,1,
111,32,HHHTHHH,HHHHHTH,0,1,
111,33,THHHHHHT,TTTTHHHH,1,0,
111,34,TH,TT,1,0,
111,35,HTTTTTTH,TTTTHHHH,1,0,
111,36,HTTHTHTH,HHTTHHTT,1,0,
111,37,HTTH,TTHH,1,0,
111,38,HTTTHHTT,THHHTHHH,1,0,
111,39,HHHHTTTT,HHHHTHHH,0,1,
111,40,HHHHTTTT,HTHHHHTH,0,1,
111,41,TTHT,HTTH,1,0,
111,42,THTHHTHT,THTHTHTH,1,0,
111,43,HTHTHHTH,HTHTTTHH,1,0,
111,44,HHTHH,HHTHT,0,1,
111,45,HTTTTTTH,HHHTTHHH,0,1,
111,46,TTHTTHHH,HHTHTHTH,1,0,
111,47,THHTHTHT,HHTTHHTT,1,0,
111,48,THTTTTHT,HHHHTTTT,1,0,
111,49,HHTHHTHH,HHHTTTTH,0,1,
111,50,HHHTHHHH,THHHHHTH,0,1,
111,51,HTHTHTHT,HHTHTHTH,0,1,
111,52,HT,HH,1,0,
111,53,HTHTHTHT,HHTHHTHH,0,1,
111,54,THHT,TTHT,0,1,
111,55,HTHHHHTH,TTTTHHHH,1,0,
111,56,HHHT,HTHH,0,1,
111,57,HTHTH,THTHH,0,1,
111,58,THTHTHHT,TTHHTTHH,0,1,
111,59,TTTHHHHT,HTHHHHHH,1,0,
111,60,TTTHTTTT,HHTTHHTT,1,0,
111,61,HHHHTTTT,HTTTTTTH,0,1,
111,62,HTHHHHTH,HTHTHTHT,1,0,
111,63,TTTTHHHH,HHHHTHHH,1,0,
111,64,HHHTHHHT,HHTHTTTT,0,1,
112,1,HHHTTHTT,TTHHTTHH,0,1,
112,2,HTHTH,TTHTH,0,1,
112,3,HHTTHHTH,HTTHTTHH,1,0,
112,4,HHHTTTHH,HTTTHTTT,0,1,
112,5,HTHTHTHT,HTHHTHTH,1,0,
112,6,HHTTHHTT,HTTTTHHH,1,0,
112,7,HTHTTHTH,HTHTHTHT,0,1,
112,8,THTTHTHT,HTTTHTTT,1,0,
112,9,TTHHTTHT,HHTTHTTH,0,1,
112,10,HTTH,HHTT,1,0,
112,11,THTHT,TTHTH,1,0,
112,12,TTHHTTTH,HTTTHTTT,1,0,
112,13,HTHTHTHT,THTHHTHT,1,0,
112,14,HTHTHHTH,HHTTHTTT,1,0,
112,15,HHTTHHTT,HHTTHTTT,1,0,
112,16,HTTTH,THHTH,0,1,
112,17,THTHTHTH,HTHTTHTH,1,0,
112,18,THHT,HHTT,1,0,
112,19,HTHTH,HTHTT,0,1,
112,20,HHTTHHTT,THTHTHHT,0,1,
112,21,THHHTHHH,HHHTTTHH,1,0,
112,22,THTHTHTH,HTHHTHTH,1,0,
112,23,TT,HT,0,1,
112,24,HTHTHTTH,HHTTHHTT,1,0,
112,25,THTTH,HTTTH,1,0,
112,26,HTTTHHTT,HTTTHTTT,1,0,
112,27,HTHTHTHT,HHTTHHTT,1,0,
112,28,TTHH,THHT,0,1,
112,29,HTHHTHTH,HHTTHTTT,1,0,
112,30,THTHHTHT,HTHTTTTH,1,0,
112,31,HTHTHHTH,HTHTHTHT,1,0,
112,32,HHHTHHH,HHHHHTH,1,0,
112,33,THHHHHHT,TTTTHHHH,1,0,
112,34,TT,TH,1,0,
112,35,HTTTTTTH,TTTTHHHH,1,0,
112,36,HTTHTHTH,HHTTHHTT,0,1,
112,37,HTTH,TTHH,1,0,
112,38,HTTTHHTT,THHHTHHH,1,0,
112,39,HHHHTTTT,HHHHTHHH,0,1,
112,40,HTHHHHTH,HHHHTTTT,1,0,
112,41,TTHT,HTTH,0,1,
112,42,THTHTHTH,THTHHTHT,1,0,
112,43,HTHTTTHH,HTHTHHTH,0,1,
112,44,HHTHT,HHTHH,1,0,
112,45,HHHTTHHH,HTTTTTTH,1,0,
112,46,TTHTTHHH,HHTHTHTH,0,1,
112,47,HHTTHHTT,THHTHTHT,0,1,
112,48,THTTTTHT,HHHHTTTT,1,0,
112,49,HHHTTTTH,HHTHHTHH,1,0,
112,50,HHHTHHHH,THHHHHTH,1,0,
112,51,HTHTHTHT,HHTHTHTH,1,0,
112,52,HH,HT,0,1,
112,53,HTHTHTHT,HHTHHTHH,1,0,
112,54,TTHT,THHT,1,0,
112,55,HTHHHHTH,TTTTHHHH,1,0,
112,56,HHHT,HTHH,0,1,
112,57,THTHH,HTHTH,1,0,
112,58,TTHHTTHH,THTHTHHT,1,0,
112,59,HTHHHHHH,TTTHHHHT,1,0,
112,60,TTTHTTTT,HHTTHHTT,0,1,
112,61,HTTTTTTH,HHHHTTTT,1,0,
112,62,HTHTHTHT,HTHHHHTH,1,0,
112,63,TTTTHHHH,HHHHTHHH,0,1,
112,64,HHTHTTTT,HHHTHHHT,1,0,
113,1,TTHHTTHH,HHHTTHTT,1,0,
113,2,HTHTH,TTHTH,0,1,
113,3,HTTHTTHH,HHTTHHTH,1,0,
113,4,HHHTTTHH,HTTTHTTT,1,0,
113,5,HTHHTHTH,HTHTHTHT,1,0,
113,6,HTTTTHHH,HHTTHHTT,1,0,
113,7,HTHTHTHT,HTHTTHTH,1,0,
113,8,HTTTHTTT,THTTHTHT,1,0,
113,9,TTHHTTHT,HHTTHTTH,1,0,
113,10,HTTH,HHTT,0,1,
113,11,THTHT,TTHTH,0,1,
113,12,TTHHTTTH,HTTTHTTT,1,0,
113,13,HTHTHTHT,THTHHTHT,0,1,
113,14,HHTTHTTT,HTHTHHTH,1,0,
113,15,HHTTHHTT,HHTTHTTT,1,0,
113,16,THHTH,HTTTH,1,0,
113,17,HTHTTHTH,THTHTHTH,1,0,
113,18,THHT,HHTT,1,0,
113,19,HTHTH,HTHTT,1,0,
113,20,HHTTHHTT,THTHTHHT,1,0,
113,21,HHHTTTHH,THHHTHHH,1,0,
113,22,HTHHTHTH,THTHTHTH,1,0,
113,23,HT,TT,0,1,
113,24,HTHTHTTH,HHTTHHTT,0,1,
113,25,THTTH,HTTTH,0,1,
113,26,HTTTHHTT,HTTTHTTT,0,1,
113,27,HTHTHTHT,HHTTHHTT,0,1,
113,28,TTHH,THHT,0,1,
113,29,HTHHTHTH,HHTTHTTT,0,1,
113,30,THTHHTHT,HTHTTTTH,0,1,
113,31,HTHTHHTH,HTHTHTHT,1,0,
113,32,HHHTHHH,HHHHHTH,0,1,
113,33,THHHHHHT,TTTTHHHH,1,0,
113,34,TH,TT,0,1,
113,35,TTTTHHHH,HTTTTTTH,1,0,
113,36,HTTHTHTH,HHTTHHTT,0,1,
113,37,TTHH,HTTH,0,1,
113,38,THHHTHHH,HTTTHHTT,1,0,
113,39,HHHHTTTT,HHHHTHHH,1,0,
113,40,HTHHHHTH,HHHHTTTT,0,1,
113,41,TTHT,HTTH,1,0,
113,42,THTHHTHT,THTHTHTH,1,0,
113,43,HTHTHHTH,HTHTTTHH,1,0,
113,44,HHTHH,HHTHT,1,0,
113,45,HHHTTHHH,HTTTTTTH,0,1,
113,46,TTHTTHHH,HHTHTHTH,1,0,
113,47,HHTTHHTT,THHTHTHT,1,0,
113,48,THTTTTHT,HHHHTTTT,0,1,
113,49,HHHTTTTH,HHTHHTHH,1,0,
113,50,THHHHHTH,HHHTHHHH,1,0,
113,51,HTHTHTHT,HHTHTHTH,0,1,
113,52,HH,HT,0,1,
113,53,HTHTHTHT,HHTHHTHH,0,1,
113,54,TTHT,THHT,0,1,
113,55,TTTTHHHH,HTHHHHTH,1,0,
113,56,HHHT,HTHH,1,0,
113,57,HTHTH,THTHH,0,1,
113,58,TTHHTTHH,THTHTHHT,1,0,
113,59,HTHHHHHH,TTTHHHHT,1,0,
113,60,HHTTHHTT,TTTHTTTT,0,1,
113,61,HHHHTTTT,HTTTTTTH,0,1,
113,62,HTHHHHTH,HTHTHTHT,1,0,
113,63,TTTTHHHH,HHHHTHHH,0,1,
113,64,HHTHTTTT,HHHTHHHT,1,0,
114,1,HHHTTHTT,TTHHTTHH,1,0,
114,2,TTHTH,HTHTH,1,0,
114,3,HTTHTTHH,HHTTHHTH,0,1,
114,4,HHHTTTHH,HTTTHTTT,1,0,
114,5,HTHTHTHT,HTHHTHTH,0,1,
114,6,HTTTTHHH,HHTTHHTT,0,1,
114,7,HTHTHTHT,HTHTTHTH,0,1,
114,8,THTTHTHT,HTTTHTTT,0,1,
114,9,HHTTHTTH,TTHHTTHT,0,1,
114,10,HTTH,HHTT,1,0,
114,11,THTHT,TTHTH,1,0,
114,12,TTHHTTTH,HTTTHTTT,0,1,
114,13,THTHHTHT,HTHTHTHT,0,1,
114,14,HTHTHHTH,HHTTHTTT,1,0,
114,15,HHTTHTTT,HHTTHHTT,1,0,
114,16,THHTH,HTTTH,1,0,
114,17,THTHTHTH,HTHTTHTH,0,1,
114,18,THHT,HHTT,1,0,
114,19,HTHTH,HTHTT,0,1,
114,20,THTHTHHT,HHTTHHTT,1,0,
114,21,THHHTHHH,HHHTTTHH,0,1,
114,22,THTHTHTH,HTHHTHTH,0,1,
114,23,TT,HT,0,1,
114,24,HHTTHHTT,HTHTHTTH,1,0,
114,25,HTTTH,THTTH,0,1,
114,26,HTTTHTTT,HTTTHHTT,0,1,
114,27,HTHTHTHT,HHTTHHTT,0,1,
114,28,THHT,TTHH,1,0,
114,29,HHTTHTTT,HTHHTHTH,1,0,
114,30,THTHHTHT,HTHTTTTH,0,1,
114,31,HTHTHTHT,HTHTHHTH,1,0,
114,32,HHHTHHH,HHHHHTH,1,0,
114,33,TTTTHHHH,THHHHHHT,0,1,
114,34,TT,TH,0,1,
114,35,TTTTHHHH,HTTTTTTH,0,1,
114,36,HTTHTHTH,HHTTHHTT,1,0,
114,37,TTHH,HTTH,0,1,
114,38,THHHTHHH,HTTTHHTT,1,0,
114,39,HHHHTHHH,HHHHTTTT,0,1,
114,40,HTHHHHTH,HHHHTTTT,1,0,
114,41,HTTH,TTHT,0,1,
114,42,THTHTHTH,THTHHTHT,1,0,
114,43,HTHTHHTH,HTHTTTHH,0,1,
114,44,HHTHH,HHTHT,0,1,
114,45,HTTTTTTH,HHHTTHHH,0,1,
114,46,TTHTTHHH,HHTHTHTH,1,0,
114,47,HHTTHHTT,THHTHTHT,0,1,
114,48,THTTTTHT,HHHHTTTT,1,0,
114,49,HHHTTTTH,HHTHHTHH,0,1,
114,50,THHHHHTH,HHHTHHHH,1,0,
114,51,HTHTHTHT,HHTHTHTH,0,1,
114,52,HT,HH,1,0,
114,53,HTHTHTHT,HHTHHTHH,0,1,
114,54,TTHT,THHT,1,0,
114,55,HTHHHHTH,TTTTHHHH,0,1,
114,56,HHHT,HTHH,0,1,
114,57,HTHTH,THTHH,0,1,
114,58,THTHTHHT,TTHHTTHH,0,1,
114,59,TTTHHHHT,HTHHHHHH,1,0,
114,60,HHTTHHTT,TTTHTTTT,1,0,
114,61,HTTTTTTH,HHHHTTTT,1,0,
114,62,HTHTHTHT,HTHHHHTH,0,1,
114,63,HHHHTHHH,TTTTHHHH,1,0,
114,64,HHHTHHHT,HHTHTTTT,0,1,
115,1,TTHHTTHH,HHHTTHTT,0,1,
115,2,HTHTH,TTHTH,0,1,
115,3,HTTHTTHH,HHTTHHTH,0,1,
115,4,HTTTHTTT,HHHTTTHH,0,1,
115,5,HTHTHTHT,HTHHTHTH,0,1,
115,6,HTTTTHHH,HHTTHHTT,1,0,
115,7,HTHTTHTH,HTHTHTHT,1,0,
115,8,HTTTHTTT,THTTHTHT,1,0,
115,9,TTHHTTHT,HHTTHTTH,1,0,
115,10,HHTT,HTTH,0,1,
115,11,THTHT,TTHTH,0,1,
115,12,TTHHTTTH,HTTTHTTT,1,0,
115,13,THTHHTHT,HTHTHTHT,1,0,
115,14,HHTTHTTT,HTHTHHTH,0,1,
115,15,HHTTHHTT,HHTTHTTT,0,1,
115,16,THHTH,HTTTH,1,0,
115,17,THTHTHTH,HTHTTHTH,0,1,
115,18,HHTT,THHT,0,1,
115,19,HTHTH,HTHTT,0,1,
115,20,THTHTHHT,HHTTHHTT,0,1,
115,21,HHHTTTHH,THHHTHHH,1,0,
115,22,HTHHTHTH,THTHTHTH,0,1,
115,23,TT,HT,1,0,
115,24,HTHTHTTH,HHTTHHTT,0,1,
115,25,HTTTH,THTTH,0,1,
115,26,HTTTHHTT,HTTTHTTT,0,1,
115,27,HHTTHHTT,HTHTHTHT,1,0,
115,28,TTHH,THHT,1,0,
115,29,HHTTHTTT,HTHHTHTH,1,0,
115,30,HTHTTTTH,THTHHTHT,0,1,
115,31,HTHTHTHT,HTHTHHTH,0,1,
115,32,HHHTHHH,HHHHHTH,0,1,
115,33,TTTTHHHH,THHHHHHT,1,0,
115,34,TT,TH,1,0,
115,35,HTTTTTTH,TTTTHHHH,0,1,
115,36,HHTTHHTT,HTTHTHTH,1,0,
115,37,TTHH,HTTH,1,0,
115,38,THHHTHHH,HTTTHHTT,1,0,
115,39,HHHHTHHH,HHHHTTTT,0,1,
115,40,HTHHHHTH,HHHHTTTT,0,1,
115,41,HTTH,TTHT,0,1,
115,42,THTHHTHT,THTHTHTH,1,0,
115,43,HTHTHHTH,HTHTTTHH,0,1,
115,44,HHTHT,HHTHH,1,0,
115,45,HHHTTHHH,HTTTTTTH,0,1,
115,46,HHTHTHTH,TTHTTHHH,0,1,
115,47,THHTHTHT,HHTTHHTT,0,1,
115,48,HHHHTTTT,THTTTTHT,0,1,
115,49,HHTHHTHH,HHHTTTTH,0,1,
115,50,HHHTHHHH,THHHHHTH,0,1,
115,51,HTHTHTHT,HHTHTHTH,0,1,
115,52,HT,HH,0,1,
115,53,HTHTHTHT,HHTHHTHH,0,1,
115,54,TTHT,THHT,0,1,
115,55,HTHHHHTH,TTTTHHHH,0,1,
115,56,HHHT,HTHH,1,0,
115,57,HTHTH,THTHH,1,0,
115,58,TTHHTTHH,THTHTHHT,1,0,
115,59,TTTHHHHT,HTHHHHHH,0,1,
115,60,TTTHTTTT,HHTTHHTT,1,0,
115,61,HHHHTTTT,HTTTTTTH,1,0,
115,62,HTHTHTHT,HTHHHHTH,0,1,
115,63,TTTTHHHH,HHHHTHHH,1,0,
115,64,HHHTHHHT,HHTHTTTT,0,1,
116,1,HHHTTHTT,TTHHTTHH,1,0,
116,2,HTHTH,TTHTH,0,1,
116,3,HTTHTTHH,HHTTHHTH,0,1,
116,4,HHHTTTHH,HTTTHTTT,1,0,
116,5,HTHHTHTH,HTHTHTHT,1,0,
116,6,HHTTHHTT,HTTTTHHH,0,1,
116,7,HTHTTHTH,HTHTHTHT,0,1,
116,8,THTTHTHT,HTTTHTTT,0,1,
116,9,HHTTHTTH,TTHHTTHT,1,0,
116,10,HTTH,HHTT,0,1,
116,11,THTHT,TTHTH,1,0,
116,12,HTTTHTTT,TTHHTTTH,1,0,
116,13,THTHHTHT,HTHTHTHT,0,1,
116,14,HHTTHTTT,HTHTHHTH,0,1,
116,15,HHTTHTTT,HHTTHHTT,1,0,
116,16,THHTH,HTTTH,0,1,
116,17,THTHTHTH,HTHTTHTH,1,0,
116,18,HHTT,THHT,0,1,
116,19,HTHTH,HTHTT,1,0,
116,20,HHTTHHTT,THTHTHHT,1,0,
116,21,THHHTHHH,HHHTTTHH,1,0,
116,22,THTHTHTH,HTHHTHTH,0,1,
116,23,HT,TT,1,0,
116,24,HHTTHHTT,HTHTHTTH,0,1,
116,25,HTTTH,THTTH,0,1,
116,26,HTTTHHTT,HTTTHTTT,1,0,
116,27,HHTTHHTT,HTHTHTHT,1,0,
116,28,THHT,TTHH,0,1,
116,29,HHTTHTTT,HTHHTHTH,0,1,
116,30,THTHHTHT,HTHTTTTH,1,0,
116,31,HTHTHHTH,HTHTHTHT,1,0,
116,32,HHHHHTH,HHHTHHH,1,0,
116,33,THHHHHHT,TTTTHHHH,1,0,
116,34,TT,TH,0,1,
116,35,HTTTTTTH,TTTTHHHH,1,0,
116,36,HHTTHHTT,HTTHTHTH,0,1,
116,37,HTTH,TTHH,0,1,
116,38,HTTTHHTT,THHHTHHH,0,1,
116,39,HHHHTTTT,HHHHTHHH,1,0,
116,40,HHHHTTTT,HTHHHHTH,0,1,
116,41,HTTH,TTHT,1,0,
116,42,THTHHTHT,THTHTHTH,0,1,
116,43,HTHTHHTH,HTHTTTHH,1,0,
116,44,HHTHT,HHTHH,1,0,
116,45,HHHTTHHH,HTTTTTTH,1,0,
116,46,TTHTTHHH,HHTHTHTH,0,1,
116,47,HHTTHHTT,THHTHTHT,1,0,
116,48,THTTTTHT,HHHHTTTT,0,1,
116,49,HHTHHTHH,HHHTTTTH,0,1,
116,50,THHHHHTH,HHHTHHHH,1,0,
116,51,HHTHTHTH,HTHTHTHT,1,0,
116,52,HT,HH,0,1,
116,53,HTHTHTHT,HHTHHTHH,0,1,
116,54,TTHT,THHT,0,1,
116,55,TTTTHHHH,HTHHHHTH,1,0,
116,56,HHHT,HTHH,1,0,
116,57,HTHTH,THTHH,0,1,
116,58,THTHTHHT,TTHHTTHH,0,1,
116,59,HTHHHHHH,TTTHHHHT,1,0,
116,60,HHTTHHTT,TTTHTTTT,0,1,
116,61,HHHHTTTT,HTTTTTTH,0,1,
116,62,HTHHHHTH,HTHTHTHT,1,0,
116,63,TTTTHHHH,HHHHTHHH,1,0,
116,64,HHTHTTTT,HHHTHHHT,0,1,
117,1,TTHHTTHH,HHHTTHTT,1,0,
117,2,TTHTH,HTHTH,0,1,
117,3,HHTTHHTH,HTTHTTHH,0,1,
117,4,HHHTTTHH,HTTTHTTT,0,1,
117,5,HTHHTHTH,HTHTHTHT,1,0,
117,6,HHTTHHTT,HTTTTHHH,1,0,
117,7,HTHTTHTH,HTHTHTHT,1,0,
117,8,HTTTHTTT,THTTHTHT,0,1,
117,9,TTHHTTHT,HHTTHTTH,1,0,
117,10,HHTT,HTTH,1,0,
117,11,TTHTH,THTHT,1,0,
117,12,TTHHTTTH,HTTTHTTT,1,0,
117,13,THTHHTHT,HTHTHTHT,0,1,
117,14,HHTTHTTT,HTHTHHTH,1,0,
117,15,HHTTHTTT,HHTTHHTT,0,1,
117,16,THHTH,HTTTH,1,0,
117,17,HTHTTHTH,THTHTHTH,1,0,
117,18,HHTT,THHT,0,1,
117,19,HTHTT,HTHTH,1,0,
117,20,THTHTHHT,HHTTHHTT,1,0,
117,21,HHHTTTHH,THHHTHHH,0,1,
117,22,HTHHTHTH,THTHTHTH,1,0,
117,23,HT,TT,1,0,
117,24,HTHTHTTH,HHTTHHTT,1,0,
117,25,HTTTH,THTTH,0,1,
117,26,HTTTHHTT,HTTTHTTT,0,1,
117,27,HTHTHTHT,HHTTHHTT,1,0,
117,28,THHT,TTHH,1,0,
117,29,HHTTHTTT,HTHHTHTH,0,1,
117,30,HTHTTTTH,THTHHTHT,1,0,
117,31,HTHTHTHT,HTHTHHTH,0,1,
117,32,HHHTHHH,HHHHHTH,1,0,
117,33,TTTTHHHH,THHHHHHT,1,0,
117,34,TT,TH,0,1,
117,35,HTTTTTTH,TTTTHHHH,1,0,
117,36,HHTTHHTT,HTTHTHTH,0,1,
117,37,TTHH,HTTH,0,1,
117,38,HTTTHHTT,THHHTHHH,1,0,
117,39,HHHHTHHH,HHHHTTTT,0,1,
117,40,HTHHHHTH,HHHHTTTT,1,0,
117,41,HTTH,TTHT,1,0,
117,42,THTHHTHT,THTHTHTH,1,0,
117,43,HTHTHHTH,HTHTTTHH,1,0,
117,44,HHTHH,HHTHT,0,1,
117,45,HHHTTHHH,HTTTTTTH,1,0,
117,46,TTHTTHHH,HHTHTHTH,0,1,
117,47,HHTTHHTT,THHTHTHT,1,0,
117,48,THTTTTHT,HHHHTTTT,1,0,
117,49,HHHTTTTH,HHTHHTHH,0,1,
117,50,THHHHHTH,HHHTHHHH,0,1,
117,51,HHTHTHTH,HTHTHTHT,1,0,
117,52,HT,HH,0,1,
117,53,HHTHHTHH,HTHTHTHT,1,0,
117,54,TTHT,THHT,0,1,
117,55,HTHHHHTH,TTTTHHHH,1,0,
117,56,HHHT,HTHH,0,1,
117,57,THTHH,HTHTH,1,0,
117,58,THTHTHHT,TTHHTTHH,0,1,
117,59,HTHHHHHH,TTTHHHHT,0,1,
117,60,HHTTHHTT,TTTHTTTT,1,0,
117,61,HHHHTTTT,HTTTTTTH,0,1,
117,62,HTHHHHTH,HTHTHTHT,0,1,
117,63,HHHHTHHH,TTTTHHHH,1,0,
117,64,HHTHTTTT,HHHTHHHT,1,0,
