model,param,mean,lo,hi
literal_listener,lapse,0.11735412,0.10337267,0.13204806
rsa_l1,alpha,1.3206788,1.1611259,1.4756194
rsa_l1,lapse,0.116176285,0.101380825,0.13059355
rsa_l2,alpha,0.7755972,0.6982115,0.8453593
rsa_l2,lapse,0.11780379,0.102511145,0.13323452
rsa_l1_salience,alpha,1.4718667,1.2849269,1.6578618
rsa_l1_salience,w_features,0.084149614,0.014517418,0.1534006
rsa_l1_salience,w_familiar,1.6254202,1.21005,2.0427735
rsa_l1_salience,lapse,0.11581361,0.100817025,0.13157043
rsa_l1_shared_prior,alpha,1.4065454,1.1921616,1.610881
rsa_l1_shared_prior,w_features,0.042792197,-0.019622644,0.10107477
rsa_l1_shared_prior,w_familiar,1.3184693,0.9526658,1.7135239
rsa_l1_shared_prior,lapse,0.11469116,0.099898875,0.12907547
literal_speaker_inverter,fam_weight,1.732371,1.2947406,2.1547692
literal_speaker_inverter,gray_weight,-0.55511343,-0.8350964,-0.2688581
literal_speaker_inverter,complexity_weight,-0.20027986,-0.24938087,-0.14614171
literal_speaker_inverter,lapse,0.109662965,0.09620658,0.12431279
rsa_l2_salience,alpha,0.89043176,0.80468386,0.97822183
rsa_l2_salience,w_features,0.14179687,0.07407982,0.21400204
rsa_l2_salience,w_familiar,1.6023979,1.1768143,2.0143583
rsa_l2_salience,lapse,0.11737989,0.1023008,0.1321588
