experiment,condition,objects,query,utterance,object,n,count,observed,rsa_l2,rsa_l1_salience,rsa_l1_shared_prior,valence_evaluative_listener,valence_salience_listener
E10_oddman,patch,"[[0,1,1],[1,0,1],[1,1,0]]",utterance,2,0,93,38,0.40860215053763443,0.4804750680923462,0.4806653559207916,0.4810710549354553,0.4805055856704712,0.48068636655807495
E10_oddman,patch,"[[0,1,1],[1,0,1],[1,1,0]]",utterance,2,1,93,48,0.5161290322580645,0.4804750680923462,0.4806653559207916,0.4810710549354553,0.4805055856704712,0.48068636655807495
E10_oddman,patch,"[[0,1,1],[1,0,1],[1,1,0]]",utterance,2,2,93,7,0.07526881720430108,0.039049893617630005,0.03866982460021973,0.03785765916109085,0.038989096879959106,0.03862711787223816
E10_oddman,prior,"[[0,1,1],[1,0,1],[1,1,0]]",prior,-1,0,87,27,0.3103448275862069,0.3333328664302826,0.3333328664302826,0.3333328664302826,0.3333328664302826,0.3333328664302826
E10_oddman,prior,"[[0,1,1],[1,0,1],[1,1,0]]",prior,-1,1,87,35,0.40229885057471265,0.3333328664302826,0.3333328664302826,0.3333328664302826,0.3333328664302826,0.3333328664302826
E10_oddman,prior,"[[0,1,1],[1,0,1],[1,1,0]]",prior,-1,2,87,25,0.28735632183908044,0.3333328664302826,0.3333328664302826,0.3333328664302826,0.3333328664302826,0.3333328664302826
E10_oddman,word,"[[0,1,1],[1,0,1],[1,1,0]]",utterance,2,0,89,34,0.38202247191011235,0.4804750084877014,0.48066526651382446,0.4810710549354553,0.4805055260658264,0.48068636655807495
E10_oddman,word,"[[0,1,1],[1,0,1],[1,1,0]]",utterance,2,1,89,40,0.449438202247191,0.4804750084877014,0.48066526651382446,0.4810710549354553,0.4805055260658264,0.48068636655807495
E10_oddman,word,"[[0,1,1],[1,0,1],[1,1,0]]",utterance,2,2,89,15,0.16853932584269662,0.0390498973429203,0.03866982460021973,0.03785765543580055,0.038989096879959106,0.03862711787223816
E1_dv,forced_choice,"[[0,0],[0,1],[1,1]]",utterance,1,0,248,13,0.05241935483870968,0.0390499010682106,0.03866982460021973,0.03785765543580055,0.03898908942937851,0.038627125322818756
E1_dv,forced_choice,"[[0,0],[0,1],[1,1]]",utterance,1,1,248,196,0.7903225806451613,0.7369412779808044,0.7246904969215393,0.7232202291488647,0.7345753908157349,0.7336474061012268
E1_dv,forced_choice,"[[0,0],[0,1],[1,1]]",utterance,1,2,248,39,0.15725806451612903,0.22400876879692078,0.23663948476314545,0.2389221340417862,0.22643519937992096,0.22772549092769623
E2_manip_check,manip_check,"[[0,0],[0,1],[1,1]]",utterance,1,0,306,13,0.042483660130718956,0.0390498973429203,0.03866982460021973,0.03785765543580055,0.038989096879959106,0.03862711787223816
E2_manip_check,manip_check,"[[0,0],[0,1],[1,1]]",utterance,1,1,306,253,0.826797385620915,0.7369412779808044,0.7246905565261841,0.7232203483581543,0.7345754504203796,0.733647346496582
E2_manip_check,manip_check,"[[0,0],[0,1],[1,1]]",utterance,1,2,306,40,0.13071895424836602,0.22400876879692078,0.23663948476314545,0.2389221489429474,0.22643519937992096,0.22772549092769623
E2_manip_check,no_manip_check,"[[0,0],[0,1],[1,1]]",utterance,1,0,207,4,0.01932367149758454,0.0390499047935009,0.03866981714963913,0.037857651710510254,0.03898909315466881,0.03862712159752846
E2_manip_check,no_manip_check,"[[0,0],[0,1],[1,1]]",utterance,1,1,207,160,0.7729468599033816,0.7369411587715149,0.7246906161308289,0.7232202887535095,0.7345753312110901,0.7336475253105164
E2_manip_check,no_manip_check,"[[0,0],[0,1],[1,1]]",utterance,1,2,207,43,0.20772946859903382,0.22400876879692078,0.23663945496082306,0.2389221340417862,0.22643519937992096,0.22772550582885742
E3_ling_frame,my_X_has,"[[0,0],[0,1],[1,1]]",utterance,1,0,38,0,0.0,0.039049893617630005,0.03866982460021973,0.03785765543580055,0.03898909315466881,0.03862712159752846
E3_ling_frame,my_X_has,"[[0,0],[0,1],[1,1]]",utterance,1,1,38,31,0.8157894736842105,0.7369411587715149,0.7246907353401184,0.7232203483581543,0.7345754504203796,0.7336475849151611
E3_ling_frame,my_X_has,"[[0,0],[0,1],[1,1]]",utterance,1,2,38,7,0.18421052631578946,0.224008709192276,0.23663939535617828,0.23892216384410858,0.22643525898456573,0.22772543132305145
E3_ling_frame,one_word,"[[0,0],[0,1],[1,1]]",utterance,1,0,51,3,0.058823529411764705,0.0390498973429203,0.03866982460021973,0.03785765543580055,0.038989096879959106,0.03862711787223816
E3_ling_frame,one_word,"[[0,0],[0,1],[1,1]]",utterance,1,1,51,41,0.803921568627451,0.7369413375854492,0.7246905565261841,0.7232202887535095,0.734575629234314,0.733647346496582
E3_ling_frame,one_word,"[[0,0],[0,1],[1,1]]",utterance,1,2,51,7,0.13725490196078433,0.22400875389575958,0.23663944005966187,0.23892216384410858,0.22643524408340454,0.22772544622421265
E4_prior_frame,action,"[[0,0],[0,1],[1,1]]",prior,-1,0,87,37,0.42528735632183906,0.3333328664302826,0.3089032769203186,0.32080382108688354,0.3333328664302826,0.3078831136226654
E4_prior_frame,action,"[[0,0],[0,1],[1,1]]",prior,-1,1,87,14,0.16091954022988506,0.3333328664302826,0.3325002193450928,0.33305564522743225,0.3333328664302826,0.33242926001548767
E4_prior_frame,action,"[[0,0],[0,1],[1,1]]",prior,-1,2,87,36,0.41379310344827586,0.3333328664302826,0.35859641432762146,0.34614044427871704,0.3333328664302826,0.3596876263618469
E4_prior_frame,mumble,"[[0,0],[0,1],[1,1]]",prior,-1,0,88,27,0.3068181818181818,0.33333295583724976,0.308903306722641,0.3208037316799164,0.33333295583724976,0.30788320302963257
E4_prior_frame,mumble,"[[0,0],[0,1],[1,1]]",prior,-1,1,88,22,0.25,0.33333295583724976,0.3325001895427704,0.33305567502975464,0.33333295583724976,0.3324292004108429
E4_prior_frame,mumble,"[[0,0],[0,1],[1,1]]",prior,-1,2,88,39,0.4431818181818182,0.33333295583724976,0.3585963547229767,0.34614047408103943,0.33333295583724976,0.35968759655952454
E5_baserate,inference_baserate_0.11,"[[0,0],[0,1],[1,1]]",utterance,1,0,72,6,0.08333333333333333,0.0390498973429203,0.03866982460021973,0.03785765543580055,0.038989096879959106,0.03862711787223816
E5_baserate,inference_baserate_0.11,"[[0,0],[0,1],[1,1]]",utterance,1,1,72,54,0.75,0.7369412779808044,0.5180160403251648,0.48947232961654663,0.7345755100250244,0.5242491364479065
E5_baserate,inference_baserate_0.11,"[[0,0],[0,1],[1,1]]",utterance,1,2,72,12,0.16666666666666666,0.22400876879692078,0.4433142840862274,0.4726700186729431,0.22643521428108215,0.4371238052845001
E5_baserate,inference_baserate_0.33,"[[0,0],[0,1],[1,1]]",utterance,1,0,63,1,0.015873015873015872,0.039049893617630005,0.03866982460021973,0.037857670336961746,0.03898909315466881,0.03862712159752846
E5_baserate,inference_baserate_0.33,"[[0,0],[0,1],[1,1]]",utterance,1,1,63,51,0.8095238095238095,0.736941397190094,0.6643825173377991,0.6503439545631409,0.7345757484436035,0.673237144947052
E5_baserate,inference_baserate_0.33,"[[0,0],[0,1],[1,1]]",utterance,1,2,63,11,0.1746031746031746,0.2240087389945984,0.29694780707359314,0.31179842352867126,0.22643527388572693,0.2881356179714203
E5_baserate,inference_baserate_0.44,"[[0,0],[0,1],[1,1]]",utterance,1,0,68,2,0.029411764705882353,0.039049893617630005,0.03866982460021973,0.03785766288638115,0.038989096879959106,0.03862711787223816
E5_baserate,inference_baserate_0.44,"[[0,0],[0,1],[1,1]]",utterance,1,1,68,60,0.8823529411764706,0.7369413375854492,0.7741122841835022,0.7844794988632202,0.734575629234314,0.7824997901916504
E5_baserate,inference_baserate_0.44,"[[0,0],[0,1],[1,1]]",utterance,1,2,68,6,0.08823529411764706,0.22400875389575958,0.18721792101860046,0.17766287922859192,0.22643524408340454,0.1788729429244995
E5_baserate,inference_baserate_0.77,"[[0,0],[0,1],[1,1]]",utterance,1,0,75,1,0.013333333333333334,0.0390498973429203,0.03866982460021973,0.03785765916109085,0.038989096879959106,0.03862711787223816
E5_baserate,inference_baserate_0.77,"[[0,0],[0,1],[1,1]]",utterance,1,1,75,70,0.9333333333333333,0.7369413375854492,0.8426454663276672,0.8657971024513245,0.7345755696296692,0.8489133715629578
E5_baserate,inference_baserate_0.77,"[[0,0],[0,1],[1,1]]",utterance,1,2,75,4,0.05333333333333334,0.22400876879692078,0.11868470162153244,0.09634552896022797,0.22643518447875977,0.11245977878570557
E5_baserate,prior_baserate_0.11,"[[0,0],[0,1],[1,1]]",prior,-1,0,53,2,0.03773584905660377,0.3333328664302826,0.1982945203781128,0.22818797826766968,0.3333328664302826,0.19449269771575928
E5_baserate,prior_baserate_0.11,"[[0,0],[0,1],[1,1]]",prior,-1,1,53,10,0.18867924528301888,0.3333328664302826,0.21218180656433105,0.2364736944437027,0.3333328664302826,0.2086733877658844
E5_baserate,prior_baserate_0.11,"[[0,0],[0,1],[1,1]]",prior,-1,2,53,41,0.7735849056603774,0.3333328664302826,0.5895237922668457,0.535338282585144,0.3333328664302826,0.596834123134613
E5_baserate,prior_baserate_0.33,"[[0,0],[0,1],[1,1]]",prior,-1,0,57,3,0.05263157894736842,0.333332896232605,0.2165752649307251,0.24173477292060852,0.333332896232605,0.21346601843833923
E5_baserate,prior_baserate_0.33,"[[0,0],[0,1],[1,1]]",prior,-1,1,57,23,0.40350877192982454,0.333332896232605,0.3147919774055481,0.3223738968372345,0.333332896232605,0.313685804605484
E5_baserate,prior_baserate_0.33,"[[0,0],[0,1],[1,1]]",prior,-1,2,57,31,0.543859649122807,0.333332896232605,0.4686327874660492,0.43589136004447937,0.333332896232605,0.472848117351532
E5_baserate,prior_baserate_0.44,"[[0,0],[0,1],[1,1]]",prior,-1,0,49,6,0.12244897959183673,0.33333292603492737,0.21865500509738922,0.24267004430294037,0.33333292603492737,0.21566009521484375
E5_baserate,prior_baserate_0.44,"[[0,0],[0,1],[1,1]]",prior,-1,1,49,20,0.40816326530612246,0.33333292603492737,0.43846407532691956,0.42095324397087097,0.33333292603492737,0.44130176305770874
E5_baserate,prior_baserate_0.44,"[[0,0],[0,1],[1,1]]",prior,-1,2,49,23,0.46938775510204084,0.33333292603492737,0.3428809642791748,0.3363766074180603,0.33333292603492737,0.3430381417274475
E5_baserate,prior_baserate_0.77,"[[0,0],[0,1],[1,1]]",prior,-1,0,51,1,0.0196078431372549,0.333332896232605,0.203618586063385,0.23072446882724762,0.333332896232605,0.2000608891248703
E5_baserate,prior_baserate_0.77,"[[0,0],[0,1],[1,1]]",prior,-1,1,51,31,0.6078431372549019,0.333332896232605,0.5623340010643005,0.5210598707199097,0.333332896232605,0.5686526298522949
E5_baserate,prior_baserate_0.77,"[[0,0],[0,1],[1,1]]",prior,-1,2,51,19,0.37254901960784315,0.333332896232605,0.23404714465141296,0.2482157200574875,0.333332896232605,0.23128663003444672
E6_valence,favorite,"[[0,0],[0,1],[1,1]]",utterance,1,0,176,0,0.0,0.0390498973429203,0.03866982460021973,0.03785765543580055,0.038989096879959106,0.03862711787223816
E6_valence,favorite,"[[0,0],[0,1],[1,1]]",utterance,1,1,176,93,0.5284090909090909,0.7369412779808044,0.7246904969215393,0.7232202887535095,0.4747021794319153,0.4750533401966095
E6_valence,favorite,"[[0,0],[0,1],[1,1]]",utterance,1,2,176,83,0.4715909090909091,0.22400878369808197,0.23663948476314545,0.2389221340417862,0.48630860447883606,0.48631951212882996
E6_valence,favorite_prior,"[[0,0],[0,1],[1,1]]",prior,-1,0,100,8,0.08,0.33333292603492737,0.3089032769203186,0.32080376148223877,0.08552946150302887,0.07949314266443253
E6_valence,favorite_prior,"[[0,0],[0,1],[1,1]]",prior,-1,1,100,21,0.21,0.33333292603492737,0.3325001895427704,0.3330557346343994,0.2132336050271988,0.20380468666553497
E6_valence,favorite_prior,"[[0,0],[0,1],[1,1]]",prior,-1,2,100,71,0.71,0.33333292603492737,0.3585963845252991,0.3461405038833618,0.7012370228767395,0.7167025208473206
E6_valence,least_favorite,"[[0,0],[0,1],[1,1]]",utterance,1,0,86,6,0.06976744186046512,0.039049893617630005,0.03866982460021973,0.03785766288638115,0.03898909315466881,0.03862712159752846
E6_valence,least_favorite,"[[0,0],[0,1],[1,1]]",utterance,1,1,86,68,0.7906976744186046,0.7369413375854492,0.7246904373168945,0.7232203483581543,0.8632683157920837,0.8628594875335693
E6_valence,least_favorite,"[[0,0],[0,1],[1,1]]",utterance,1,2,86,12,0.13953488372093023,0.22400875389575958,0.23663944005966187,0.2389221340417862,0.09774237126111984,0.09851348400115967
E6_valence,least_favorite_prior,"[[0,0],[0,1],[1,1]]",prior,-1,0,116,92,0.7931034482758621,0.33333292603492737,0.3089032769203186,0.3208037316799164,0.7012369632720947,0.6812102794647217
E6_valence,least_favorite_prior,"[[0,0],[0,1],[1,1]]",prior,-1,1,116,8,0.06896551724137931,0.33333292603492737,0.3325001895427704,0.3330557346343994,0.2132335901260376,0.22515363991260529
E6_valence,least_favorite_prior,"[[0,0],[0,1],[1,1]]",prior,-1,2,116,16,0.13793103448275862,0.33333292603492737,0.3585963845252991,0.3461405038833618,0.08552946150302887,0.09363627433776855
E7_color,inference_color_foil,"[[0,0],[0,1],[1,1]]",utterance,1,0,47,2,0.0425531914893617,0.039049893617630005,0.03866982460021973,0.03785765543580055,0.03898909315466881,0.03862712159752846
E7_color,inference_color_foil,"[[0,0],[0,1],[1,1]]",utterance,1,1,47,39,0.8297872340425532,0.7369413375854492,0.7246906161308289,0.7232203483581543,0.734575629234314,0.7336474657058716
E7_color,inference_color_foil,"[[0,0],[0,1],[1,1]]",utterance,1,2,47,6,0.1276595744680851,0.2240087240934372,0.23663939535617828,0.23892216384410858,0.22643528878688812,0.22772540152072906
E7_color,inference_color_logical,"[[0,0],[0,1],[1,1]]",utterance,1,0,48,3,0.0625,0.0390498973429203,0.03866982460021973,0.03785765543580055,0.038989096879959106,0.03862711787223816
E7_color,inference_color_logical,"[[0,0],[0,1],[1,1]]",utterance,1,1,48,26,0.5416666666666666,0.7369412779808044,0.7246906161308289,0.7232202887535095,0.7345755100250244,0.7336474061012268
E7_color,inference_color_logical,"[[0,0],[0,1],[1,1]]",utterance,1,2,48,19,0.3958333333333333,0.22400875389575958,0.23663945496082306,0.23892216384410858,0.22643522918224335,0.22772546112537384
E7_color,inference_color_none,"[[0,0],[0,1],[1,1]]",utterance,1,0,38,1,0.02631578947368421,0.039049893617630005,0.03866982460021973,0.03785765543580055,0.03898909315466881,0.03862712159752846
E7_color,inference_color_none,"[[0,0],[0,1],[1,1]]",utterance,1,1,38,30,0.7894736842105263,0.7369411587715149,0.7246907353401184,0.7232203483581543,0.7345754504203796,0.7336475849151611
E7_color,inference_color_none,"[[0,0],[0,1],[1,1]]",utterance,1,2,38,7,0.18421052631578946,0.224008709192276,0.23663939535617828,0.23892216384410858,0.22643525898456573,0.22772543132305145
E7_color,inference_color_target,"[[0,0],[0,1],[1,1]]",utterance,1,0,46,1,0.021739130434782608,0.039049893617630005,0.03866982460021973,0.03785765543580055,0.03898909315466881,0.03862712159752846
E7_color,inference_color_target,"[[0,0],[0,1],[1,1]]",utterance,1,1,46,39,0.8478260869565217,0.7369412779808044,0.7246906161308289,0.7232203483581543,0.734575629234314,0.7336474657058716
E7_color,inference_color_target,"[[0,0],[0,1],[1,1]]",utterance,1,2,46,6,0.13043478260869565,0.2240087240934372,0.23663939535617828,0.23892216384410858,0.22643528878688812,0.22772540152072906
E7_color,prior_color_foil,"[[0,0],[0,1],[1,1]]",prior,-1,0,27,11,0.4074074074074074,0.33333295583724976,0.3089033365249634,0.32080376148223877,0.33333295583724976,0.30788320302963257
E7_color,prior_color_foil,"[[0,0],[0,1],[1,1]]",prior,-1,1,27,2,0.07407407407407407,0.33333295583724976,0.3325002193450928,0.33305564522743225,0.33333295583724976,0.3324291706085205
E7_color,prior_color_foil,"[[0,0],[0,1],[1,1]]",prior,-1,2,27,14,0.5185185185185185,0.33333295583724976,0.35859644412994385,0.3461405336856842,0.33333295583724976,0.3596876561641693
E7_color,prior_color_logical,"[[0,0],[0,1],[1,1]]",prior,-1,0,24,3,0.125,0.33333292603492737,0.3089033365249634,0.32080376148223877,0.33333292603492737,0.3078831732273102
E7_color,prior_color_logical,"[[0,0],[0,1],[1,1]]",prior,-1,1,24,7,0.2916666666666667,0.33333292603492737,0.3325001895427704,0.33305564522743225,0.33333292603492737,0.3324292004108429
E7_color,prior_color_logical,"[[0,0],[0,1],[1,1]]",prior,-1,2,24,14,0.5833333333333334,0.33333292603492737,0.35859641432762146,0.3461405038833618,0.33333292603492737,0.3596876561641693
E7_color,prior_color_target,"[[0,0],[0,1],[1,1]]",prior,-1,0,34,7,0.20588235294117646,0.33333292603492737,0.30890336632728577,0.32080376148223877,0.33333292603492737,0.3078831732273102
E7_color,prior_color_target,"[[0,0],[0,1],[1,1]]",prior,-1,1,34,15,0.4411764705882353,0.33333292603492737,0.3325002193450928,0.33305564522743225,0.33333292603492737,0.3324291706085205
E7_color,prior_color_target,"[[0,0],[0,1],[1,1]]",prior,-1,2,34,12,0.35294117647058826,0.33333292603492737,0.35859644412994385,0.3461405336856842,0.33333292603492737,0.3596876561641693
E8_levels,complex_L0,"[[0,0,1],[0,1,1],[1,1,0]]",utterance,0,0,52,0,0.0,0.0390498973429203,0.03866982460021973,0.03785765543580055,0.03898909315466881,0.03862712159752846
E8_levels,complex_L0,"[[0,0,1],[0,1,1],[1,1,0]]",utterance,0,1,52,2,0.038461538461538464,0.0390498973429203,0.03866982460021973,0.03785765543580055,0.03898909315466881,0.03862712159752846
E8_levels,complex_L0,"[[0,0,1],[0,1,1],[1,1,0]]",utterance,0,2,52,50,0.9615384615384616,0.9219003915786743,0.9226598739624023,0.9242848753929138,0.9220221638679504,0.9227455854415894
E8_levels,complex_L1,"[[0,0,1],[0,1,1],[1,1,0]]",utterance,2,0,58,44,0.7586206896551724,0.671779215335846,0.6111336350440979,0.6172205209732056,0.6276775002479553,0.6104462146759033
E8_levels,complex_L1,"[[0,0,1],[0,1,1],[1,1,0]]",utterance,2,1,58,11,0.1896551724137931,0.28917089104652405,0.35019659996032715,0.34492185711860657,0.333332896232605,0.35092684626579285
E8_levels,complex_L1,"[[0,0,1],[0,1,1],[1,1,0]]",utterance,2,2,58,3,0.05172413793103448,0.0390498973429203,0.03866982460021973,0.03785765916109085,0.038989096879959106,0.03862711787223816
E8_levels,complex_L2,"[[0,0,1],[0,1,1],[1,1,0]]",utterance,1,0,62,4,0.06451612903225806,0.039049893617630005,0.03866982460021973,0.03785766661167145,0.03898909315466881,0.03862712159752846
E8_levels,complex_L2,"[[0,0,1],[0,1,1],[1,1,0]]",utterance,1,1,62,33,0.532258064516129,0.6046053767204285,0.6163156032562256,0.6067395210266113,0.6128315329551697,0.6287237405776978
E8_levels,complex_L2,"[[0,0,1],[0,1,1],[1,1,0]]",utterance,1,2,62,25,0.4032258064516129,0.35634467005729675,0.34501421451568604,0.3554026186466217,0.348179429769516,0.3326490521430969
E8_levels,complex_prior,"[[0,0,1],[0,1,1],[1,1,0]]",prior,-1,0,78,31,0.3974358974358974,0.3333328664302826,0.31702616810798645,0.3249759376049042,0.3333328664302826,0.3163435459136963
E8_levels,complex_prior,"[[0,0,1],[0,1,1],[1,1,0]]",prior,-1,1,78,18,0.23076923076923078,0.3333328664302826,0.3414868414402008,0.33751192688941956,0.3333328664302826,0.3418281674385071
E8_levels,complex_prior,"[[0,0,1],[0,1,1],[1,1,0]]",prior,-1,2,78,29,0.3717948717948718,0.3333328664302826,0.3414868414402008,0.33751192688941956,0.3333328664302826,0.3418281674385071
E8_levels,simple_L0,"[[0,0],[0,1],[1,1]]",utterance,0,0,49,1,0.02040816326530612,0.0390498973429203,0.03866982460021973,0.03785765543580055,0.038989096879959106,0.03862711787223816
E8_levels,simple_L0,"[[0,0],[0,1],[1,1]]",utterance,0,1,49,0,0.0,0.0390498973429203,0.03866982460021973,0.03785765543580055,0.038989096879959106,0.03862711787223816
E8_levels,simple_L0,"[[0,0],[0,1],[1,1]]",utterance,0,2,49,48,0.9795918367346939,0.9219002723693848,0.9226598143577576,0.924284815788269,0.9220220446586609,0.9227455854415894
E8_levels,simple_L1,"[[0,0],[0,1],[1,1]]",utterance,1,0,46,0,0.0,0.039049893617630005,0.03866982460021973,0.03785765543580055,0.03898909315466881,0.03862712159752846
E8_levels,simple_L1,"[[0,0],[0,1],[1,1]]",utterance,1,1,46,37,0.8043478260869565,0.7369412779808044,0.7246906161308289,0.7232203483581543,0.734575629234314,0.7336474657058716
E8_levels,simple_L1,"[[0,0],[0,1],[1,1]]",utterance,1,2,46,9,0.1956521739130435,0.2240087240934372,0.23663939535617828,0.23892216384410858,0.22643528878688812,0.22772540152072906
E9_twins,prior,"[[0,1,1],[1,0,1],[1,0,1]]",prior,-1,0,87,48,0.5517241379310345,0.3333328664302826,0.3333328664302826,0.3333328664302826,0.3333328664302826,0.3333328664302826
E9_twins,prior,"[[0,1,1],[1,0,1],[1,0,1]]",prior,-1,1,87,39,0.4482758620689655,0.6666657328605652,0.6666657328605652,0.6666657328605652,0.6666657328605652,0.6666657328605652
E9_twins,twin,"[[0,1,1],[1,0,1],[1,0,1]]",utterance,0,0,46,5,0.10869565217391304,0.039049893617630005,0.03866982460021973,0.03785765543580055,0.03898909315466881,0.03862712159752846
E9_twins,twin,"[[0,1,1],[1,0,1],[1,0,1]]",utterance,0,1,46,41,0.8913043478260869,0.9609499573707581,0.9613305926322937,0.962142288684845,0.9610108733177185,0.9613727331161499
E9_twins,uniform,"[[0,1,1],[1,0,1],[1,0,1]]",utterance,2,0,60,23,0.38333333333333336,0.24019360542297363,0.2060556709766388,0.2120809704065323,0.20895904302597046,0.19543440639972687
E9_twins,uniform,"[[0,1,1],[1,0,1],[1,0,1]]",utterance,2,1,60,37,0.6166666666666667,0.7598062753677368,0.7939440608024597,0.7879188656806946,0.7910411953926086,0.8045655488967896
color_prior_rerun,prior_color_foil,"[[0,0],[0,1],[1,1]]",prior,-1,0,30,14,0.4666666666666667,0.33333295583724976,0.30890336632728577,0.3208037316799164,0.33333295583724976,0.30788320302963257
color_prior_rerun,prior_color_foil,"[[0,0],[0,1],[1,1]]",prior,-1,1,30,5,0.16666666666666666,0.33333295583724976,0.33250024914741516,0.33305561542510986,0.33333295583724976,0.3324291408061981
color_prior_rerun,prior_color_foil,"[[0,0],[0,1],[1,1]]",prior,-1,2,30,11,0.36666666666666664,0.33333295583724976,0.35859647393226624,0.3461405634880066,0.33333295583724976,0.3596876859664917
color_prior_rerun,prior_color_logical,"[[0,0],[0,1],[1,1]]",prior,-1,0,24,10,0.4166666666666667,0.33333292603492737,0.3089033365249634,0.32080376148223877,0.33333292603492737,0.3078831732273102
color_prior_rerun,prior_color_logical,"[[0,0],[0,1],[1,1]]",prior,-1,1,24,2,0.08333333333333333,0.33333292603492737,0.3325001895427704,0.33305564522743225,0.33333292603492737,0.3324292004108429
color_prior_rerun,prior_color_logical,"[[0,0],[0,1],[1,1]]",prior,-1,2,24,12,0.5,0.33333292603492737,0.35859641432762146,0.3461405038833618,0.33333292603492737,0.3596876561641693
color_prior_rerun,prior_color_target,"[[0,0],[0,1],[1,1]]",prior,-1,0,29,12,0.41379310344827586,0.33333295583724976,0.30890336632728577,0.3208037316799164,0.33333295583724976,0.30788320302963257
color_prior_rerun,prior_color_target,"[[0,0],[0,1],[1,1]]",prior,-1,1,29,7,0.2413793103448276,0.33333295583724976,0.3325002193450928,0.33305561542510986,0.33333295583724976,0.3324291706085205
color_prior_rerun,prior_color_target,"[[0,0],[0,1],[1,1]]",prior,-1,2,29,10,0.3448275862068966,0.33333295583724976,0.35859647393226624,0.3461405634880066,0.33333295583724976,0.3596876859664917
levels_prior_action,complex_prior_action,"[[0,0,1],[0,1,1],[1,1,0]]",prior,-1,0,91,46,0.5054945054945055,0.33333292603492737,0.31702616810798645,0.3249759376049042,0.33333292603492737,0.3163435459136963
levels_prior_action,complex_prior_action,"[[0,0,1],[0,1,1],[1,1,0]]",prior,-1,1,91,16,0.17582417582417584,0.33333292603492737,0.3414868712425232,0.33751195669174194,0.33333292603492737,0.34182822704315186
levels_prior_action,complex_prior_action,"[[0,0,1],[0,1,1],[1,1,0]]",prior,-1,2,91,29,0.31868131868131866,0.33333292603492737,0.3414868712425232,0.33751195669174194,0.33333292603492737,0.34182822704315186
sequences,(0b1b)x3,"[[0,0],[0,1],[1,1]]",utterance,0,0,138,4,0.028985507246376812,0.039049893617630005,0.03866982460021973,0.03785765543580055,0.03898909315466881,0.03862712159752846
sequences,(0b1b)x3,"[[0,0],[0,1],[1,1]]",utterance,0,1,138,2,0.014492753623188406,0.039049893617630005,0.03866982460021973,0.03785765543580055,0.03898909315466881,0.03862712159752846
sequences,(0b1b)x3,"[[0,0],[0,1],[1,1]]",utterance,0,2,138,132,0.9565217391304348,0.92190021276474,0.9226598143577576,0.924284815788269,0.9220219254493713,0.9227456450462341
sequences,(0b1b)x3,"[[0,0],[0,1],[1,1]]",utterance,1,0,138,1,0.007246376811594203,0.039049893617630005,0.03866982460021973,0.03785765543580055,0.03898909315466881,0.03862712159752846
sequences,(0b1b)x3,"[[0,0],[0,1],[1,1]]",utterance,1,1,138,108,0.782608695652174,0.7369412779808044,0.7246905565261841,0.7232202887535095,0.7345755100250244,0.7336474061012268
sequences,(0b1b)x3,"[[0,0],[0,1],[1,1]]",utterance,1,2,138,29,0.21014492753623187,0.22400876879692078,0.23663946986198425,0.2389221489429474,0.22643519937992096,0.22772549092769623
sequences,(0w1w)x3,"[[0,0],[0,1],[1,1]]",utterance,0,0,141,0,0.0,0.0390498973429203,0.03866982460021973,0.03785765916109085,0.03898909315466881,0.03862711787223816
sequences,(0w1w)x3,"[[0,0],[0,1],[1,1]]",utterance,0,1,141,1,0.0070921985815602835,0.0390498973429203,0.03866982460021973,0.03785765916109085,0.03898909315466881,0.03862711787223816
sequences,(0w1w)x3,"[[0,0],[0,1],[1,1]]",utterance,0,2,141,140,0.9929078014184397,0.9219000935554504,0.9226598143577576,0.924284815788269,0.9220219850540161,0.9227456450462341
sequences,(0w1w)x3,"[[0,0],[0,1],[1,1]]",utterance,1,0,141,6,0.0425531914893617,0.0390498973429203,0.03866982460021973,0.03785765916109085,0.03898909315466881,0.03862711787223816
sequences,(0w1w)x3,"[[0,0],[0,1],[1,1]]",utterance,1,1,141,111,0.7872340425531915,0.7369412779808044,0.7246905565261841,0.7232202887535095,0.7345755100250244,0.733647346496582
sequences,(0w1w)x3,"[[0,0],[0,1],[1,1]]",utterance,1,2,141,24,0.1702127659574468,0.22400876879692078,0.23663946986198425,0.2389221489429474,0.22643519937992096,0.22772549092769623
sequences,0w1w1b,"[[0,0],[0,1],[1,1]]",utterance,0,0,80,3,0.0375,0.0390498973429203,0.03866982460021973,0.03785765543580055,0.038989096879959106,0.03862711787223816
sequences,0w1w1b,"[[0,0],[0,1],[1,1]]",utterance,0,1,80,2,0.025,0.0390498973429203,0.03866982460021973,0.03785765543580055,0.038989096879959106,0.03862711787223816
sequences,0w1w1b,"[[0,0],[0,1],[1,1]]",utterance,0,2,80,75,0.9375,0.9219001531600952,0.9226597547531128,0.924284815788269,0.9220219850540161,0.9227455854415894
sequences,0w1w1b,"[[0,0],[0,1],[1,1]]",utterance,1,0,160,5,0.03125,0.0390498973429203,0.03866982460021973,0.03785765543580055,0.038989096879959106,0.03862711787223816
sequences,0w1w1b,"[[0,0],[0,1],[1,1]]",utterance,1,1,160,132,0.825,0.7369412779808044,0.7246905565261841,0.7232202887535095,0.7345754504203796,0.7336474061012268
sequences,0w1w1b,"[[0,0],[0,1],[1,1]]",utterance,1,2,160,23,0.14375,0.22400876879692078,0.23663946986198425,0.2389221489429474,0.22643521428108215,0.22772547602653503
sequences,0w1w2w,"[[0,0,1],[0,1,1],[1,1,0]]",utterance,0,0,43,1,0.023255813953488372,0.0390498973429203,0.03866982460021973,0.03785765543580055,0.03898909315466881,0.03862712159752846
sequences,0w1w2w,"[[0,0,1],[0,1,1],[1,1,0]]",utterance,0,1,43,3,0.06976744186046512,0.0390498973429203,0.03866982460021973,0.03785765543580055,0.03898909315466881,0.03862712159752846
sequences,0w1w2w,"[[0,0,1],[0,1,1],[1,1,0]]",utterance,0,2,43,39,0.9069767441860465,0.9219003915786743,0.9226598739624023,0.924284815788269,0.9220221638679504,0.9227455258369446
sequences,0w1w2w,"[[0,0,1],[0,1,1],[1,1,0]]",utterance,1,0,43,3,0.06976744186046512,0.0390498973429203,0.03866982460021973,0.03785765543580055,0.03898909315466881,0.03862712159752846
sequences,0w1w2w,"[[0,0,1],[0,1,1],[1,1,0]]",utterance,1,1,43,35,0.813953488372093,0.6046052575111389,0.6163157820701599,0.6067395806312561,0.6128315329551697,0.6287238001823425
sequences,0w1w2w,"[[0,0,1],[0,1,1],[1,1,0]]",utterance,1,2,43,5,0.11627906976744186,0.3563447594642639,0.34501421451568604,0.3554026782512665,0.34817948937416077,0.3326490521430969
sequences,0w1w2w,"[[0,0,1],[0,1,1],[1,1,0]]",utterance,2,0,43,33,0.7674418604651163,0.6717792749404907,0.6111336350440979,0.617220401763916,0.6276775598526001,0.6104462146759033
sequences,0w1w2w,"[[0,0,1],[0,1,1],[1,1,0]]",utterance,2,1,43,8,0.18604651162790697,0.28917089104652405,0.35019662976264954,0.34492194652557373,0.33333292603492737,0.35092681646347046
sequences,0w1w2w,"[[0,0,1],[0,1,1],[1,1,0]]",utterance,2,2,43,2,0.046511627906976744,0.0390498973429203,0.03866982460021973,0.03785765543580055,0.03898909315466881,0.03862712159752846
sequences,0w2w1w,"[[0,0,1],[0,1,1],[1,1,0]]",utterance,0,0,45,2,0.044444444444444446,0.0390498973429203,0.03866982460021973,0.03785765543580055,0.03898909315466881,0.03862712159752846
sequences,0w2w1w,"[[0,0,1],[0,1,1],[1,1,0]]",utterance,0,1,45,1,0.022222222222222223,0.0390498973429203,0.03866982460021973,0.03785765543580055,0.03898909315466881,0.03862712159752846
sequences,0w2w1w,"[[0,0,1],[0,1,1],[1,1,0]]",utterance,0,2,45,42,0.9333333333333333,0.9219004511833191,0.9226598739624023,0.9242848753929138,0.9220222234725952,0.9227455258369446
sequences,0w2w1w,"[[0,0,1],[0,1,1],[1,1,0]]",utterance,1,0,45,1,0.022222222222222223,0.0390498973429203,0.03866982460021973,0.03785765543580055,0.03898909315466881,0.03862712159752846
sequences,0w2w1w,"[[0,0,1],[0,1,1],[1,1,0]]",utterance,1,1,45,30,0.6666666666666666,0.6046052575111389,0.6163157820701599,0.6067395806312561,0.6128315329551697,0.6287238001823425
sequences,0w2w1w,"[[0,0,1],[0,1,1],[1,1,0]]",utterance,1,2,45,14,0.3111111111111111,0.3563447594642639,0.3450142443180084,0.3554026782512665,0.34817948937416077,0.3326490521430969
sequences,0w2w1w,"[[0,0,1],[0,1,1],[1,1,0]]",utterance,2,0,45,35,0.7777777777777778,0.6717792749404907,0.6111336350440979,0.617220401763916,0.6276775598526001,0.6104462742805481
sequences,0w2w1w,"[[0,0,1],[0,1,1],[1,1,0]]",utterance,2,1,45,8,0.17777777777777778,0.28917089104652405,0.35019662976264954,0.34492194652557373,0.33333292603492737,0.35092681646347046
sequences,0w2w1w,"[[0,0,1],[0,1,1],[1,1,0]]",utterance,2,2,45,2,0.044444444444444446,0.0390498973429203,0.03866982460021973,0.03785765543580055,0.03898909315466881,0.03862712159752846
sequences,1w0w1b,"[[0,0],[0,1],[1,1]]",utterance,0,0,111,0,0.0,0.0390499085187912,0.03866980969905853,0.037857647985219955,0.03898909315466881,0.03862712159752846
sequences,1w0w1b,"[[0,0],[0,1],[1,1]]",utterance,0,1,111,1,0.009009009009009009,0.0390499085187912,0.03866980969905853,0.037857647985219955,0.03898909315466881,0.03862712159752846
sequences,1w0w1b,"[[0,0],[0,1],[1,1]]",utterance,0,2,111,110,0.990990990990991,0.9218999743461609,0.9226598739624023,0.9242849349975586,0.9220218062400818,0.9227455854415894
sequences,1w0w1b,"[[0,0],[0,1],[1,1]]",utterance,1,0,222,12,0.05405405405405406,0.0390499047935009,0.03866981714963913,0.037857651710510254,0.03898909315466881,0.03862712159752846
sequences,1w0w1b,"[[0,0],[0,1],[1,1]]",utterance,1,1,222,168,0.7567567567567568,0.7369412183761597,0.7246906161308289,0.7232202887535095,0.7345753312110901,0.7336475253105164
sequences,1w0w1b,"[[0,0],[0,1],[1,1]]",utterance,1,2,222,42,0.1891891891891892,0.22400878369808197,0.23663946986198425,0.2389221340417862,0.22643518447875977,0.22772550582885742
sequences,1w2w0w,"[[0,0,1],[0,1,1],[1,1,0]]",utterance,0,0,52,1,0.019230769230769232,0.0390498973429203,0.03866982460021973,0.03785765543580055,0.03898909315466881,0.03862712159752846
sequences,1w2w0w,"[[0,0,1],[0,1,1],[1,1,0]]",utterance,0,1,52,1,0.019230769230769232,0.0390498973429203,0.03866982460021973,0.03785765543580055,0.03898909315466881,0.03862712159752846
sequences,1w2w0w,"[[0,0,1],[0,1,1],[1,1,0]]",utterance,0,2,52,50,0.9615384615384616,0.9219003915786743,0.9226598739624023,0.9242848753929138,0.9220221638679504,0.9227455854415894
sequences,1w2w0w,"[[0,0,1],[0,1,1],[1,1,0]]",utterance,1,0,52,3,0.057692307692307696,0.0390498973429203,0.03866982460021973,0.03785765543580055,0.03898909315466881,0.03862712159752846
sequences,1w2w0w,"[[0,0,1],[0,1,1],[1,1,0]]",utterance,1,1,52,29,0.5576923076923077,0.6046052575111389,0.6163157820701599,0.6067395806312561,0.6128315329551697,0.6287238001823425
sequences,1w2w0w,"[[0,0,1],[0,1,1],[1,1,0]]",utterance,1,2,52,20,0.38461538461538464,0.35634469985961914,0.34501421451568604,0.3554026186466217,0.3481793999671936,0.3326490521430969
sequences,1w2w0w,"[[0,0,1],[0,1,1],[1,1,0]]",utterance,2,0,52,45,0.8653846153846154,0.6717792749404907,0.6111336350440979,0.6172204613685608,0.6276775598526001,0.6104462146759033
sequences,1w2w0w,"[[0,0,1],[0,1,1],[1,1,0]]",utterance,2,1,52,5,0.09615384615384616,0.28917089104652405,0.35019662976264954,0.34492185711860657,0.3333328664302826,0.35092687606811523
sequences,1w2w0w,"[[0,0,1],[0,1,1],[1,1,0]]",utterance,2,2,52,2,0.038461538461538464,0.0390498973429203,0.03866982460021973,0.03785765543580055,0.03898909315466881,0.03862712159752846
sequences,2w1w0w,"[[0,0,1],[0,1,1],[1,1,0]]",utterance,0,0,53,1,0.018867924528301886,0.039049893617630005,0.03866982460021973,0.03785765543580055,0.03898909315466881,0.03862712159752846
sequences,2w1w0w,"[[0,0,1],[0,1,1],[1,1,0]]",utterance,0,1,53,0,0.0,0.039049893617630005,0.03866982460021973,0.03785765543580055,0.03898909315466881,0.03862712159752846
sequences,2w1w0w,"[[0,0,1],[0,1,1],[1,1,0]]",utterance,0,2,53,52,0.9811320754716981,0.9219003915786743,0.9226598739624023,0.9242848753929138,0.9220221638679504,0.9227455258369446
sequences,2w1w0w,"[[0,0,1],[0,1,1],[1,1,0]]",utterance,1,0,53,2,0.03773584905660377,0.039049893617630005,0.03866982460021973,0.03785765543580055,0.03898909315466881,0.03862712159752846
sequences,2w1w0w,"[[0,0,1],[0,1,1],[1,1,0]]",utterance,1,1,53,27,0.5094339622641509,0.6046052575111389,0.6163157224655151,0.6067395210266113,0.6128315329551697,0.6287238001823425
sequences,2w1w0w,"[[0,0,1],[0,1,1],[1,1,0]]",utterance,1,2,53,24,0.4528301886792453,0.35634469985961914,0.34501421451568604,0.3554026186466217,0.3481793999671936,0.3326490521430969
sequences,2w1w0w,"[[0,0,1],[0,1,1],[1,1,0]]",utterance,2,0,53,35,0.660377358490566,0.6717792749404907,0.6111336350440979,0.6172204613685608,0.6276775598526001,0.6104462146759033
sequences,2w1w0w,"[[0,0,1],[0,1,1],[1,1,0]]",utterance,2,1,53,15,0.2830188679245283,0.28917089104652405,0.35019662976264954,0.3449218273162842,0.3333328664302826,0.35092687606811523
sequences,2w1w0w,"[[0,0,1],[0,1,1],[1,1,0]]",utterance,2,2,53,3,0.05660377358490566,0.039049893617630005,0.03866982460021973,0.03785765543580055,0.03898909315466881,0.03862712159752846
size,inference_2obj_2feat_sl0,"[[0,1],[1,1]]",utterance,1,0,46,33,0.717391304347826,0.7564663887023926,0.7440258264541626,0.7421488761901855,0.7540699243545532,0.7529608607292175
size,inference_2obj_2feat_sl0,"[[0,1],[1,1]]",utterance,1,1,46,13,0.2826086956521739,0.24353373050689697,0.25597453117370605,0.2578509747982025,0.2459297627210617,0.24703900516033173
size,inference_2obj_3feat_sl6,"[[0,1,1],[1,1,1]]",utterance,1,0,46,28,0.6086956521739131,0.659488320350647,0.6651313900947571,0.6648141741752625,0.6784206628799438,0.6738514304161072
size,inference_2obj_3feat_sl6,"[[0,1,1],[1,1,1]]",utterance,1,1,46,18,0.391304347826087,0.3405115604400635,0.33486834168434143,0.3351859152317047,0.32157954573631287,0.3261488676071167
size,inference_2obj_4feat_sl14,"[[0,1,1,1],[1,1,1,1]]",utterance,1,0,49,27,0.5510204081632653,0.6138336658477783,0.6226935982704163,0.6238473057746887,0.6374973654747009,0.6303619742393494
size,inference_2obj_4feat_sl14,"[[0,1,1,1],[1,1,1,1]]",utterance,1,1,49,22,0.4489795918367347,0.38616636395454407,0.3773062527179718,0.37615257501602173,0.36250290274620056,0.36963802576065063
size,inference_3obj_2feat_sl2,"[[0,0],[0,1],[1,1]]",utterance,1,0,61,2,0.03278688524590164,0.039049893617630005,0.03866982460021973,0.03785766661167145,0.03898909315466881,0.03862712159752846
size,inference_3obj_2feat_sl2,"[[0,0],[0,1],[1,1]]",utterance,1,1,61,46,0.7540983606557377,0.7369413375854492,0.7246904969215393,0.7232203483581543,0.7345756888389587,0.733647346496582
size,inference_3obj_2feat_sl2,"[[0,0],[0,1],[1,1]]",utterance,1,2,61,13,0.21311475409836064,0.22400875389575958,0.23663942515850067,0.2389221489429474,0.22643525898456573,0.22772543132305145
size,inference_3obj_3feat_sl8,"[[0,0,1],[0,1,1],[1,1,1]]",utterance,2,0,90,67,0.7444444444444445,0.648284375667572,0.6136159896850586,0.6138962507247925,0.6320801973342896,0.6227548718452454
size,inference_3obj_3feat_sl8,"[[0,0,1],[0,1,1],[1,1,1]]",utterance,2,1,90,9,0.1,0.23628516495227814,0.26087334752082825,0.25962069630622864,0.2513544261455536,0.25806137919425964
size,inference_3obj_3feat_sl8,"[[0,0,1],[0,1,1],[1,1,1]]",utterance,2,2,90,14,0.15555555555555556,0.11543043702840805,0.12551070749759674,0.12648320198059082,0.11656542867422104,0.1191837415099144
size,inference_3obj_3feat_sl9,"[[0,0,1],[0,1,1],[1,1,1]]",utterance,1,0,91,12,0.13186813186813187,0.039049893617630005,0.03866982460021973,0.03785765916109085,0.038989096879959106,0.03862711787223816
size,inference_3obj_3feat_sl9,"[[0,0,1],[0,1,1],[1,1,1]]",utterance,1,1,91,57,0.6263736263736264,0.675661563873291,0.6744498610496521,0.6714047789573669,0.6859564781188965,0.6855035424232483
size,inference_3obj_3feat_sl9,"[[0,0,1],[0,1,1],[1,1,1]]",utterance,1,2,91,22,0.24175824175824176,0.28528857231140137,0.2868805229663849,0.2907376289367676,0.27505454421043396,0.27586930990219116
size,inference_3obj_4feat_sl16,"[[0,0,1,1],[0,1,1,1],[1,1,1,1]]",utterance,2,0,89,66,0.7415730337078652,0.5301955938339233,0.5196166038513184,0.5217486023902893,0.5411549210548401,0.528169572353363
size,inference_3obj_4feat_sl16,"[[0,0,1,1],[0,1,1,1],[1,1,1,1]]",utterance,2,1,89,7,0.07865168539325842,0.3006362318992615,0.3129410445690155,0.30999472737312317,0.3037550747394562,0.31224730610847473
size,inference_3obj_4feat_sl16,"[[0,0,1,1],[0,1,1,1],[1,1,1,1]]",utterance,2,2,89,16,0.1797752808988764,0.16916851699352264,0.1674424111843109,0.1682567149400711,0.15508997440338135,0.15958331525325775
size,inference_3obj_4feat_sl17,"[[0,0,1,1],[0,1,1,1],[1,1,1,1]]",utterance,1,0,98,15,0.15306122448979592,0.039049893617630005,0.03866982460021973,0.03785765543580055,0.038989096879959106,0.03862711787223816
size,inference_3obj_4feat_sl17,"[[0,0,1,1],[0,1,1,1],[1,1,1,1]]",utterance,1,1,98,57,0.5816326530612245,0.6287252306938171,0.640379011631012,0.6373147964477539,0.6529927253723145,0.651859700679779
size,inference_3obj_4feat_sl17,"[[0,0,1,1],[0,1,1,1],[1,1,1,1]]",utterance,1,2,98,26,0.2653061224489796,0.33222508430480957,0.3209514021873474,0.3248275816440582,0.30801817774772644,0.3095131516456604
size,inference_4obj_2feat_sl4,"[[0,0],[0,0],[0,1],[1,1]]",utterance,1,0,64,0,0.0,0.05857482925057411,0.05800474435091019,0.05678648501634598,0.05848365277051926,0.05794066935777664
size,inference_4obj_2feat_sl4,"[[0,0],[0,0],[0,1],[1,1]]",utterance,1,2,64,48,0.75,0.7271788120269775,0.7150231599807739,0.7137556672096252,0.7248281836509705,0.7239904999732971
size,inference_4obj_2feat_sl4,"[[0,0],[0,0],[0,1],[1,1]]",utterance,1,3,64,16,0.25,0.21424630284309387,0.22697198390960693,0.22945764660835266,0.21668794751167297,0.21806871891021729
size,inference_4obj_3feat_sl11,"[[0,0,1],[0,0,1],[0,1,1],[1,1,1]]",utterance,2,0,92,61,0.6630434782608695,0.8216962218284607,0.7970554232597351,0.7935683131217957,0.8067713379859924,0.8061364889144897
size,inference_4obj_3feat_sl11,"[[0,0,1],[0,0,1],[0,1,1],[1,1,1]]",utterance,2,2,92,7,0.07608695652173914,0.11779449135065079,0.1356409788131714,0.13766227662563324,0.13006897270679474,0.13075625896453857
size,inference_4obj_3feat_sl11,"[[0,0,1],[0,0,1],[0,1,1],[1,1,1]]",utterance,2,3,92,24,0.2608695652173913,0.06050880625844002,0.06730387359857559,0.06876934319734573,0.0631595104932785,0.06310754269361496
size,inference_4obj_3feat_sl12,"[[0,0,1],[0,0,1],[0,1,1],[1,1,1]]",utterance,1,0,93,4,0.043010752688172046,0.058574825525283813,0.058004748076200485,0.05678648501634598,0.05848365277051926,0.057940658181905746
size,inference_4obj_3feat_sl12,"[[0,0,1],[0,0,1],[0,1,1],[1,1,1]]",utterance,1,2,93,60,0.6451612903225806,0.6824073791503906,0.6797551512718201,0.6760568618774414,0.6904270052909851,0.6913840770721436
size,inference_4obj_3feat_sl12,"[[0,0,1],[0,0,1],[0,1,1],[1,1,1]]",utterance,1,3,93,29,0.3118279569892473,0.2590178847312927,0.262239933013916,0.2671566307544708,0.2510893940925598,0.25067517161369324
size,inference_4obj_4feat_sl19,"[[0,0,1,1],[0,0,1,1],[0,1,1,1],[1,1,1,1]]",utterance,2,0,83,54,0.6506024096385542,0.7297670245170593,0.7260589003562927,0.7230713367462158,0.7402424216270447,0.73676598072052
size,inference_4obj_4feat_sl19,"[[0,0,1,1],[0,0,1,1],[0,1,1,1],[1,1,1,1]]",utterance,2,2,83,7,0.08433734939759036,0.1757906824350357,0.1813220977783203,0.1822371929883957,0.17390313744544983,0.17677083611488342
size,inference_4obj_4feat_sl19,"[[0,0,1,1],[0,0,1,1],[0,1,1,1],[1,1,1,1]]",utterance,2,3,83,22,0.26506024096385544,0.09444200992584229,0.09261885285377502,0.09469157457351685,0.08585438877344131,0.08646315336227417
size,inference_4obj_4feat_sl20,"[[0,0,1,1],[0,0,1,1],[0,1,1,1],[1,1,1,1]]",utterance,1,0,83,1,0.012048192771084338,0.058574825525283813,0.058004748076200485,0.05678648501634598,0.05848365277051926,0.057940661907196045
size,inference_4obj_4feat_sl20,"[[0,0,1,1],[0,0,1,1],[0,1,1,1],[1,1,1,1]]",utterance,1,2,83,50,0.6024096385542169,0.640650749206543,0.6528829336166382,0.648222804069519,0.6642756462097168,0.6657939553260803
size,inference_4obj_4feat_sl20,"[[0,0,1,1],[0,0,1,1],[0,1,1,1],[1,1,1,1]]",utterance,1,3,83,32,0.3855421686746988,0.30077433586120605,0.2891121506690979,0.29499074816703796,0.27724072337150574,0.27626553177833557
size,prior_2obj_2feat,"[[0,1],[1,1]]",prior,-1,0,48,14,0.2916666666666667,0.5,0.4813476502895355,0.4904949963092804,0.5,0.4805534780025482
size,prior_2obj_2feat,"[[0,1],[1,1]]",prior,-1,1,48,34,0.7083333333333334,0.5,0.5186522006988525,0.5095048546791077,0.5,0.519446611404419
size,prior_2obj_3feat,"[[0,1,1],[1,1,1]]",prior,-1,0,37,8,0.21621621621621623,0.5,0.4813477396965027,0.49049505591392517,0.5,0.48055338859558105
size,prior_2obj_3feat,"[[0,1,1],[1,1,1]]",prior,-1,1,37,29,0.7837837837837838,0.5,0.5186521410942078,0.5095048546791077,0.5,0.5194467306137085
size,prior_2obj_4feat,"[[0,1,1,1],[1,1,1,1]]",prior,-1,0,44,16,0.36363636363636365,0.5,0.4813476800918579,0.49049508571624756,0.5,0.48055341839790344
size,prior_2obj_4feat,"[[0,1,1,1],[1,1,1,1]]",prior,-1,1,44,28,0.6363636363636364,0.5,0.5186522006988525,0.5095048546791077,0.5,0.5194466710090637
size,prior_3obj_2feat,"[[0,0],[0,1],[1,1]]",prior,-1,0,41,5,0.12195121951219512,0.33333292603492737,0.3089033365249634,0.32080376148223877,0.33333292603492737,0.3078831732273102
size,prior_3obj_2feat,"[[0,0],[0,1],[1,1]]",prior,-1,1,41,14,0.34146341463414637,0.33333292603492737,0.3325001895427704,0.33305564522743225,0.33333292603492737,0.3324292004108429
size,prior_3obj_2feat,"[[0,0],[0,1],[1,1]]",prior,-1,2,41,22,0.5365853658536586,0.33333292603492737,0.35859644412994385,0.3461405038833618,0.33333292603492737,0.3596876561641693
size,prior_3obj_3feat,"[[0,0,1],[0,1,1],[1,1,1]]",prior,-1,0,38,9,0.23684210526315788,0.33333292603492737,0.30890339612960815,0.3208037316799164,0.33333292603492737,0.30788323283195496
size,prior_3obj_3feat,"[[0,0,1],[0,1,1],[1,1,1]]",prior,-1,1,38,8,0.21052631578947367,0.33333292603492737,0.3325002193450928,0.33305561542510986,0.33333292603492737,0.3324291706085205
size,prior_3obj_3feat,"[[0,0,1],[0,1,1],[1,1,1]]",prior,-1,2,38,21,0.5526315789473685,0.33333292603492737,0.35859647393226624,0.3461405634880066,0.33333292603492737,0.3596876859664917
size,prior_3obj_4feat,"[[0,0,1,1],[0,1,1,1],[1,1,1,1]]",prior,-1,0,38,10,0.2631578947368421,0.33333292603492737,0.30890339612960815,0.3208037316799164,0.33333292603492737,0.3078831732273102
size,prior_3obj_4feat,"[[0,0,1,1],[0,1,1,1],[1,1,1,1]]",prior,-1,1,38,6,0.15789473684210525,0.33333292603492737,0.3325002193450928,0.33305561542510986,0.33333292603492737,0.3324291706085205
size,prior_3obj_4feat,"[[0,0,1,1],[0,1,1,1],[1,1,1,1]]",prior,-1,2,38,22,0.5789473684210527,0.33333292603492737,0.35859647393226624,0.3461405634880066,0.33333292603492737,0.3596876859664917
size,prior_4obj_2feat,"[[0,0],[0,0],[0,1],[1,1]]",prior,-1,0,45,12,0.26666666666666666,0.5,0.47182121872901917,0.4856714904308319,0.5,0.47061455249786377
size,prior_4obj_2feat,"[[0,0],[0,0],[0,1],[1,1]]",prior,-1,2,45,7,0.15555555555555556,0.25,0.2540539503097534,0.2521761655807495,0.25,0.254199355840683
size,prior_4obj_2feat,"[[0,0],[0,0],[0,1],[1,1]]",prior,-1,3,45,26,0.5777777777777777,0.25,0.2741249203681946,0.26215240359306335,0.25,0.27518612146377563
size,prior_4obj_3feat,"[[0,0,1],[0,0,1],[0,1,1],[1,1,1]]",prior,-1,0,49,14,0.2857142857142857,0.5,0.47182124853134155,0.4856714606285095,0.5,0.4706144630908966
size,prior_4obj_3feat,"[[0,0,1],[0,0,1],[0,1,1],[1,1,1]]",prior,-1,2,49,16,0.32653061224489793,0.25,0.2540539503097534,0.2521761655807495,0.25,0.25419938564300537
size,prior_4obj_3feat,"[[0,0,1],[0,0,1],[0,1,1],[1,1,1]]",prior,-1,3,49,19,0.3877551020408163,0.25,0.2741248905658722,0.26215240359306335,0.25,0.27518609166145325
size,prior_4obj_4feat,"[[0,0,1,1],[0,0,1,1],[0,1,1,1],[1,1,1,1]]",prior,-1,0,43,13,0.3023255813953488,0.5,0.47182121872901917,0.4856714606285095,0.5,0.470614492893219
size,prior_4obj_4feat,"[[0,0,1,1],[0,0,1,1],[0,1,1,1],[1,1,1,1]]",prior,-1,2,43,9,0.20930232558139536,0.25,0.2540539503097534,0.2521761655807495,0.25,0.254199355840683
size,prior_4obj_4feat,"[[0,0,1,1],[0,0,1,1],[0,1,1,1],[1,1,1,1]]",prior,-1,3,43,21,0.4883720930232558,0.25,0.2741249203681946,0.26215240359306335,0.25,0.27518612146377563
speakers,seq_L2:checkbox,"[[0,0,1],[0,1,1],[1,1,0]]",utterance,1,0,136,8,0.058823529411764705,0.0390498973429203,0.03866982460021973,0.03785765543580055,0.038989096879959106,0.03862711787223816
speakers,seq_L2:checkbox,"[[0,0,1],[0,1,1],[1,1,0]]",utterance,1,1,136,61,0.4485294117647059,0.6046052575111389,0.6163157820701599,0.6067395806312561,0.6128315925598145,0.6287238597869873
speakers,seq_L2:checkbox,"[[0,0,1],[0,1,1],[1,1,0]]",utterance,1,2,136,67,0.49264705882352944,0.35634472966194153,0.34501415491104126,0.3554026782512665,0.3481794595718384,0.33264899253845215
speakers,seq_L2:text,"[[0,0,1],[0,1,1],[1,1,0]]",utterance,1,0,135,12,0.08888888888888889,0.0390498973429203,0.03866982460021973,0.03785766288638115,0.038989096879959106,0.03862711787223816
speakers,seq_L2:text,"[[0,0,1],[0,1,1],[1,1,0]]",utterance,1,1,135,62,0.45925925925925926,0.6046053171157837,0.6163157224655151,0.6067395210266113,0.6128315925598145,0.6287238001823425
speakers,seq_L2:text,"[[0,0,1],[0,1,1],[1,1,0]]",utterance,1,2,135,61,0.45185185185185184,0.35634472966194153,0.34501415491104126,0.3554026186466217,0.348179429769516,0.33264902234077454
speakers,seq_L2:virtual_keyboard,"[[0,0,1],[0,1,1],[1,1,0]]",utterance,1,0,118,7,0.059322033898305086,0.0390499085187912,0.03866981342434883,0.037857647985219955,0.03898909315466881,0.03862712159752846
speakers,seq_L2:virtual_keyboard,"[[0,0,1],[0,1,1],[1,1,0]]",utterance,1,1,118,54,0.4576271186440678,0.6046053171157837,0.6163159012794495,0.6067397594451904,0.6128315925598145,0.6287239193916321
speakers,seq_L2:virtual_keyboard,"[[0,0,1],[0,1,1],[1,1,0]]",utterance,1,2,118,57,0.4830508474576271,0.3563448190689087,0.3450140655040741,0.35540270805358887,0.3481793701648712,0.33264902234077454
