study_id,label,participant_id,time_taken_seconds,time_taken_minutes
6a38434ace0a70aaa06405d6,e1-run1,REDACTED,197,3.283
6a38434ace0a70aaa06405d6,e1-run1,REDACTED,168,2.800
6a38434ace0a70aaa06405d6,e1-run1,REDACTED,228,3.800
6a38434ace0a70aaa06405d6,e1-run1,REDACTED,355,5.917
6a38434ace0a70aaa06405d6,e1-run1,REDACTED,212,3.533
6a38434ace0a70aaa06405d6,e1-run1,REDACTED,287,4.783
6a38434ace0a70aaa06405d6,e1-run1,REDACTED,502,8.367
6a38434ace0a70aaa06405d6,e1-run1,REDACTED,394,6.567
6a38434ace0a70aaa06405d6,e1-run1,REDACTED,112,1.867
6a38434ace0a70aaa06405d6,e1-run1,REDACTED,277,4.617
6a38434ace0a70aaa06405d6,e1-run1,REDACTED,142,2.367
6a38434ace0a70aaa06405d6,e1-run1,REDACTED,208,3.467
6a38434ace0a70aaa06405d6,e1-run1,REDACTED,169,2.817
6a38434ace0a70aaa06405d6,e1-run1,REDACTED,434,7.233
6a38434ace0a70aaa06405d6,e1-run1,REDACTED,84,1.400
6a38434ace0a70aaa06405d6,e1-run1,REDACTED,236,3.933
6a38434ace0a70aaa06405d6,e1-run1,REDACTED,150,2.500
6a38434ace0a70aaa06405d6,e1-run1,REDACTED,181,3.017
6a38434ace0a70aaa06405d6,e1-run1,REDACTED,266,4.433
6a38434ace0a70aaa06405d6,e1-run1,REDACTED,307,5.117
6a38434ace0a70aaa06405d6,e1-run1,REDACTED,172,2.867
6a38434ace0a70aaa06405d6,e1-run1,REDACTED,129,2.150
6a38434ace0a70aaa06405d6,e1-run1,REDACTED,159,2.650
6a38434ace0a70aaa06405d6,e1-run1,REDACTED,124,2.067
6a38434ace0a70aaa06405d6,e1-run1,REDACTED,693,11.550
6a38434ace0a70aaa06405d6,e1-run1,REDACTED,345,5.750
6a38434ace0a70aaa06405d6,e1-run1,REDACTED,118,1.967
6a38434ace0a70aaa06405d6,e1-run1,REDACTED,133,2.217
6a38434ace0a70aaa06405d6,e1-run1,REDACTED,265,4.417
6a38434ace0a70aaa06405d6,e1-run1,REDACTED,158,2.633
6a38434ace0a70aaa06405d6,e1-run1,REDACTED,145,2.417
6a38434ace0a70aaa06405d6,e1-run1,REDACTED,216,3.600
6a38434ace0a70aaa06405d6,e1-run1,REDACTED,251,4.183
6a38434ace0a70aaa06405d6,e1-run1,REDACTED,179,2.983
6a38434ace0a70aaa06405d6,e1-run1,REDACTED,277,4.617
6a38434ace0a70aaa06405d6,e1-run1,REDACTED,164,2.733
6a38434ace0a70aaa06405d6,e1-run1,REDACTED,132,2.200
6a38434ace0a70aaa06405d6,e1-run1,REDACTED,333,5.550
6a38434ace0a70aaa06405d6,e1-run1,REDACTED,237,3.950
6a38434ace0a70aaa06405d6,e1-run1,REDACTED,147,2.450
6a385696055b5982b2ed47c7,e1-run2,REDACTED,80,1.333
6a385696055b5982b2ed47c7,e1-run2,REDACTED,171,2.850
6a385696055b5982b2ed47c7,e1-run2,REDACTED,134,2.233
6a385696055b5982b2ed47c7,e1-run2,REDACTED,543,9.050
6a385696055b5982b2ed47c7,e1-run2,REDACTED,149,2.483
6a385696055b5982b2ed47c7,e1-run2,REDACTED,81,1.350
6a385696055b5982b2ed47c7,e1-run2,REDACTED,201,3.350
6a385696055b5982b2ed47c7,e1-run2,REDACTED,182,3.033
6a385696055b5982b2ed47c7,e1-run2,REDACTED,206,3.433
6a385696055b5982b2ed47c7,e1-run2,REDACTED,721,12.017
6a385696055b5982b2ed47c7,e1-run2,REDACTED,108,1.800
6a385696055b5982b2ed47c7,e1-run2,REDACTED,144,2.400
6a385696055b5982b2ed47c7,e1-run2,REDACTED,104,1.733
6a385696055b5982b2ed47c7,e1-run2,REDACTED,350,5.833
6a385696055b5982b2ed47c7,e1-run2,REDACTED,279,4.650
6a385696055b5982b2ed47c7,e1-run2,REDACTED,132,2.200
6a385696055b5982b2ed47c7,e1-run2,REDACTED,134,2.233
6a385696055b5982b2ed47c7,e1-run2,REDACTED,162,2.700
6a385696055b5982b2ed47c7,e1-run2,REDACTED,185,3.083
6a385696055b5982b2ed47c7,e1-run2,REDACTED,98,1.633
6a385696055b5982b2ed47c7,e1-run2,REDACTED,133,2.217
6a385696055b5982b2ed47c7,e1-run2,REDACTED,109,1.817
6a385696055b5982b2ed47c7,e1-run2,REDACTED,212,3.533
6a385696055b5982b2ed47c7,e1-run2,REDACTED,127,2.117
6a385696055b5982b2ed47c7,e1-run2,REDACTED,224,3.733
6a385696055b5982b2ed47c7,e1-run2,REDACTED,267,4.450
6a385696055b5982b2ed47c7,e1-run2,REDACTED,305,5.083
6a385696055b5982b2ed47c7,e1-run2,REDACTED,308,5.133
6a385696055b5982b2ed47c7,e1-run2,REDACTED,94,1.567
6a385696055b5982b2ed47c7,e1-run2,REDACTED,103,1.717
6a385696055b5982b2ed47c7,e1-run2,REDACTED,184,3.067
6a385696055b5982b2ed47c7,e1-run2,REDACTED,102,1.700
6a385696055b5982b2ed47c7,e1-run2,REDACTED,281,4.683
6a385696055b5982b2ed47c7,e1-run2,REDACTED,245,4.083
6a385696055b5982b2ed47c7,e1-run2,REDACTED,193,3.217
6a385696055b5982b2ed47c7,e1-run2,REDACTED,339,5.650
6a385696055b5982b2ed47c7,e1-run2,REDACTED,355,5.917
6a385696055b5982b2ed47c7,e1-run2,REDACTED,122,2.033
6a385696055b5982b2ed47c7,e1-run2,REDACTED,239,3.983
6a385696055b5982b2ed47c7,e1-run2,REDACTED,396,6.600
6a38583a4d4d4892684b38e7,e2-run1,REDACTED,104,1.733
6a38583a4d4d4892684b38e7,e2-run1,REDACTED,629,10.483
6a38583a4d4d4892684b38e7,e2-run1,REDACTED,112,1.867
6a38583a4d4d4892684b38e7,e2-run1,REDACTED,334,5.567
6a38583a4d4d4892684b38e7,e2-run1,REDACTED,152,2.533
6a38583a4d4d4892684b38e7,e2-run1,REDACTED,241,4.017
6a38583a4d4d4892684b38e7,e2-run1,REDACTED,265,4.417
6a38583a4d4d4892684b38e7,e2-run1,REDACTED,171,2.850
6a38583a4d4d4892684b38e7,e2-run1,REDACTED,277,4.617
6a38583a4d4d4892684b38e7,e2-run1,REDACTED,242,4.033
6a38583a4d4d4892684b38e7,e2-run1,REDACTED,245,4.083
6a38583a4d4d4892684b38e7,e2-run1,REDACTED,256,4.267
6a38583a4d4d4892684b38e7,e2-run1,REDACTED,267,4.450
6a38583a4d4d4892684b38e7,e2-run1,REDACTED,147,2.450
6a38583a4d4d4892684b38e7,e2-run1,REDACTED,185,3.083
6a38583a4d4d4892684b38e7,e2-run1,REDACTED,199,3.317
6a38583a4d4d4892684b38e7,e2-run1,REDACTED,218,3.633
6a38583a4d4d4892684b38e7,e2-run1,REDACTED,277,4.617
6a38583a4d4d4892684b38e7,e2-run1,REDACTED,60,1.000
6a38583a4d4d4892684b38e7,e2-run1,REDACTED,242,4.033
6a38583a4d4d4892684b38e7,e2-run1,REDACTED,111,1.850
6a38583a4d4d4892684b38e7,e2-run1,REDACTED,149,2.483
6a38583a4d4d4892684b38e7,e2-run1,REDACTED,203,3.383
6a38583a4d4d4892684b38e7,e2-run1,REDACTED,281,4.683
6a38583a4d4d4892684b38e7,e2-run1,REDACTED,168,2.800
6a38583a4d4d4892684b38e7,e2-run1,REDACTED,110,1.833
6a38583a4d4d4892684b38e7,e2-run1,REDACTED,283,4.717
6a38583a4d4d4892684b38e7,e2-run1,REDACTED,145,2.417
6a38583a4d4d4892684b38e7,e2-run1,REDACTED,203,3.383
6a38583a4d4d4892684b38e7,e2-run1,REDACTED,210,3.500
6a38583a4d4d4892684b38e7,e2-run1,REDACTED,173,2.883
6a38583a4d4d4892684b38e7,e2-run1,REDACTED,144,2.400
6a38583a4d4d4892684b38e7,e2-run1,REDACTED,169,2.817
6a38583a4d4d4892684b38e7,e2-run1,REDACTED,149,2.483
6a38583a4d4d4892684b38e7,e2-run1,REDACTED,140,2.333
6a38583a4d4d4892684b38e7,e2-run1,REDACTED,117,1.950
6a38583a4d4d4892684b38e7,e2-run1,REDACTED,252,4.200
6a38583a4d4d4892684b38e7,e2-run1,REDACTED,92,1.533
6a38583a4d4d4892684b38e7,e2-run1,REDACTED,294,4.900
6a38583a4d4d4892684b38e7,e2-run1,REDACTED,98,1.633
6a3858d25b02ef6d050df3fe,e1-run3,REDACTED,117,1.950
6a3858d25b02ef6d050df3fe,e1-run3,REDACTED,58,0.967
6a3858d25b02ef6d050df3fe,e1-run3,REDACTED,281,4.683
6a3858d25b02ef6d050df3fe,e1-run3,REDACTED,261,4.350
6a3858d25b02ef6d050df3fe,e1-run3,REDACTED,241,4.017
6a3858d25b02ef6d050df3fe,e1-run3,REDACTED,363,6.050
6a3858d25b02ef6d050df3fe,e1-run3,REDACTED,205,3.417
6a3858d25b02ef6d050df3fe,e1-run3,REDACTED,211,3.517
6a3858d25b02ef6d050df3fe,e1-run3,REDACTED,186,3.100
6a3858d25b02ef6d050df3fe,e1-run3,REDACTED,127,2.117
6a3858d25b02ef6d050df3fe,e1-run3,REDACTED,88,1.467
6a3858d25b02ef6d050df3fe,e1-run3,REDACTED,416,6.933
6a3858d25b02ef6d050df3fe,e1-run3,REDACTED,112,1.867
6a3858d25b02ef6d050df3fe,e1-run3,REDACTED,260,4.333
6a3858d25b02ef6d050df3fe,e1-run3,REDACTED,336,5.600
6a3858d25b02ef6d050df3fe,e1-run3,REDACTED,697,11.617
6a3858d25b02ef6d050df3fe,e1-run3,REDACTED,177,2.950
6a3858d25b02ef6d050df3fe,e1-run3,REDACTED,256,4.267
6a3858d25b02ef6d050df3fe,e1-run3,REDACTED,186,3.100
6a3858d25b02ef6d050df3fe,e1-run3,REDACTED,88,1.467
6a3858d25b02ef6d050df3fe,e1-run3,REDACTED,242,4.033
6a3858d25b02ef6d050df3fe,e1-run3,REDACTED,199,3.317
6a3858d25b02ef6d050df3fe,e1-run3,REDACTED,194,3.233
6a3858d25b02ef6d050df3fe,e1-run3,REDACTED,434,7.233
6a3858d25b02ef6d050df3fe,e1-run3,REDACTED,189,3.150
6a3858d25b02ef6d050df3fe,e1-run3,REDACTED,247,4.117
6a3858d25b02ef6d050df3fe,e1-run3,REDACTED,107,1.783
6a3858d25b02ef6d050df3fe,e1-run3,REDACTED,312,5.200
6a3858d25b02ef6d050df3fe,e1-run3,REDACTED,261,4.350
6a3858d25b02ef6d050df3fe,e1-run3,REDACTED,148,2.467
6a3858d25b02ef6d050df3fe,e1-run3,REDACTED,100,1.667
6a3858d25b02ef6d050df3fe,e1-run3,REDACTED,213,3.550
6a3858d25b02ef6d050df3fe,e1-run3,REDACTED,471,7.850
6a3858d25b02ef6d050df3fe,e1-run3,REDACTED,447,7.450
6a3858d25b02ef6d050df3fe,e1-run3,REDACTED,357,5.950
6a3858d25b02ef6d050df3fe,e1-run3,REDACTED,201,3.350
6a3858d25b02ef6d050df3fe,e1-run3,REDACTED,168,2.800
6a3858d25b02ef6d050df3fe,e1-run3,REDACTED,88,1.467
6a3858d25b02ef6d050df3fe,e1-run3,REDACTED,367,6.117
6a3858d25b02ef6d050df3fe,e1-run3,REDACTED,197,3.283
6a387024285fbb2370d353da,e2-run2,REDACTED,101,1.683
6a387024285fbb2370d353da,e2-run2,REDACTED,258,4.300
6a387024285fbb2370d353da,e2-run2,REDACTED,261,4.350
6a387024285fbb2370d353da,e2-run2,REDACTED,485,8.083
6a387024285fbb2370d353da,e2-run2,REDACTED,287,4.783
6a387024285fbb2370d353da,e2-run2,REDACTED,137,2.283
6a387024285fbb2370d353da,e2-run2,REDACTED,251,4.183
6a387024285fbb2370d353da,e2-run2,REDACTED,400,6.667
6a387024285fbb2370d353da,e2-run2,REDACTED,71,1.183
6a387024285fbb2370d353da,e2-run2,REDACTED,190,3.167
6a387024285fbb2370d353da,e2-run2,REDACTED,123,2.050
6a387024285fbb2370d353da,e2-run2,REDACTED,131,2.183
6a387024285fbb2370d353da,e2-run2,REDACTED,127,2.117
6a387024285fbb2370d353da,e2-run2,REDACTED,190,3.167
6a387024285fbb2370d353da,e2-run2,REDACTED,253,4.217
6a387024285fbb2370d353da,e2-run2,REDACTED,176,2.933
6a387024285fbb2370d353da,e2-run2,REDACTED,116,1.933
6a387024285fbb2370d353da,e2-run2,REDACTED,195,3.250
6a387024285fbb2370d353da,e2-run2,REDACTED,210,3.500
6a387024285fbb2370d353da,e2-run2,REDACTED,1185,19.750
6a387024285fbb2370d353da,e2-run2,REDACTED,305,5.083
6a387024285fbb2370d353da,e2-run2,REDACTED,140,2.333
6a387024285fbb2370d353da,e2-run2,REDACTED,96,1.600
6a387024285fbb2370d353da,e2-run2,REDACTED,101,1.683
6a387024285fbb2370d353da,e2-run2,REDACTED,182,3.033
6a387024285fbb2370d353da,e2-run2,REDACTED,244,4.067
6a387024285fbb2370d353da,e2-run2,REDACTED,288,4.800
6a387024285fbb2370d353da,e2-run2,REDACTED,272,4.533
6a387024285fbb2370d353da,e2-run2,REDACTED,305,5.083
6a387024285fbb2370d353da,e2-run2,REDACTED,185,3.083
6a387024285fbb2370d353da,e2-run2,REDACTED,68,1.133
6a387024285fbb2370d353da,e2-run2,REDACTED,172,2.867
6a387024285fbb2370d353da,e2-run2,REDACTED,279,4.650
6a387024285fbb2370d353da,e2-run2,REDACTED,172,2.867
6a387024285fbb2370d353da,e2-run2,REDACTED,89,1.483
6a387024285fbb2370d353da,e2-run2,REDACTED,181,3.017
6a387024285fbb2370d353da,e2-run2,REDACTED,221,3.683
6a387024285fbb2370d353da,e2-run2,REDACTED,449,7.483
6a387024285fbb2370d353da,e2-run2,REDACTED,203,3.383
6a387024285fbb2370d353da,e2-run2,REDACTED,262,4.367
6a3871cb890ba33d9f65e443,e2-run3,REDACTED,48,0.800
6a3871cb890ba33d9f65e443,e2-run3,REDACTED,220,3.667
6a3871cb890ba33d9f65e443,e2-run3,REDACTED,135,2.250
6a3871cb890ba33d9f65e443,e2-run3,REDACTED,111,1.850
6a3871cb890ba33d9f65e443,e2-run3,REDACTED,209,3.483
6a3871cb890ba33d9f65e443,e2-run3,REDACTED,241,4.017
6a3871cb890ba33d9f65e443,e2-run3,REDACTED,79,1.317
6a3871cb890ba33d9f65e443,e2-run3,REDACTED,134,2.233
6a3871cb890ba33d9f65e443,e2-run3,REDACTED,76,1.267
6a3871cb890ba33d9f65e443,e2-run3,REDACTED,256,4.267
6a3871cb890ba33d9f65e443,e2-run3,REDACTED,144,2.400
6a3871cb890ba33d9f65e443,e2-run3,REDACTED,121,2.017
6a3871cb890ba33d9f65e443,e2-run3,REDACTED,98,1.633
6a3871cb890ba33d9f65e443,e2-run3,REDACTED,478,7.967
6a3871cb890ba33d9f65e443,e2-run3,REDACTED,204,3.400
6a3871cb890ba33d9f65e443,e2-run3,REDACTED,234,3.900
6a3871cb890ba33d9f65e443,e2-run3,REDACTED,79,1.317
6a3871cb890ba33d9f65e443,e2-run3,REDACTED,161,2.683
6a3871cb890ba33d9f65e443,e2-run3,REDACTED,183,3.050
6a3871cb890ba33d9f65e443,e2-run3,REDACTED,303,5.050
6a3871cb890ba33d9f65e443,e2-run3,REDACTED,127,2.117
6a3871cb890ba33d9f65e443,e2-run3,REDACTED,603,10.050
6a3871cb890ba33d9f65e443,e2-run3,REDACTED,130,2.167
6a3871cb890ba33d9f65e443,e2-run3,REDACTED,240,4.000
6a3871cb890ba33d9f65e443,e2-run3,REDACTED,183,3.050
6a3871cb890ba33d9f65e443,e2-run3,REDACTED,174,2.900
6a3871cb890ba33d9f65e443,e2-run3,REDACTED,208,3.467
6a3871cb890ba33d9f65e443,e2-run3,REDACTED,407,6.783
6a3871cb890ba33d9f65e443,e2-run3,REDACTED,140,2.333
6a3871cb890ba33d9f65e443,e2-run3,REDACTED,101,1.683
6a3871cb890ba33d9f65e443,e2-run3,REDACTED,130,2.167
6a3871cb890ba33d9f65e443,e2-run3,REDACTED,180,3.000
6a3871cb890ba33d9f65e443,e2-run3,REDACTED,113,1.883
6a3871cb890ba33d9f65e443,e2-run3,REDACTED,107,1.783
6a3871cb890ba33d9f65e443,e2-run3,REDACTED,136,2.267
6a3871cb890ba33d9f65e443,e2-run3,REDACTED,53,0.883
6a3871cb890ba33d9f65e443,e2-run3,REDACTED,90,1.500
6a3871cb890ba33d9f65e443,e2-run3,REDACTED,346,5.767
6a3871cb890ba33d9f65e443,e2-run3,REDACTED,113,1.883
6a3871cb890ba33d9f65e443,e2-run3,REDACTED,131,2.183
6a3873099b799ed61e0c93b3,e3-run1,REDACTED,157,2.617
6a3873099b799ed61e0c93b3,e3-run1,REDACTED,125,2.083
6a3873099b799ed61e0c93b3,e3-run1,REDACTED,105,1.750
6a3873099b799ed61e0c93b3,e3-run1,REDACTED,141,2.350
6a3873099b799ed61e0c93b3,e3-run1,REDACTED,182,3.033
6a3873099b799ed61e0c93b3,e3-run1,REDACTED,156,2.600
6a3873099b799ed61e0c93b3,e3-run1,REDACTED,120,2.000
6a3873099b799ed61e0c93b3,e3-run1,REDACTED,108,1.800
6a3873099b799ed61e0c93b3,e3-run1,REDACTED,189,3.150
6a3873099b799ed61e0c93b3,e3-run1,REDACTED,245,4.083
6a3873099b799ed61e0c93b3,e3-run1,REDACTED,124,2.067
6a3873099b799ed61e0c93b3,e3-run1,REDACTED,189,3.150
6a3873099b799ed61e0c93b3,e3-run1,REDACTED,262,4.367
6a3873099b799ed61e0c93b3,e3-run1,REDACTED,765,12.750
6a3873099b799ed61e0c93b3,e3-run1,REDACTED,206,3.433
6a3873099b799ed61e0c93b3,e3-run1,REDACTED,171,2.850
6a3873099b799ed61e0c93b3,e3-run1,REDACTED,398,6.633
6a3873099b799ed61e0c93b3,e3-run1,REDACTED,171,2.850
6a3873099b799ed61e0c93b3,e3-run1,REDACTED,301,5.017
6a3873099b799ed61e0c93b3,e3-run1,REDACTED,865,14.417
6a3873099b799ed61e0c93b3,e3-run1,REDACTED,169,2.817
6a3873099b799ed61e0c93b3,e3-run1,REDACTED,142,2.367
6a3873099b799ed61e0c93b3,e3-run1,REDACTED,106,1.767
6a3873099b799ed61e0c93b3,e3-run1,REDACTED,164,2.733
6a3873099b799ed61e0c93b3,e3-run1,REDACTED,102,1.700
6a3873099b799ed61e0c93b3,e3-run1,REDACTED,211,3.517
6a3873099b799ed61e0c93b3,e3-run1,REDACTED,118,1.967
6a3873099b799ed61e0c93b3,e3-run1,REDACTED,230,3.833
6a3873099b799ed61e0c93b3,e3-run1,REDACTED,206,3.433
6a3873099b799ed61e0c93b3,e3-run1,REDACTED,501,8.350
6a3873099b799ed61e0c93b3,e3-run1,REDACTED,298,4.967
6a3873099b799ed61e0c93b3,e3-run1,REDACTED,95,1.583
6a3873099b799ed61e0c93b3,e3-run1,REDACTED,171,2.850
6a3873099b799ed61e0c93b3,e3-run1,REDACTED,144,2.400
6a3873099b799ed61e0c93b3,e3-run1,REDACTED,141,2.350
6a3873099b799ed61e0c93b3,e3-run1,REDACTED,131,2.183
6a3873099b799ed61e0c93b3,e3-run1,REDACTED,148,2.467
6a3873099b799ed61e0c93b3,e3-run1,REDACTED,271,4.517
6a3873099b799ed61e0c93b3,e3-run1,REDACTED,130,2.167
6a3873099b799ed61e0c93b3,e3-run1,REDACTED,163,2.717
6a38924f2c361be7ef1bb5b4,e3-run3,REDACTED,208,3.467
6a38924f2c361be7ef1bb5b4,e3-run3,REDACTED,229,3.817
6a38924f2c361be7ef1bb5b4,e3-run3,REDACTED,255,4.250
6a38924f2c361be7ef1bb5b4,e3-run3,REDACTED,154,2.567
6a38924f2c361be7ef1bb5b4,e3-run3,REDACTED,154,2.567
6a38924f2c361be7ef1bb5b4,e3-run3,REDACTED,352,5.867
6a38924f2c361be7ef1bb5b4,e3-run3,REDACTED,194,3.233
6a38924f2c361be7ef1bb5b4,e3-run3,REDACTED,256,4.267
6a38924f2c361be7ef1bb5b4,e3-run3,REDACTED,122,2.033
6a38924f2c361be7ef1bb5b4,e3-run3,REDACTED,53,0.883
6a38924f2c361be7ef1bb5b4,e3-run3,REDACTED,229,3.817
6a38924f2c361be7ef1bb5b4,e3-run3,REDACTED,238,3.967
6a38924f2c361be7ef1bb5b4,e3-run3,REDACTED,351,5.850
6a38924f2c361be7ef1bb5b4,e3-run3,REDACTED,213,3.550
6a38924f2c361be7ef1bb5b4,e3-run3,REDACTED,120,2.000
6a38924f2c361be7ef1bb5b4,e3-run3,REDACTED,94,1.567
6a38924f2c361be7ef1bb5b4,e3-run3,REDACTED,135,2.250
6a38924f2c361be7ef1bb5b4,e3-run3,REDACTED,175,2.917
6a38924f2c361be7ef1bb5b4,e3-run3,REDACTED,134,2.233
6a38924f2c361be7ef1bb5b4,e3-run3,REDACTED,301,5.017
6a38924f2c361be7ef1bb5b4,e3-run3,REDACTED,103,1.717
6a38924f2c361be7ef1bb5b4,e3-run3,REDACTED,124,2.067
6a38924f2c361be7ef1bb5b4,e3-run3,REDACTED,132,2.200
6a38924f2c361be7ef1bb5b4,e3-run3,REDACTED,407,6.783
6a38924f2c361be7ef1bb5b4,e3-run3,REDACTED,124,2.067
6a38924f2c361be7ef1bb5b4,e3-run3,REDACTED,247,4.117
6a38924f2c361be7ef1bb5b4,e3-run3,REDACTED,226,3.767
6a38924f2c361be7ef1bb5b4,e3-run3,REDACTED,179,2.983
6a38924f2c361be7ef1bb5b4,e3-run3,REDACTED,156,2.600
6a38924f2c361be7ef1bb5b4,e3-run3,REDACTED,338,5.633
6a38924f2c361be7ef1bb5b4,e3-run3,REDACTED,144,2.400
6a38924f2c361be7ef1bb5b4,e3-run3,REDACTED,234,3.900
6a38924f2c361be7ef1bb5b4,e3-run3,REDACTED,64,1.067
6a38924f2c361be7ef1bb5b4,e3-run3,REDACTED,264,4.400
6a38924f2c361be7ef1bb5b4,e3-run3,REDACTED,425,7.083
6a38924f2c361be7ef1bb5b4,e3-run3,REDACTED,121,2.017
6a38924f2c361be7ef1bb5b4,e3-run3,REDACTED,109,1.817
6a38924f2c361be7ef1bb5b4,e3-run3,REDACTED,264,4.400
6a38924f2c361be7ef1bb5b4,e3-run3,REDACTED,366,6.100
6a38924f2c361be7ef1bb5b4,e3-run3,REDACTED,162,2.700
6a38975bce082a2649e50cd3,e3-run2,REDACTED,118,1.967
6a38975bce082a2649e50cd3,e3-run2,REDACTED,182,3.033
6a38975bce082a2649e50cd3,e3-run2,REDACTED,135,2.250
6a38975bce082a2649e50cd3,e3-run2,REDACTED,182,3.033
6a38975bce082a2649e50cd3,e3-run2,REDACTED,725,12.083
6a38975bce082a2649e50cd3,e3-run2,REDACTED,226,3.767
6a38975bce082a2649e50cd3,e3-run2,REDACTED,358,5.967
6a38975bce082a2649e50cd3,e3-run2,REDACTED,248,4.133
6a38975bce082a2649e50cd3,e3-run2,REDACTED,142,2.367
6a38975bce082a2649e50cd3,e3-run2,REDACTED,100,1.667
6a38975bce082a2649e50cd3,e3-run2,REDACTED,157,2.617
6a38975bce082a2649e50cd3,e3-run2,REDACTED,156,2.600
6a38975bce082a2649e50cd3,e3-run2,REDACTED,155,2.583
6a38975bce082a2649e50cd3,e3-run2,REDACTED,349,5.817
6a38975bce082a2649e50cd3,e3-run2,REDACTED,162,2.700
6a38975bce082a2649e50cd3,e3-run2,REDACTED,120,2.000
6a38975bce082a2649e50cd3,e3-run2,REDACTED,160,2.667
6a38975bce082a2649e50cd3,e3-run2,REDACTED,108,1.800
6a38975bce082a2649e50cd3,e3-run2,REDACTED,200,3.333
6a38975bce082a2649e50cd3,e3-run2,REDACTED,173,2.883
6a38975bce082a2649e50cd3,e3-run2,REDACTED,204,3.400
6a38975bce082a2649e50cd3,e3-run2,REDACTED,166,2.767
6a38975bce082a2649e50cd3,e3-run2,REDACTED,150,2.500
6a38975bce082a2649e50cd3,e3-run2,REDACTED,121,2.017
6a38975bce082a2649e50cd3,e3-run2,REDACTED,193,3.217
6a38975bce082a2649e50cd3,e3-run2,REDACTED,164,2.733
6a38975bce082a2649e50cd3,e3-run2,REDACTED,71,1.183
6a38975bce082a2649e50cd3,e3-run2,REDACTED,227,3.783
6a38975bce082a2649e50cd3,e3-run2,REDACTED,121,2.017
6a38975bce082a2649e50cd3,e3-run2,REDACTED,73,1.217
6a38975bce082a2649e50cd3,e3-run2,REDACTED,119,1.983
6a38975bce082a2649e50cd3,e3-run2,REDACTED,132,2.200
6a38975bce082a2649e50cd3,e3-run2,REDACTED,94,1.567
6a38975bce082a2649e50cd3,e3-run2,REDACTED,73,1.217
6a38975bce082a2649e50cd3,e3-run2,REDACTED,184,3.067
6a38975bce082a2649e50cd3,e3-run2,REDACTED,249,4.150
6a38975bce082a2649e50cd3,e3-run2,REDACTED,234,3.900
6a38975bce082a2649e50cd3,e3-run2,REDACTED,165,2.750
6a38975bce082a2649e50cd3,e3-run2,REDACTED,138,2.300
6a38975bce082a2649e50cd3,e3-run2,REDACTED,122,2.033
